amount,account_age_days,previous_orders,failed_payments,new_device,transactions_last_hour,location_changed,delivery_completed,chargeback
1802.11,10,6,2,0,0,0,1,0
955.02,765,2,4,1,1,0,1,1
2095.8,289,5,0,0,3,0,0,0
5029.27,365,4,3,1,3,0,1,0
867.7,213,5,0,1,2,0,0,1
867.71,37,5,0,0,2,0,1,0
5319.92,5,1,1,1,5,0,1,1
2362.4,359,7,2,0,2,1,1,0
685.76,90,3,1,1,4,0,1,0
1886.65,55,4,0,0,0,1,1,0
689.92,148,2,0,1,0,0,1,0
688.33,98,5,3,1,4,0,1,0
1396.83,189,4,0,1,2,0,1,0
161.86,119,6,0,0,3,0,1,0
195.41,215,2,1,1,2,0,1,0
624.98,345,2,1,1,2,0,0,1
398.29,39,7,0,0,2,0,1,0
1501.54,71,2,0,0,1,1,1,0
442.29,103,7,0,0,3,0,0,0
267.12,588,2,1,0,1,0,1,0
4748.81,81,7,2,0,1,1,1,0
875.0,86,7,1,0,4,0,1,0
1173.24,190,6,0,1,0,0,1,0
263.82,97,7,1,0,3,0,1,0
636.27,543,7,0,1,2,0,1,0
1225.28,404,4,0,0,2,1,0,0
346.89,129,4,1,0,3,0,1,0
1596.71,186,2,4,0,0,0,0,1
601.46,10,3,0,0,2,0,1,0
819.18,214,4,0,1,2,1,1,0
600.82,221,5,1,0,3,0,1,0
6990.3,80,3,0,0,1,0,0,0
1081.93,44,4,1,1,1,0,1,0
380.81,443,2,2,0,1,0,1,0
2496.25,100,6,1,0,4,0,1,0
323.49,190,4,0,0,1,0,0,0
1351.36,6,3,4,0,1,1,1,1
154.52,96,7,0,0,2,0,1,0
290.56,305,5,5,0,3,0,1,0
1335.23,88,9,1,1,2,1,1,0
2294.95,166,7,0,0,2,0,1,0
1301.62,42,3,0,0,4,0,1,0
976.87,96,4,0,0,0,0,1,0
811.51,472,8,2,0,2,0,1,0
250.0,150,7,0,0,2,0,0,0
533.87,417,5,0,0,2,0,1,0
691.84,418,3,1,1,2,0,1,0
3156.19,519,6,2,0,3,0,1,0
1546.3,406,2,0,0,2,0,0,1
188.1,1,11,2,0,0,0,1,0
1516.38,489,4,1,0,2,0,1,0
746.14,26,7,1,0,2,0,1,0
557.29,7,7,0,1,1,0,1,0
2021.66,10,6,0,0,6,0,1,0
3074.81,77,7,0,0,2,0,1,0
2782.99,174,4,1,0,1,0,1,0
473.8,92,2,2,0,0,0,1,0
804.96,4,8,0,0,4,1,1,0
1527.31,116,5,1,0,1,0,1,0
2908.94,105,5,3,0,1,0,0,1
679.14,254,3,0,0,3,0,1,0
910.82,59,4,1,0,3,0,1,0
362.73,44,2,0,1,1,0,1,0
331.55,53,7,0,0,0,0,1,0
2471.36,65,6,0,0,2,0,1,0
4256.66,164,1,0,0,2,1,1,0
1020.44,114,4,3,1,2,0,1,0
2991.51,73,6,0,0,3,1,0,0
1574.41,84,7,0,1,3,0,1,0
575.29,83,6,0,0,2,0,1,0
1574.03,646,4,1,0,2,0,1,0
5105.31,47,4,1,1,3,1,1,0
1058.04,306,10,1,0,3,0,0,0
5242.97,221,5,2,0,0,1,1,0
79.86,1,8,2,0,5,0,1,0
2494.65,897,8,2,0,0,0,0,0
1196.37,254,3,0,0,2,0,1,0
813.21,206,6,2,0,3,0,1,0
1202.02,93,7,0,0,3,0,1,0
150.27,145,6,1,0,1,0,1,0
880.36,52,5,1,0,2,0,1,0
1567.3,6,6,1,0,0,0,1,0
4807.32,325,2,0,0,1,0,1,0
653.1,408,4,2,0,2,0,1,0
488.58,31,4,1,0,1,0,1,0
663.97,278,2,1,0,0,0,1,0
2739.15,243,3,0,0,5,0,1,0
1523.48,35,5,1,0,3,0,1,0
645.64,98,5,2,0,2,0,1,0
1832.19,98,5,1,0,4,0,1,0
1208.43,256,8,3,0,1,0,1,0
2888.94,327,3,1,0,1,0,1,0
543.45,17,3,1,0,2,0,1,0
790.24,148,5,2,0,1,1,1,0
740.92,258,1,2,0,1,0,1,0
253.78,277,5,2,0,1,0,1,0
1474.57,28,5,0,0,4,0,1,0
1423.76,134,3,1,0,2,0,1,0
1102.26,350,4,1,0,6,0,1,0
867.32,69,5,0,1,3,0,1,0
266.3,99,4,2,0,3,0,1,0
720.07,293,8,1,0,3,0,1,0
778.43,16,3,1,0,4,0,1,0
491.63,353,5,1,1,2,0,1,0
933.29,67,7,0,0,3,1,1,0
1642.63,1,8,0,0,3,0,1,0
7231.39,48,5,2,1,0,1,1,0
1305.81,16,1,1,1,4,0,1,0
1418.78,17,4,0,0,3,0,1,0
1017.96,212,3,0,0,2,0,1,0
160.97,43,4,1,0,6,0,1,0
1067.94,491,4,3,1,2,0,1,0
1164.71,130,1,0,0,2,0,1,0
12877.57,110,3,0,0,3,1,1,0
904.73,102,10,1,0,2,0,1,0
1482.59,212,2,1,0,1,0,0,0
1059.22,108,4,0,0,1,0,1,0
340.81,24,5,2,1,1,0,1,0
3438.61,381,8,1,0,1,0,1,0
2326.06,100,4,2,0,4,0,1,0
2418.81,13,2,1,0,2,0,1,0
441.69,135,2,0,0,0,1,1,0
4459.51,187,5,0,0,1,0,1,0
269.93,58,4,0,0,1,1,1,0
1972.11,290,4,0,1,3,0,0,0
9803.12,199,7,2,0,0,0,1,0
407.26,189,5,1,0,4,0,1,0
622.47,98,3,2,1,5,0,0,1
1211.54,588,2,1,0,1,0,1,0
662.83,57,4,0,0,2,0,1,0
232.6,155,5,1,0,3,0,1,0
1174.46,66,4,2,0,1,0,1,0
379.06,245,3,2,1,3,0,1,0
1760.92,8,5,2,0,0,0,1,0
437.28,8,4,0,0,2,0,1,0
5166.42,299,7,0,0,5,0,0,0
501.07,102,8,1,0,4,0,1,0
794.68,75,5,2,0,1,1,1,0
2473.82,168,3,0,0,0,0,0,0
320.26,217,7,1,0,3,0,1,0
1376.72,40,8,0,0,2,0,0,0
4052.72,36,7,2,0,1,0,1,0
219.76,571,6,1,0,2,1,1,0
1319.01,160,6,1,0,1,0,1,0
1422.09,89,1,1,0,2,0,1,0
2396.64,291,3,1,0,0,0,1,0
318.32,134,3,3,1,2,0,1,0
292.82,49,4,0,0,3,0,1,0
1848.15,41,2,0,0,3,1,1,0
1475.84,91,10,0,0,3,0,1,0
1408.8,353,4,1,0,1,1,1,0
1550.68,11,4,2,0,2,0,1,0
555.56,44,7,0,1,4,0,1,0
1383.34,402,3,0,1,1,0,1,0
1470.08,23,4,1,0,1,0,1,0
536.81,178,5,0,0,3,0,1,0
7085.28,43,7,0,0,2,0,0,0
1761.34,167,6,1,1,0,0,1,0
333.18,86,4,0,1,5,0,1,0
2114.46,19,4,0,1,5,0,0,0
413.77,157,6,1,0,5,0,1,0
2409.28,206,2,0,0,3,0,1,0
3493.28,205,3,1,1,3,0,1,0
482.66,182,6,1,0,3,1,1,0
2873.76,124,2,1,1,0,0,1,0
1657.03,131,4,2,0,4,0,0,0
2495.04,181,4,2,0,0,0,1,0
7308.5,210,6,0,1,2,1,1,0
858.01,191,5,1,0,1,0,1,0
516.08,159,4,0,1,2,0,1,0
450.56,30,5,2,0,1,0,1,0
485.02,42,9,2,0,2,0,1,0
1015.26,54,9,1,0,2,0,1,0
1542.49,453,8,0,0,1,0,1,0
1446.19,256,7,0,0,1,0,1,0
2507.86,144,6,3,1,1,1,1,0
1110.98,52,5,3,0,3,0,1,0
4691.62,21,3,0,0,1,1,1,0
841.63,412,4,2,0,2,0,1,0
16650.06,401,6,3,0,2,0,1,0
2050.15,21,2,2,0,0,1,1,0
465.37,287,5,1,0,1,0,1,0
375.82,106,2,0,0,2,0,1,0
1776.63,70,0,1,0,1,0,1,0
877.03,241,9,2,0,2,0,1,0
2239.48,171,2,0,0,2,0,1,0
1760.3,272,6,1,0,1,0,1,0
1019.61,13,5,1,0,3,0,1,0
470.22,69,6,0,0,2,0,1,0
241.09,69,7,1,1,1,0,0,0
701.69,72,6,2,1,2,0,1,0
2582.2,125,4,0,0,2,0,1,0
1358.44,59,5,0,0,1,0,1,0
315.53,105,7,0,1,2,0,1,0
1303.99,82,4,0,0,2,0,1,0
1612.14,239,2,0,0,3,0,1,0
453.11,166,5,1,0,3,0,1,0
1278.86,190,6,1,0,1,0,1,0
1162.36,42,6,2,0,1,1,1,0
349.68,70,4,1,0,2,0,1,0
1568.36,3,2,0,0,3,0,1,0
1921.35,20,5,3,0,0,0,1,0
3239.1,55,5,2,0,4,0,0,0
3145.73,12,5,3,0,1,0,1,0
276.53,166,2,2,1,2,1,1,0
429.31,1130,6,2,1,0,0,1,0
1835.43,19,4,0,1,2,0,1,0
1833.14,309,1,1,1,1,0,1,0
1835.46,22,5,1,0,1,0,1,0
51675.11,199,8,0,0,0,0,1,0
1940.87,185,8,2,0,1,0,1,0
3413.75,419,5,1,1,1,1,1,0
2846.94,21,7,2,0,1,0,1,0
2103.57,68,8,0,0,3,0,0,0
800.1,17,1,1,0,1,0,1,0
2342.49,94,4,2,0,1,0,1,0
506.32,436,5,1,0,3,0,1,0
865.39,273,1,1,0,1,0,1,0
674.95,231,7,2,1,3,1,1,1
1190.2,137,3,0,1,2,0,1,1
11099.54,386,3,0,1,2,0,1,0
169.48,107,3,5,0,2,0,1,0
2178.21,29,9,1,0,0,0,1,0
218.61,327,4,0,0,2,0,1,0
684.08,59,3,1,0,1,1,1,0
3258.27,9,1,3,0,2,0,1,0
1169.44,24,5,3,1,3,0,1,0
373.25,169,4,0,0,2,0,1,0
536.3,168,5,2,0,2,0,1,0
2163.75,54,8,1,0,7,0,1,0
528.28,233,2,0,0,2,0,1,0
1361.66,267,2,1,0,5,0,1,0
1147.76,455,2,1,0,2,0,1,0
571.58,158,1,1,1,1,0,1,0
9357.6,272,8,1,1,3,0,1,0
2067.14,251,11,5,0,3,0,1,0
144.73,53,2,1,1,3,0,0,0
1321.41,66,3,0,0,3,0,1,0
565.78,117,2,0,0,3,0,1,0
2571.99,3,7,0,1,1,0,1,1
496.45,63,9,0,0,5,0,1,0
977.76,115,4,0,0,2,0,0,0
1817.08,20,4,1,1,1,0,1,0
2606.48,24,5,2,0,1,0,1,0
330.2,111,2,0,1,0,0,1,0
784.85,236,7,1,0,3,1,1,0
682.02,322,4,0,1,2,0,1,0
570.59,142,6,1,0,2,1,1,0
6408.97,115,5,1,0,7,0,1,0
1644.15,87,5,1,1,0,1,1,0
310.79,38,2,0,0,2,0,1,0
2745.89,28,6,0,0,0,0,1,0
9155.92,282,8,0,0,4,0,1,0
3079.32,112,5,1,1,2,0,1,0
240.0,281,3,2,0,6,0,1,0
675.71,219,5,4,0,0,0,1,0
3892.91,38,9,2,0,2,0,1,0
540.41,128,2,0,0,2,0,1,0
1709.27,105,7,1,0,1,0,1,0
2379.47,99,4,1,0,4,0,1,0
434.01,140,7,0,1,4,0,1,0
1033.26,723,8,1,1,0,0,1,0
42.89,301,3,0,0,1,0,1,0
393.71,421,3,4,0,1,0,1,0
851.87,5,7,0,0,5,0,1,0
314.89,27,6,0,0,3,0,1,0
5610.59,15,8,1,1,1,1,1,0
262.4,54,8,1,0,1,1,1,0
706.24,104,4,1,0,3,0,1,0
1249.8,184,5,2,0,2,0,0,0
4634.45,125,6,0,0,4,0,1,0
260.9,420,3,0,0,3,0,1,0
3509.27,505,4,1,1,8,0,1,0
1107.91,32,6,1,0,0,1,1,0
410.96,345,5,1,0,2,0,1,0
1740.81,118,5,0,0,1,0,1,0
1338.17,108,6,0,0,2,0,1,0
601.71,276,6,0,0,2,1,1,0
1175.92,17,4,0,0,1,0,1,0
745.97,385,9,1,0,1,0,1,0
1228.46,200,6,1,0,1,0,1,0
2126.28,374,0,1,0,2,0,1,0
5356.24,935,2,0,1,1,0,1,0
318.04,131,5,1,0,1,1,1,0
9256.06,17,1,0,1,2,0,1,0
155.7,32,5,1,0,3,0,1,0
942.2,70,3,0,0,4,0,1,0
1974.99,19,5,5,0,3,1,1,0
1452.43,304,7,1,0,4,0,1,0
588.34,63,7,1,0,1,1,1,0
890.58,670,6,0,0,1,0,1,0
669.81,218,6,1,0,0,0,1,0
608.28,34,1,0,0,1,0,1,0
2564.71,116,7,2,0,1,0,0,0
1567.15,113,6,0,0,5,0,1,0
548.45,122,5,0,1,1,0,1,0
2696.2,138,3,0,0,3,1,1,0
1491.14,5,6,1,0,3,1,1,0
2472.2,208,3,1,0,3,0,1,0
2058.29,120,3,1,0,0,1,0,0
478.67,281,7,1,0,7,0,1,0
626.29,304,4,2,1,1,0,1,0
2315.3,47,3,1,0,2,0,1,0
2019.03,8,5,2,0,4,0,1,0
1073.95,218,5,1,0,1,1,1,0
1233.15,685,4,1,0,3,1,1,0
3935.0,106,6,0,1,1,1,1,0
606.94,54,3,0,0,1,0,1,0
1895.23,30,3,2,0,1,0,1,0
895.88,61,8,1,0,0,0,1,0
882.11,71,3,0,0,2,1,1,0
3290.44,99,8,0,0,2,0,0,0
2503.43,191,4,0,1,1,0,1,0
2473.8,57,7,1,0,3,1,1,0
4045.98,9,3,1,0,1,0,1,0
1119.91,84,3,1,0,1,0,1,0
2168.85,348,3,0,0,1,0,1,0
804.11,124,7,2,0,5,1,1,0
1516.51,602,7,2,0,4,0,1,0
962.81,126,3,2,1,4,0,1,0
1208.33,58,0,1,0,1,0,1,0
1988.54,38,3,3,0,1,0,1,0
483.85,213,5,2,0,3,0,1,0
8887.38,138,2,1,0,1,0,1,0
401.01,166,7,1,0,0,0,1,0
325.65,253,6,2,0,5,0,1,0
3491.58,232,5,0,0,0,0,1,0
2420.34,7,4,1,1,3,0,1,0
2046.98,292,9,1,1,0,0,1,0
2055.65,136,6,1,0,4,0,0,0
1083.28,89,4,0,0,3,0,1,0
447.08,138,5,2,0,1,0,1,0
1182.99,170,10,2,0,2,1,1,0
557.15,29,4,1,0,5,0,1,0
2907.71,97,3,0,0,2,0,1,0
946.66,73,7,1,0,3,0,1,0
480.34,77,10,1,0,2,1,1,0
795.22,17,5,1,0,1,0,1,0
1657.28,31,3,1,0,0,0,1,0
624.08,31,3,1,0,1,1,1,0
481.92,84,5,1,0,3,1,1,0
1399.24,404,8,0,0,0,1,1,0
1401.04,41,5,3,0,2,0,1,0
660.54,96,3,1,0,1,0,1,0
684.69,67,4,0,0,3,0,1,0
1383.05,278,4,0,0,4,0,1,0
257.73,9,6,2,0,3,0,1,0
268.42,39,4,1,0,3,0,1,0
534.62,42,5,0,0,2,0,1,0
885.85,892,6,3,1,3,0,1,0
1496.53,152,5,0,0,5,1,1,0
4795.13,26,7,2,0,4,0,1,0
2585.46,57,6,1,0,3,1,1,0
934.55,33,6,0,0,1,1,1,0
1075.98,23,5,0,0,1,0,0,0
402.41,287,3,3,0,0,0,1,0
1076.52,123,5,0,0,1,0,1,0
821.67,179,4,4,0,1,0,1,0
1514.32,72,3,2,0,2,0,1,0
479.51,145,3,0,0,3,0,0,0
1843.36,53,4,0,1,0,0,1,0
5078.34,66,5,0,0,1,1,1,0
983.62,190,3,0,1,4,0,1,0
1638.79,29,4,1,0,1,0,1,0
2186.69,172,2,0,0,4,0,0,0
734.2,344,2,3,1,3,0,1,0
1372.09,23,2,3,0,3,0,1,0
1110.53,409,4,0,0,0,0,1,0
1209.15,14,1,3,0,3,1,1,0
506.23,77,6,1,0,2,0,1,0
1123.84,169,9,0,0,2,0,1,0
1804.43,147,7,2,0,0,0,1,0
4680.42,18,7,2,0,1,0,1,0
2861.99,288,3,2,0,4,0,1,0
9444.45,651,6,0,0,4,0,1,0
509.1,35,4,0,0,5,1,1,0
2623.65,405,9,0,0,2,0,1,0
1317.3,146,7,4,1,2,0,1,0
9796.72,494,5,0,0,0,1,1,0
488.68,34,2,2,0,5,0,1,0
473.56,282,4,2,0,3,0,1,0
602.21,11,4,0,0,1,0,1,0
131.12,386,1,0,1,1,0,1,0
648.23,201,10,1,0,6,0,1,0
513.3,83,5,1,1,4,0,1,0
1274.61,38,7,2,0,2,0,1,0
1543.42,305,4,2,1,2,0,1,0
7159.32,166,6,0,0,2,1,1,0
2836.78,80,2,1,0,1,1,1,0
615.91,105,8,1,0,1,0,1,0
446.57,315,4,1,0,2,0,1,0
1793.49,74,3,1,0,0,0,1,0
292.88,16,4,2,1,3,1,1,0
6846.27,436,5,0,0,0,0,1,0
3566.86,88,3,1,0,2,0,0,0
685.96,77,4,1,0,1,0,1,0
197.72,41,3,2,0,0,1,1,0
4246.59,409,3,1,0,6,1,1,0
977.95,44,7,1,0,4,0,0,0
3781.27,182,5,1,1,2,0,1,0
222.64,382,6,1,0,3,0,1,0
602.22,6,9,1,0,3,0,1,0
1102.4,317,7,2,0,4,0,1,0
1149.38,95,6,2,0,3,0,1,0
699.2,193,8,1,0,1,0,1,0
2044.38,83,3,0,0,1,0,1,0
377.05,214,7,1,0,4,0,1,0
951.1,52,5,2,0,1,0,1,0
1236.82,3,10,2,0,1,0,0,0
1834.34,531,5,2,0,2,0,1,0
2234.15,2,8,2,0,3,0,1,0
356.15,312,11,0,0,4,0,1,0
236.49,33,4,2,0,3,0,1,0
3935.04,89,4,1,1,2,0,0,0
1528.92,311,5,2,0,1,1,1,0
518.8,41,4,1,0,2,0,1,0
5172.71,361,5,0,0,1,0,1,0
1231.11,123,5,3,0,3,1,1,0
3566.35,82,12,1,0,2,0,1,0
1173.23,195,4,0,1,2,1,0,1
8610.59,75,1,0,1,3,0,0,0
6344.48,76,7,1,0,1,0,1,0
854.94,238,5,3,1,3,0,1,0
2897.41,66,3,0,1,1,0,1,0
2090.95,40,3,0,0,4,0,1,0
4309.73,296,3,1,0,1,0,1,0
417.83,294,6,1,1,0,0,1,0
2177.76,123,7,0,0,2,0,1,0
3160.31,134,6,1,0,3,0,1,0
188.91,214,8,4,0,4,0,1,0
335.88,128,7,1,0,2,1,1,0
142.7,97,4,0,0,4,1,1,0
837.64,949,4,1,1,0,0,1,0
2247.43,28,5,1,0,1,0,1,0
4926.37,161,3,1,0,5,0,1,0
1180.97,390,4,2,0,2,0,1,0
5589.33,209,2,0,0,4,1,1,0
275.86,383,4,1,0,4,1,0,0
199.66,73,4,0,0,1,0,1,0
1037.38,57,6,1,0,2,0,1,0
1610.12,343,12,0,0,1,0,1,0
1061.36,90,4,3,1,2,0,1,0
138.73,222,1,1,0,2,1,1,0
1003.13,28,2,0,0,0,0,1,0
297.53,253,7,2,0,1,0,1,0
2142.38,143,3,1,0,5,0,1,0
1582.24,56,6,1,1,4,0,1,0
428.43,122,4,1,1,1,0,1,0
655.98,214,2,1,1,0,0,0,0
380.23,2,6,0,0,4,0,0,0
1030.01,182,7,1,0,3,0,1,0
2850.19,140,3,0,1,0,0,1,0
409.23,44,5,1,0,3,1,1,1
1815.37,251,6,0,0,3,1,1,0
645.32,65,9,0,1,3,0,1,0
496.27,58,6,2,0,2,0,1,0
985.32,114,6,0,0,3,0,1,0
389.46,202,3,0,1,1,0,1,0
630.4,475,4,0,0,2,0,1,0
331.0,27,6,1,0,4,1,1,0
7822.23,90,3,1,0,6,0,1,0
1135.99,12,4,1,0,1,0,1,0
544.72,255,5,0,0,2,0,1,0
1358.29,106,7,2,0,1,0,1,0
980.12,220,6,2,0,2,1,1,0
879.22,70,8,1,1,2,0,0,0
2026.71,334,5,0,0,3,0,1,0
2339.07,137,3,2,0,1,1,1,0
645.16,517,5,2,1,0,0,0,0
616.58,14,3,1,0,1,0,1,0
832.93,129,4,1,0,3,0,0,0
109.74,261,1,1,0,1,1,1,0
241.0,165,3,2,0,0,0,1,0
4302.17,4,2,1,0,1,0,1,0
5681.48,645,4,0,0,5,1,1,0
854.88,63,4,1,0,0,0,1,0
1951.9,51,3,1,0,1,0,1,0
1497.05,119,1,1,0,5,0,1,0
23834.3,140,4,1,0,3,0,1,0
3359.59,261,2,0,0,5,0,1,0
964.96,89,3,1,0,4,0,1,0
421.77,104,1,3,0,4,0,0,0
219.98,137,5,1,0,2,0,1,0
1344.08,90,6,1,0,4,0,1,0
514.73,442,8,1,1,1,0,1,0
264.47,342,5,1,1,4,0,1,0
574.46,109,3,2,0,4,0,1,0
371.84,1,7,0,1,0,0,1,0
5926.22,416,7,1,0,2,0,0,0
2648.21,23,4,1,0,0,0,1,0
1087.92,50,4,2,0,2,0,1,0
4817.18,29,5,0,0,1,0,1,0
1184.85,35,4,1,0,0,1,1,0
463.46,292,4,1,0,1,0,1,0
5029.74,155,5,1,0,2,0,1,0
1879.78,562,4,1,0,2,0,1,0
388.68,47,1,0,0,1,0,1,0
906.56,119,5,0,0,0,0,1,0
456.86,682,3,2,0,0,0,0,0
275.12,315,6,1,0,3,0,1,0
2768.82,234,7,3,0,0,0,1,0
7401.34,37,3,4,1,2,0,1,0
270.81,264,4,2,0,2,0,1,0
1925.55,76,5,2,1,2,0,1,0
572.12,136,5,0,1,4,0,1,0
673.76,169,5,2,0,2,1,1,0
606.44,169,5,0,0,3,1,1,0
462.21,233,3,0,1,4,1,1,0
1151.16,195,5,0,0,4,0,1,0
477.73,12,3,0,0,3,0,1,1
1437.21,110,4,0,0,0,1,1,0
1042.9,196,7,1,0,2,0,1,0
863.55,63,5,0,0,5,0,1,0
442.5,67,5,0,0,0,1,1,0
615.99,23,2,1,0,2,0,1,0
2334.12,97,6,2,1,3,0,1,0
1809.7,779,2,2,0,2,1,1,0
412.59,60,1,1,0,4,0,1,0
1211.16,136,4,1,0,2,0,1,0
2324.79,244,5,0,0,2,0,1,0
206.56,2,6,3,0,3,0,1,1
1888.16,415,8,0,0,2,0,1,0
565.31,87,5,1,0,1,0,1,0
1940.3,366,9,0,0,2,0,1,0
511.19,7,2,2,0,3,0,1,0
180.39,28,3,1,0,2,0,1,0
215.39,70,3,2,0,2,0,1,0
1150.65,76,6,1,0,4,0,1,0
1421.86,338,13,0,0,2,0,1,0
443.94,2,4,1,0,1,0,1,0
2076.82,184,6,0,0,2,0,0,0
208.2,25,5,0,0,0,1,1,0
1026.51,311,3,3,0,3,0,1,0
326.68,271,4,0,0,3,0,1,0
571.44,124,9,1,0,1,0,0,0
1149.86,43,4,1,1,1,0,1,0
463.86,181,2,1,1,4,0,1,0
746.54,30,6,1,0,2,0,1,0
2999.78,37,5,0,0,6,0,1,0
615.91,177,5,4,0,3,0,1,0
2529.29,852,9,1,1,2,0,1,0
354.35,399,6,3,0,1,0,1,0
1862.74,161,3,1,0,2,0,1,0
4635.82,139,5,0,0,3,0,1,0
92.61,1157,6,2,0,2,0,1,0
494.28,142,4,0,0,1,0,1,0
1952.9,98,3,2,1,3,0,1,0
895.12,432,0,0,0,2,0,1,0
1589.45,48,5,0,0,2,0,1,0
599.45,18,3,0,0,3,0,1,0
1195.82,180,7,1,0,4,0,1,0
938.54,18,4,2,0,0,0,1,0
3525.52,84,2,1,0,5,0,1,0
1414.34,99,7,2,0,3,1,1,0
1537.02,142,2,0,0,1,0,1,0
726.42,861,3,0,0,1,0,1,0
673.44,44,4,0,0,1,0,1,0
711.55,84,6,2,0,0,0,1,0
1626.93,25,11,0,0,0,1,1,0
719.83,168,5,0,0,3,0,1,0
1465.24,234,6,0,0,0,0,1,0
8737.69,118,9,2,0,1,0,1,0
2620.51,50,4,0,0,3,0,1,0
791.54,174,0,2,0,1,0,1,0
3645.37,139,6,0,0,2,0,1,0
729.18,33,6,0,0,2,1,1,0
142.86,93,3,0,0,3,0,1,0
400.18,102,8,1,0,0,0,1,0
168.88,729,4,1,0,4,0,1,0
771.62,340,7,2,0,1,0,1,0
1117.02,238,7,0,0,0,0,1,0
5863.12,395,6,1,0,6,0,1,0
1520.7,239,6,0,0,0,0,1,0
880.86,420,6,0,0,0,0,1,0
2513.43,10,1,0,0,3,0,1,0
120.16,109,6,0,0,3,0,1,0
1387.99,247,5,1,0,1,0,1,0
2370.52,157,8,1,0,3,0,1,0
249.99,34,1,0,0,1,0,1,0
3441.81,74,2,0,0,3,0,1,1
1538.4,68,8,0,1,1,0,1,0
723.94,54,6,3,0,1,0,1,0
2064.79,75,7,2,0,1,0,1,0
10622.11,130,6,1,0,5,0,1,0
1315.36,347,3,2,0,3,0,1,0
1405.6,243,2,3,0,1,0,1,0
692.73,324,3,2,0,2,0,1,0
468.79,387,9,1,0,1,0,1,0
2515.77,96,4,1,0,4,1,0,0
465.87,76,2,3,0,3,0,1,0
1177.99,10,8,4,0,1,0,1,0
680.17,479,6,2,1,3,0,1,0
1770.43,12,4,0,0,2,0,0,0
1530.98,243,9,0,0,2,0,1,0
3094.99,85,6,1,1,0,0,1,0
658.51,534,4,1,0,1,0,1,0
837.25,97,4,2,0,3,0,1,0
412.09,305,5,1,0,3,1,1,0
703.25,59,3,1,0,0,0,1,0
1599.27,63,6,1,0,2,0,1,0
2337.85,162,4,0,0,3,0,1,0
436.08,1117,5,2,1,1,0,1,0
2616.53,131,4,0,0,2,0,1,0
4254.1,495,4,1,0,2,0,1,0
1658.11,277,2,0,0,1,0,1,0
7163.8,286,5,1,0,3,1,1,0
505.84,103,2,0,0,1,0,1,0
315.87,87,5,1,0,4,0,1,0
185.17,38,7,2,1,1,0,1,0
4895.37,598,6,0,0,3,0,1,0
2109.84,576,4,0,0,2,0,1,0
1037.34,247,0,1,0,2,0,1,0
1450.94,63,3,0,0,1,0,1,0
355.85,50,5,1,0,0,0,1,0
12654.3,805,9,1,0,2,0,1,0
1247.9,12,3,2,0,0,1,1,0
1223.41,333,7,0,0,3,0,1,0
2265.99,79,4,3,0,5,0,1,0
1774.03,97,6,1,0,0,0,1,0
1371.81,321,5,1,0,4,0,1,0
497.47,17,6,1,0,1,0,1,0
1757.18,78,2,3,0,3,0,1,1
7201.36,546,5,0,0,2,0,0,0
4210.85,216,8,0,0,2,0,1,0
5394.78,253,6,0,0,3,0,1,0
657.72,255,9,1,0,2,0,1,0
407.64,11,7,1,0,1,0,0,0
967.01,40,3,1,0,0,0,1,0
1159.48,121,2,0,0,2,1,1,0
3275.39,82,8,1,0,1,0,1,0
201.85,95,3,0,0,1,0,1,0
5062.17,273,7,1,1,3,1,1,1
936.35,2,6,1,0,1,0,1,0
715.6,194,2,0,1,1,0,1,0
398.57,1,4,0,1,2,0,0,0
209.59,11,5,1,0,3,0,1,0
2497.81,94,5,2,1,2,0,1,0
1180.06,330,4,1,0,1,0,1,0
301.88,28,5,1,0,4,0,1,0
300.34,145,5,1,0,4,0,1,0
783.85,204,10,1,0,1,0,1,0
5819.8,46,3,2,1,1,0,1,0
845.91,129,3,1,0,1,0,1,0
243.92,436,2,0,1,1,1,1,0
857.7,129,3,3,0,3,0,1,0
834.87,30,0,2,0,0,0,1,0
73.93,177,6,0,0,1,0,1,0
1038.68,161,4,1,0,4,0,1,0
870.5,4,9,1,0,1,0,1,0
2199.99,17,6,3,0,4,0,1,0
6967.11,30,6,0,0,3,0,1,0
3383.16,26,5,0,0,6,1,1,0
838.08,54,5,1,1,3,0,1,0
362.66,108,4,0,0,3,0,1,0
14376.64,83,4,1,0,0,0,1,0
1163.54,398,7,2,1,2,0,1,0
1112.02,170,7,0,0,0,0,1,0
1070.49,375,1,2,0,3,1,1,0
1336.87,134,2,0,0,0,0,1,0
949.22,16,10,1,0,2,0,1,0
617.91,112,7,0,0,3,0,1,0
634.69,310,5,2,0,5,0,1,0
1061.3,38,5,2,0,0,1,0,0
636.88,17,8,2,0,0,0,1,0
537.62,71,7,0,0,2,0,1,0
1219.79,88,4,0,0,3,0,1,0
849.82,65,7,1,0,1,0,1,0
4934.43,26,5,3,0,3,0,0,1
77.4,51,4,0,0,3,0,1,0
3266.61,206,5,0,1,2,0,1,0
3812.67,87,4,2,0,1,0,1,0
137.91,180,5,1,0,0,0,1,0
778.46,138,6,4,0,1,0,1,0
756.39,143,4,5,0,2,0,1,0
268.4,51,6,0,0,2,0,1,0
503.8,132,9,1,1,0,1,1,0
361.2,4,4,0,0,4,0,1,0
6325.03,101,6,2,0,3,0,1,0
2795.25,153,2,2,0,4,0,1,0
3911.03,36,8,0,0,1,0,1,0
2256.73,53,2,6,0,0,0,1,0
354.59,44,3,0,0,1,0,1,0
649.03,13,4,1,0,0,0,0,0
1788.93,76,5,2,1,1,0,0,0
323.07,695,7,0,1,3,0,1,0
2237.24,78,4,0,0,1,0,1,0
862.36,111,11,0,0,4,0,1,0
753.84,190,2,0,0,1,0,1,0
2232.68,188,6,0,0,0,0,1,0
1710.03,538,3,0,0,3,1,0,1
764.36,350,3,1,0,3,0,1,0
3495.84,284,5,0,0,2,0,1,0
372.02,545,5,0,0,0,0,1,0
2030.29,47,7,1,0,1,0,0,0
1984.46,172,6,1,0,3,1,1,0
804.69,392,4,2,0,1,1,1,0
1519.49,176,3,2,0,4,0,1,0
313.84,682,7,1,0,2,0,1,0
2762.87,19,3,1,0,2,1,1,0
911.51,104,3,0,0,2,1,1,0
650.2,681,4,0,0,3,0,1,0
3130.69,85,5,1,1,2,0,0,0
542.21,242,5,0,0,2,0,1,0
268.15,5,8,0,0,4,0,1,0
231.22,213,10,2,0,2,1,1,0
2010.24,490,6,0,0,0,0,1,0
304.77,86,7,2,0,3,0,1,0
6341.02,3,5,0,0,3,0,0,0
136.74,5,5,0,0,2,1,1,0
5981.68,400,2,1,1,1,0,1,0
1354.27,230,1,1,0,3,0,1,0
995.54,20,5,1,0,0,0,1,0
635.93,10,4,1,1,3,0,0,0
1634.57,294,0,0,0,3,0,1,0
1056.13,298,4,1,0,3,0,1,0
3305.36,23,5,1,1,1,0,1,0
1229.33,64,6,1,0,2,0,1,0
1274.49,272,4,1,0,2,1,0,0
762.34,134,7,0,0,1,0,1,0
1035.93,564,3,1,1,2,0,1,0
1491.89,118,4,0,0,1,0,1,0
198.31,203,4,0,0,3,0,1,0
284.81,128,8,3,1,3,0,1,0
2305.99,515,3,2,0,0,0,1,0
1300.97,91,5,0,0,2,0,1,0
912.34,46,7,1,1,3,0,1,1
1117.04,71,5,2,1,2,0,1,0
1552.44,344,5,1,0,5,0,1,0
639.21,124,6,0,1,3,1,1,0
503.56,78,4,0,0,1,1,1,0
1333.88,141,5,2,0,1,0,1,0
412.25,25,8,1,0,4,0,1,0
1649.54,1,5,3,0,2,0,1,0
199.82,59,2,4,0,4,0,1,0
3069.15,167,7,1,0,3,0,1,0
1759.17,223,3,2,0,5,1,1,0
1416.62,315,4,0,0,0,0,1,0
2929.8,470,4,0,0,0,0,1,0
5799.2,95,3,0,0,3,1,0,0
3024.1,242,7,1,0,1,0,1,0
174.01,13,5,2,0,1,0,1,0
305.03,10,1,1,1,3,0,1,0
587.09,23,3,2,0,4,0,1,0
1125.62,107,5,2,0,2,0,1,0
1840.25,42,7,0,0,3,0,1,0
530.73,60,6,1,0,0,0,1,0
1321.82,187,1,0,0,3,0,1,0
515.23,79,2,3,0,2,0,1,0
594.95,146,2,2,0,2,0,0,0
268.63,95,4,1,0,2,0,1,0
435.62,33,4,0,0,3,0,1,0
283.81,13,12,0,1,1,0,1,0
413.28,48,3,0,0,3,0,1,0
3145.23,10,4,1,0,2,0,1,0
424.37,173,9,0,1,2,0,1,0
15250.72,285,6,1,0,2,0,0,0
1796.0,74,4,0,0,4,0,1,0
1319.27,88,5,0,0,1,0,1,0
464.82,304,0,0,0,1,0,1,0
2209.03,45,9,0,0,1,0,1,0
616.69,22,4,0,0,1,0,1,0
1238.94,125,3,2,0,2,0,1,0
14187.05,187,4,1,0,1,0,1,0
996.19,164,9,0,1,3,0,1,0
3460.86,225,6,0,0,1,1,1,0
542.84,10,5,1,1,1,0,1,0
1058.93,100,4,1,0,3,0,1,0
6443.33,49,5,4,1,1,0,1,0
585.83,256,5,0,0,0,0,1,0
6717.35,371,6,1,0,0,0,1,0
2225.53,59,3,1,0,4,0,1,0
624.86,18,4,0,0,0,0,1,1
2064.01,52,1,1,0,2,0,1,0
2900.26,19,2,1,0,3,0,1,0
2042.26,70,4,2,0,3,0,1,0
228.1,139,4,0,0,2,0,1,0
529.99,654,6,2,0,1,0,1,0
856.18,91,3,0,0,2,0,1,0
1017.97,44,6,1,0,1,0,1,0
2039.93,32,5,1,0,3,0,1,0
1309.89,34,0,1,0,2,0,0,0
288.49,38,3,1,0,0,0,0,0
1603.91,258,3,0,0,1,0,1,0
2019.46,11,8,2,0,2,0,1,0
1919.44,1071,5,1,0,3,0,1,0
3231.76,133,6,0,0,2,1,1,0
2524.81,141,5,2,0,1,0,0,0
1735.72,79,2,1,0,2,0,1,0
1022.32,210,7,0,0,1,0,1,0
208.31,114,4,3,0,2,0,1,0
1685.16,71,6,0,0,5,0,1,0
1349.77,55,6,0,1,1,0,1,0
1438.82,467,6,0,0,0,0,1,0
305.9,61,6,0,0,0,0,1,0
372.02,103,5,1,0,4,0,1,0
3143.69,77,5,2,1,3,1,1,0
1054.1,16,7,2,0,2,0,1,0
2167.87,37,5,2,0,1,0,0,0
1128.13,37,7,0,0,2,0,1,0
1129.76,212,5,2,0,1,1,1,0
2802.55,93,7,2,0,0,0,1,0
654.55,274,7,0,0,0,0,1,0
1207.27,222,4,1,0,6,0,1,0
690.71,38,7,1,0,1,0,1,0
710.17,148,3,0,0,0,0,1,0
804.99,244,5,1,0,0,0,1,0
1369.41,180,11,2,0,2,0,0,0
679.43,164,4,1,0,0,0,1,0
3849.72,242,4,0,0,0,0,1,0
448.27,10,6,3,0,2,0,1,0
909.71,236,4,1,0,2,0,1,0
706.46,57,5,0,0,2,0,1,0
4660.97,152,7,1,0,6,0,1,0
1334.82,49,4,0,0,2,0,1,0
3077.41,328,3,1,0,0,0,0,0
248.25,117,7,1,0,2,1,0,0
1432.32,185,2,0,0,1,0,1,0
2669.46,284,1,0,0,2,0,1,0
1190.68,406,2,0,0,4,0,1,0
3182.68,237,3,0,0,1,1,1,0
653.74,28,2,1,0,1,1,0,0
4488.83,347,8,1,0,3,0,1,0
10925.97,173,2,0,0,0,0,1,0
762.93,169,7,1,0,3,0,1,0
702.4,457,2,1,1,1,0,1,0
4690.92,51,5,2,0,3,0,1,0
5321.83,49,4,3,0,3,0,1,0
650.11,129,3,0,1,3,0,1,0
720.4,250,0,2,0,3,1,1,0
827.34,106,2,0,0,2,0,1,0
285.87,180,4,3,0,2,0,1,0
437.62,108,6,0,0,3,0,1,0
401.76,169,5,0,0,1,0,1,0
508.88,310,5,0,1,4,0,1,1
1059.25,35,3,2,0,4,1,0,0
1386.05,213,5,0,0,4,0,1,0
5169.34,278,5,1,1,2,0,1,0
404.09,106,8,2,0,2,0,1,0
2934.59,70,4,0,0,3,1,1,0
885.37,2,4,1,0,3,0,1,0
1043.71,287,4,3,1,0,0,0,0
2153.43,71,7,1,0,0,0,1,0
356.84,79,8,2,1,2,0,1,0
1607.46,73,10,1,0,2,0,0,0
1295.24,124,6,2,0,0,0,1,0
1794.45,218,3,2,1,5,0,1,0
1464.35,266,5,2,0,3,0,1,0
12775.7,89,4,0,1,1,0,1,0
579.55,195,2,1,0,2,1,1,0
644.84,229,4,0,0,1,0,1,0
588.08,63,2,3,0,3,0,1,0
629.25,18,6,0,1,2,0,1,0
579.76,405,6,2,0,0,0,1,0
3601.18,203,4,0,0,1,0,1,0
4539.19,187,3,3,0,2,0,1,0
619.71,10,6,0,0,3,1,1,0
477.06,306,7,0,0,3,0,1,0
1757.09,150,8,1,0,4,0,1,0
631.3,338,2,1,0,4,0,1,0
2065.1,660,4,2,0,5,0,1,0
1343.35,566,1,3,0,0,1,1,0
240.87,348,3,0,0,4,0,1,0
5153.88,1,5,0,0,3,0,1,0
6606.95,390,5,1,1,4,1,0,1
594.2,14,6,0,0,1,1,1,0
744.19,342,4,2,0,3,0,1,0
1459.52,59,5,2,0,1,0,1,0
1532.2,169,5,1,1,2,0,1,0
2118.67,6,7,0,0,1,0,1,0
8186.2,265,2,1,0,1,0,1,0
918.79,21,6,1,0,3,1,1,0
493.59,95,4,2,1,2,0,1,0
276.08,306,4,0,0,2,1,1,0
527.99,213,3,4,0,0,0,1,0
1060.9,1,4,2,0,0,0,1,0
6598.24,92,11,1,0,3,0,1,0
653.53,7,3,1,0,0,0,1,0
1371.68,201,2,1,0,4,0,1,0
1078.77,624,5,2,0,4,0,0,0
3598.94,191,2,1,1,4,1,1,0
13724.43,45,5,1,0,3,1,0,0
644.92,78,9,2,0,4,0,1,0
672.2,676,7,0,0,4,0,1,0
3115.55,45,6,3,0,0,0,1,0
2168.72,148,11,1,1,4,0,1,0
6951.46,92,2,0,1,2,1,1,0
1966.34,263,7,1,1,2,0,1,0
765.64,363,6,0,0,2,0,1,0
1979.61,75,5,1,0,1,0,1,0
3323.27,194,4,0,0,2,1,1,0
2491.11,143,7,0,0,2,0,0,0
1821.24,58,5,1,1,2,1,1,1
3186.49,57,4,1,1,2,0,1,0
3530.86,139,3,1,0,1,0,1,0
4368.43,30,7,2,0,1,0,1,0
2097.94,299,9,1,1,3,0,1,0
927.86,12,2,1,0,0,0,0,0
1269.93,17,7,1,0,1,0,1,0
3664.73,75,3,0,1,2,0,1,0
484.47,22,6,1,0,2,1,1,0
1585.53,116,6,1,0,2,0,1,0
740.01,91,3,1,0,5,0,1,0
1128.61,230,11,2,1,0,0,1,0
3938.09,550,6,2,0,4,0,1,0
1327.56,252,6,0,0,0,0,1,0
1148.76,35,4,3,0,2,0,1,0
281.5,493,4,0,0,0,1,1,0
2312.89,89,5,1,0,2,0,1,0
2091.18,115,4,3,0,1,0,1,0
9540.06,98,7,3,0,0,0,1,0
806.11,59,6,1,0,3,0,1,0
1365.33,405,11,1,0,2,0,1,0
1407.24,72,1,1,0,4,0,1,0
5310.56,155,4,1,0,3,0,1,0
996.95,49,8,0,0,2,0,1,0
1449.57,287,1,1,1,2,0,1,0
2014.04,267,3,1,1,1,0,0,1
1321.61,63,17,1,1,0,0,1,0
701.74,205,5,1,0,1,1,1,0
1331.54,219,5,1,0,3,0,0,0
3208.73,148,10,1,0,2,0,1,0
392.87,165,5,2,0,6,0,1,0
1252.59,153,6,0,0,1,1,1,0
544.51,15,2,0,0,2,0,1,0
3622.96,199,3,0,0,2,0,1,0
239.08,114,3,2,1,3,0,1,0
627.08,103,10,0,0,1,0,0,0
1599.12,353,5,0,1,2,0,1,0
5247.59,4,6,1,0,2,0,1,0
1026.85,52,5,1,1,0,0,1,0
629.42,23,1,1,0,1,0,1,0
7195.11,6,2,0,0,2,0,1,0
257.75,58,6,2,0,1,0,1,0
121.66,803,10,0,0,3,0,1,0
1702.77,56,5,1,1,0,0,1,0
663.78,196,6,3,1,3,0,1,0
394.95,22,3,0,0,1,0,1,0
2226.88,165,3,1,0,2,0,0,0
1399.4,749,2,1,0,4,0,1,0
623.86,62,2,1,0,2,0,1,0
304.81,339,3,0,0,2,0,1,0
2624.01,1083,8,3,1,0,0,1,0
2101.07,159,9,1,0,2,0,1,0
993.09,66,3,1,0,3,0,1,0
6950.97,201,4,0,0,2,0,1,0
376.12,335,8,2,0,4,0,1,0
238.53,33,6,4,0,0,0,1,0
549.0,108,7,2,0,4,0,1,0
1047.76,69,6,1,0,2,0,0,0
1398.76,59,4,0,1,0,0,1,0
861.58,354,3,1,0,1,0,1,0
1559.4,98,6,1,1,2,0,1,0
313.71,74,6,2,0,1,0,1,0
4646.01,166,6,1,0,1,0,1,0
1010.14,44,5,2,0,2,0,1,0
3351.94,47,7,2,0,2,0,1,0
1544.92,132,4,1,0,1,1,1,0
1731.52,94,8,0,0,2,0,1,0
1938.69,62,1,0,1,2,0,1,0
1715.93,9,8,1,0,3,0,1,0
2085.41,132,8,1,0,1,0,1,0
4142.91,305,8,1,0,1,0,1,0
1334.78,343,3,3,1,2,0,1,0
2228.32,48,5,1,0,2,0,1,0
1002.51,164,3,0,0,3,0,1,0
4629.1,348,3,2,0,1,0,1,0
557.58,94,11,0,1,2,0,1,0
6640.49,484,4,1,0,3,0,1,0
1053.47,419,5,0,0,2,0,1,0
262.23,42,4,0,0,1,0,1,0
1246.51,53,5,0,0,2,0,1,0
554.99,35,8,3,0,1,0,1,0
2541.84,39,3,2,1,1,0,1,0
570.99,429,7,1,0,1,0,0,0
701.92,481,3,1,1,2,0,0,0
165.75,9,2,1,0,4,0,1,0
697.63,162,5,0,1,3,0,1,0
97.14,149,3,0,0,1,0,1,0
225.0,89,8,1,0,2,0,0,0
2345.88,179,4,1,0,2,0,1,0
2406.19,529,4,1,0,3,1,1,0
1678.17,33,8,0,1,3,0,1,0
416.97,23,2,1,0,3,0,0,0
1045.54,6,8,4,0,1,0,1,0
1092.69,81,9,0,0,3,0,1,1
344.34,74,3,1,0,2,0,1,0
4931.5,101,6,0,0,2,1,1,0
2636.91,125,5,1,1,2,0,1,0
879.22,255,7,0,0,2,0,1,0
1126.52,89,4,0,0,6,0,1,0
1350.71,72,3,0,0,2,1,1,0
142.35,315,5,5,0,1,0,1,0
856.47,341,6,1,0,2,0,1,0
554.47,47,5,0,0,2,0,1,0
402.78,68,4,3,0,2,0,0,1
827.91,313,4,1,0,2,0,1,0
6618.91,14,6,0,1,2,1,1,0
2081.5,70,1,0,1,1,0,1,0
619.44,107,3,1,0,4,0,1,0
1944.16,37,8,1,0,6,0,1,0
4444.2,35,3,3,0,5,1,1,1
2764.55,99,4,4,1,1,0,1,0
1164.01,252,4,2,1,4,0,1,0
574.25,330,7,2,0,2,0,1,0
2204.43,697,12,2,0,0,0,1,0
1625.36,13,2,1,0,3,0,1,0
2684.35,43,6,0,0,1,1,1,0
2069.73,254,8,0,0,2,0,1,0
3132.39,140,2,0,0,3,1,1,0
642.11,71,2,0,0,2,0,1,0
4094.48,41,6,1,0,4,1,1,0
1336.22,59,1,1,0,0,0,1,0
8736.46,100,5,0,0,1,0,1,0
550.49,35,5,0,0,2,1,1,0
6222.73,599,4,0,0,2,0,1,0
1336.64,20,3,0,0,0,0,1,0
571.68,763,4,1,1,3,0,1,0
675.95,332,6,0,0,1,0,1,0
796.04,99,7,2,0,4,0,1,0
1676.0,242,3,2,0,1,0,1,0
1849.8,200,6,0,1,3,0,1,0
617.88,43,4,0,1,2,0,1,0
1070.25,74,5,1,1,2,0,1,0
9341.95,129,8,1,1,0,0,1,0
6170.55,182,8,0,0,2,0,1,0
1696.5,140,10,2,1,2,0,1,0
1139.11,115,8,1,0,4,1,1,0
1236.49,105,7,3,1,0,0,1,0
2025.39,124,4,2,1,3,0,1,0
394.34,102,2,1,1,5,0,1,0
847.78,140,5,0,0,0,1,1,0
206.73,394,10,1,0,3,0,1,0
1634.71,180,6,1,0,2,0,0,0
2094.76,230,7,3,0,2,0,1,0
676.42,163,3,1,0,0,0,1,0
5292.19,185,10,1,1,2,0,1,0
321.9,155,6,0,0,4,0,1,0
253.57,4,3,0,1,4,1,1,1
1372.59,1407,7,0,0,3,0,1,0
3124.71,6,3,1,0,1,0,1,0
5907.2,90,7,0,0,4,0,1,0
693.06,19,6,0,0,0,0,1,0
3224.98,18,2,1,0,1,0,1,0
1055.21,283,7,1,0,5,0,1,0
922.76,99,4,0,0,3,0,1,0
2653.57,290,0,0,0,2,0,1,0
2105.53,57,4,0,0,2,0,1,0
226.7,53,6,2,0,1,1,1,0
4800.81,52,9,1,0,3,0,1,0
4359.41,172,2,2,0,2,0,1,0
586.66,303,8,2,0,2,0,0,0
1629.13,108,2,0,0,1,1,1,0
1797.28,85,8,1,0,3,0,1,0
1423.22,654,6,0,0,3,0,1,0
632.51,22,5,2,0,3,0,1,0
560.25,120,5,1,1,1,0,1,0
1068.96,94,2,0,0,0,0,1,0
3543.0,18,7,1,0,1,0,1,0
1888.62,56,3,0,0,1,0,1,0
757.02,5,6,0,0,1,0,1,0
2372.5,377,4,4,0,4,0,1,0
63.53,168,2,1,0,1,0,1,0
3459.11,303,3,1,0,3,0,1,0
192.54,132,5,1,0,5,0,1,0
763.23,164,9,1,0,2,1,1,0
357.93,217,5,1,0,2,0,1,0
300.46,429,6,0,0,5,1,1,0
3501.08,17,7,1,0,1,0,1,0
686.98,72,4,2,0,0,0,0,0
1550.77,222,10,1,0,0,1,1,0
1046.37,572,5,2,0,5,0,1,0
1767.0,711,10,2,0,3,0,1,0
1184.2,182,7,2,0,1,0,1,0
303.99,38,2,0,0,5,1,1,0
2969.85,22,3,0,0,1,0,1,0
669.31,525,5,1,0,3,0,1,0
231.23,102,2,1,0,2,1,1,0
714.72,39,1,0,0,4,0,1,0
4918.5,488,3,2,0,5,0,1,0
2566.3,19,7,1,0,2,0,1,0
773.83,235,8,2,0,6,0,1,0
773.36,176,9,2,0,0,0,1,0
795.02,16,4,0,0,5,0,1,0
8749.47,74,0,1,0,1,0,1,0
1606.7,29,5,0,0,4,0,1,0
1685.88,166,2,0,0,2,0,1,0
3072.61,116,7,0,0,3,0,1,0
1392.41,1,4,2,1,2,0,1,0
846.37,669,2,3,1,0,0,1,0
901.13,77,3,1,1,2,0,1,0
1020.86,53,5,1,0,3,0,1,0
1056.56,45,5,1,0,1,0,1,0
2270.21,31,4,0,0,0,0,1,0
1155.1,1269,6,1,0,1,0,1,0
2281.62,62,8,0,0,3,0,1,0
1011.59,93,5,2,0,1,0,1,0
1186.35,369,7,2,0,2,0,1,0
148.68,184,1,0,0,3,0,1,0
2741.68,82,5,1,0,1,0,0,0
1550.74,411,2,0,1,2,1,1,0
2975.03,249,4,1,0,3,0,1,0
60.57,46,5,0,0,0,0,1,0
8851.79,185,4,1,0,1,0,1,0
953.76,460,5,1,0,1,0,1,0
3321.54,123,4,1,1,1,0,1,0
387.65,238,5,0,0,0,0,1,0
2023.88,637,8,0,0,2,0,1,0
382.44,211,3,1,0,0,0,1,0
587.71,19,5,1,0,4,0,1,0
7435.58,50,9,1,0,1,0,1,0
906.25,162,8,2,0,3,0,0,0
1362.99,58,8,1,1,5,0,1,0
2617.74,568,2,1,1,3,0,1,0
1800.25,93,10,1,0,1,0,1,0
1274.64,109,1,0,0,4,0,1,0
1579.65,217,0,0,0,1,0,0,0
12129.74,133,5,0,0,4,0,1,0
1035.23,86,1,4,1,3,1,1,1
1340.9,14,6,1,0,0,0,1,0
3135.85,163,6,1,0,2,0,1,0
3312.72,363,1,3,0,1,0,1,0
3594.03,208,7,0,1,1,0,1,0
2077.1,86,5,0,0,0,0,0,0
349.67,24,5,3,0,2,0,1,0
5616.32,305,6,0,0,3,0,0,0
348.51,511,2,3,1,1,0,1,0
1484.21,88,2,0,0,4,0,1,0
515.8,234,4,2,1,5,0,1,0
1028.51,95,9,1,0,2,0,1,0
1523.5,125,5,1,1,2,0,1,0
1512.26,325,4,2,0,3,0,1,0
1672.24,15,6,2,0,1,0,1,0
5506.65,136,5,0,0,1,0,1,0
1725.95,43,10,3,0,2,0,1,0
859.06,74,6,3,1,2,0,0,1
2875.8,186,11,1,0,2,0,1,0
3602.81,4,7,0,0,0,0,1,0
321.31,162,1,0,0,0,0,1,0
1993.01,59,7,1,0,1,0,1,0
2210.94,199,3,0,0,3,1,1,0
814.39,27,3,0,1,1,0,1,0
4340.34,239,2,2,0,2,0,1,0
943.83,186,5,0,1,0,0,1,0
1243.36,638,6,1,0,1,0,1,0
922.35,435,3,2,0,1,0,1,0
1113.85,59,9,2,0,1,0,1,0
366.4,4,2,1,1,1,0,1,0
259.81,191,3,2,0,4,0,1,0
5401.89,166,3,1,0,1,0,1,1
470.14,5,4,0,0,1,0,1,0
406.92,23,5,1,0,1,1,1,0
127.31,158,3,1,0,4,0,1,0
578.85,437,5,0,1,2,0,1,0
292.05,426,4,1,1,0,0,0,0
5664.73,29,5,0,1,2,0,1,0
3010.37,87,3,0,0,3,0,1,0
551.06,7,4,1,0,3,0,1,0
10429.94,114,7,2,0,0,0,1,0
2927.09,251,7,0,0,2,0,0,0
792.48,280,4,0,0,4,1,0,0
90.07,124,4,0,0,0,0,1,0
10839.4,18,7,1,0,1,0,1,0
273.26,86,7,1,0,4,1,1,0
211.58,484,5,0,1,1,0,1,0
3049.0,46,3,2,0,3,0,1,0
12578.6,69,2,0,0,4,0,1,0
4377.67,247,4,2,0,0,0,1,0
1927.37,238,1,0,0,4,0,1,0
1987.74,437,6,2,0,4,1,1,0
2574.51,88,5,1,1,3,0,1,0
2342.39,130,8,1,0,0,0,1,0
1452.72,113,10,2,0,4,0,1,0
1217.07,472,4,2,0,2,0,1,0
1030.1,264,5,2,0,2,0,0,0
515.96,320,3,4,0,4,0,0,1
828.26,25,5,0,0,3,0,1,0
201.75,282,4,1,0,2,0,1,0
993.92,102,6,0,0,0,0,1,0
408.06,4,8,1,0,2,0,1,0
363.73,11,2,1,1,2,0,1,0
1312.77,203,5,1,0,0,0,1,0
4411.64,83,9,2,0,2,0,0,1
2747.14,364,9,0,1,2,0,1,0
228.04,238,10,1,0,3,0,1,0
407.63,3,7,2,1,1,0,1,0
2809.53,209,3,0,0,1,0,1,0
410.56,38,3,1,1,0,0,1,0
876.0,98,7,3,0,2,0,1,0
1900.84,176,3,2,0,2,0,1,0
416.4,371,10,3,0,1,0,1,1
1218.5,109,5,0,0,0,0,0,0
288.87,297,5,2,0,1,0,1,0
601.02,274,5,1,0,1,0,1,0
1509.87,96,4,2,0,2,0,1,0
222.96,125,4,2,0,1,0,1,0
1703.56,217,5,0,0,0,0,1,0
1075.31,5,6,1,0,2,0,1,0
1905.48,398,7,3,0,0,0,1,0
1371.85,264,3,0,1,2,0,1,0
4290.42,51,5,0,0,1,0,0,0
1242.93,715,4,1,0,2,0,1,0
713.79,35,6,1,0,2,1,1,0
1239.29,441,3,0,0,1,0,1,0
1888.05,70,2,2,0,1,0,1,0
1151.55,259,8,0,1,3,0,1,1
1142.06,109,3,1,0,2,0,1,0
543.49,240,8,0,0,2,0,0,0
565.15,30,4,0,0,3,0,1,0
269.72,56,3,0,1,3,0,0,0
6308.02,18,3,0,0,2,0,1,0
316.12,360,7,1,0,3,0,0,1
548.45,63,1,2,0,0,0,1,0
534.64,213,6,0,1,2,0,1,0
2683.63,308,7,1,0,1,0,1,0
816.52,417,6,2,0,1,1,1,0
3818.99,20,6,3,0,2,1,0,0
559.2,402,1,2,0,1,0,0,0
1449.53,39,5,1,0,2,0,1,0
475.64,240,0,1,0,2,0,1,0
9368.88,234,5,1,1,5,0,1,0
334.42,1,5,2,1,1,0,1,0
1494.91,44,5,1,1,2,0,1,0
2066.84,121,9,2,0,3,1,1,0
1658.72,98,8,0,0,4,0,1,0
911.15,451,3,1,0,0,0,1,0
963.12,80,3,1,0,0,0,1,0
1145.75,497,8,1,0,2,0,1,0
946.71,110,8,0,0,4,0,0,0
2875.2,600,8,0,0,1,0,1,0
10001.83,240,3,1,0,4,1,1,0
627.98,318,0,0,0,1,1,1,0
278.72,19,5,2,0,6,0,0,0
1003.97,158,5,1,1,4,0,1,0
14468.21,27,3,1,0,3,0,1,0
490.94,63,9,2,0,2,0,1,0
5648.34,175,11,2,1,4,0,1,0
5870.53,233,2,0,0,3,0,0,0
630.44,7,5,0,0,1,0,1,0
1937.17,136,8,1,0,1,0,1,0
5588.11,149,4,2,0,6,1,1,0
750.6,14,1,0,0,4,0,1,0
894.64,125,6,1,0,1,1,1,0
612.97,225,9,1,0,1,0,1,0
397.52,9,6,2,1,4,0,1,0
572.91,257,4,3,0,3,1,1,0
322.49,154,6,1,1,0,1,1,0
1134.65,322,5,1,0,3,0,1,0
507.77,44,5,0,0,1,0,1,0
1385.46,322,4,2,0,2,0,1,0
231.39,17,7,1,1,0,0,1,0
1526.73,93,4,2,0,1,0,1,0
2523.82,40,2,1,0,1,0,1,0
149.35,375,4,2,1,0,0,1,0
1594.09,219,5,1,0,2,0,1,0
3743.1,4,2,2,0,2,0,1,0
327.13,1,1,0,0,3,0,1,1
5840.5,61,6,1,0,1,0,1,0
1667.4,27,9,0,0,1,0,1,0
541.85,179,7,2,0,3,1,1,0
1037.15,196,6,0,0,4,0,1,0
1916.64,512,6,0,1,4,0,1,0
1183.23,546,5,0,0,3,0,1,0
1879.49,193,5,0,0,1,0,1,0
436.73,1,5,1,0,1,0,1,0
1299.01,80,3,2,0,1,0,1,0
266.74,129,3,0,0,5,0,1,0
981.2,124,8,2,0,2,0,1,0
444.12,166,5,0,0,3,0,1,0
525.56,581,4,2,0,2,0,1,0
3774.76,389,2,0,0,3,1,1,0
3265.96,20,4,2,0,4,0,1,0
2016.54,55,10,0,0,0,0,1,0
367.85,322,1,1,1,1,0,1,0
799.18,313,5,0,0,4,0,1,0
3688.95,57,2,0,0,2,1,1,0
1263.6,236,3,1,0,2,0,0,0
11151.5,200,4,3,0,1,0,1,0
1625.09,115,4,0,0,3,0,1,0
1328.82,40,8,1,0,0,0,1,0
805.03,395,3,1,0,2,0,1,0
1253.31,203,2,0,0,3,0,1,0
941.55,33,5,0,0,3,0,1,0
2226.33,219,4,2,1,3,0,1,0
2854.64,243,5,1,0,0,0,1,0
499.7,392,6,1,0,2,0,1,0
289.68,45,4,0,1,5,0,0,0
174.83,807,6,2,1,6,0,1,0
1822.55,29,6,0,1,1,0,1,0
363.81,165,1,2,0,2,0,1,1
127.37,192,2,1,0,4,0,1,0
1617.41,97,2,1,0,2,0,1,0
13266.53,115,3,3,0,4,0,1,0
1090.0,398,5,1,0,1,0,1,0
2536.37,186,7,1,0,5,0,1,0
1190.14,123,1,0,1,2,0,1,0
993.38,24,3,1,0,0,0,1,0
2749.23,1,3,0,1,3,0,1,1
820.35,24,5,4,0,0,0,1,0
1432.81,562,7,3,1,3,0,1,0
1512.77,259,7,2,0,3,0,1,0
562.23,614,5,1,0,0,0,1,0
2957.33,6,6,0,1,2,0,1,0
920.61,205,6,0,0,5,0,0,0
515.05,8,3,1,0,1,0,1,0
1875.27,274,6,1,1,1,0,1,0
446.54,86,5,0,0,1,0,1,0
1127.98,18,5,1,0,6,0,1,0
1086.68,151,5,0,0,3,0,0,0
3248.33,59,5,1,1,3,0,1,0
1762.87,193,4,1,0,2,0,1,0
1069.53,193,11,0,0,0,0,1,0
2484.35,219,4,0,0,2,0,1,0
4403.73,879,8,0,0,3,0,1,0
1915.65,88,4,1,1,0,0,1,0
1108.05,112,5,2,0,0,0,1,0
295.35,293,5,3,0,4,0,1,0
378.0,155,6,0,0,2,0,1,0
808.17,6,2,2,0,1,0,1,0
596.15,333,6,3,0,1,0,0,1
909.62,9,9,1,1,1,0,0,0
1160.55,33,8,3,0,2,0,1,0
1862.53,19,5,0,0,4,0,1,0
1021.98,14,9,0,0,3,0,1,0
1783.8,4,6,1,0,3,0,1,0
1169.67,10,3,0,1,6,1,1,0
152.1,105,8,2,0,1,0,1,0
428.66,52,3,2,0,1,1,1,0
949.48,24,3,0,0,2,1,1,0
327.11,193,6,2,0,1,0,1,0
1998.05,46,6,1,0,2,0,1,0
5068.25,3,3,1,1,1,0,1,0
3709.91,97,3,0,0,1,0,1,0
885.86,66,7,0,0,1,0,1,0
4869.4,69,4,1,0,4,1,1,0
1272.41,106,4,1,1,1,0,1,0
782.83,198,7,1,0,3,1,1,0
593.83,172,4,0,1,2,0,1,0
810.4,498,8,0,0,5,0,1,0
743.84,131,4,1,1,1,0,1,0
1300.39,115,6,0,0,0,0,1,0
1287.65,43,2,2,0,3,0,1,0
1099.98,253,6,0,0,1,0,1,0
1697.54,27,6,1,0,2,0,1,0
3607.05,121,4,0,0,1,0,1,0
2834.31,98,7,0,0,0,1,1,0
248.42,193,2,1,1,1,0,1,0
85.29,449,6,1,1,1,1,1,0
2791.46,527,6,3,1,4,1,1,0
279.53,33,8,4,1,3,0,1,0
875.88,54,3,0,1,4,0,1,1
340.32,300,4,1,0,2,1,1,0
180.91,131,4,1,0,4,1,1,0
1884.58,108,5,3,0,4,1,1,0
2342.92,223,2,0,1,2,0,1,0
616.15,165,0,1,0,1,0,1,0
82.18,635,3,1,0,1,0,1,0
635.08,157,5,0,0,2,0,1,0
1622.63,112,5,3,0,0,1,1,1
249.91,140,10,0,0,1,0,1,0
1317.33,297,7,0,1,2,0,1,0
1079.97,170,5,0,0,2,0,1,0
1957.24,187,3,1,0,2,0,1,0
1235.93,640,8,1,0,1,0,0,0
414.44,173,1,0,0,2,0,1,1
3628.49,86,10,1,0,1,1,1,0
935.86,211,1,0,0,1,0,1,0
1067.1,193,4,1,0,0,0,1,0
431.27,2,6,1,0,5,0,1,0
703.96,113,5,0,0,3,0,1,0
452.69,244,7,2,0,3,0,1,0
922.47,124,8,0,0,3,0,1,0
6073.61,272,3,0,0,2,0,1,0
278.13,107,5,2,0,1,0,1,0
218.42,736,8,0,0,2,0,1,0
4775.1,62,7,1,0,3,0,1,0
889.51,17,9,1,0,4,0,1,0
561.68,101,2,1,0,2,0,1,0
3102.32,140,8,2,1,3,0,1,0
598.47,77,3,0,0,0,1,0,1
6809.06,49,4,1,0,4,1,0,0
2160.13,200,2,1,0,4,0,1,0
673.23,85,7,1,1,1,1,1,1
9483.5,179,2,1,0,1,0,1,0
598.42,271,4,0,0,2,1,1,0
2303.29,257,4,0,0,5,0,1,0
1479.25,84,4,1,0,1,0,0,0
4030.89,151,6,0,0,0,0,1,0
5226.57,107,8,1,0,3,0,1,0
1132.3,368,1,1,0,1,1,1,0
516.25,379,2,1,0,2,0,1,0
1737.1,75,2,1,0,3,0,1,0
556.84,17,1,2,0,1,0,1,0
8212.29,33,4,0,0,2,0,1,0
1257.07,82,8,0,0,2,0,1,0
761.03,149,2,0,0,4,0,1,0
1319.07,192,2,1,0,0,0,1,0
285.11,72,5,2,1,0,0,1,1
415.04,198,3,0,1,1,0,1,0
3642.46,499,4,3,0,2,0,1,0
568.56,190,6,0,1,0,0,1,0
384.94,31,7,0,0,3,1,1,0
1875.54,156,7,1,0,0,0,1,0
3589.27,140,2,0,0,2,1,0,1
2250.6,368,7,0,0,2,0,1,0
2969.2,77,2,0,0,1,0,1,0
514.5,98,3,1,0,1,0,1,0
264.59,164,4,1,0,2,0,1,0
4921.33,133,1,2,1,1,0,0,1
794.19,228,3,0,0,2,0,1,0
853.35,7,9,1,0,2,0,1,0
4138.94,149,0,1,0,1,0,1,0
1912.62,23,2,0,0,3,0,1,0
1730.02,68,6,2,0,3,0,1,0
9556.74,195,3,0,0,4,0,1,0
576.22,30,5,0,0,1,1,1,0
2773.43,66,6,2,0,3,1,1,0
1160.97,218,2,1,0,0,1,1,0
1434.53,189,6,1,0,1,0,1,0
5056.7,17,7,1,0,0,1,0,1
1822.27,154,8,0,0,2,0,1,0
1878.63,28,5,2,0,2,0,1,0
3205.13,52,5,1,0,0,1,1,0
761.32,110,8,3,0,2,0,1,0
473.8,20,8,2,1,0,0,1,0
385.75,910,8,2,0,1,0,0,0
153.49,32,5,1,0,7,0,1,0
8571.58,273,5,1,0,2,0,1,0
363.87,318,5,0,0,1,0,1,0
878.97,935,5,5,0,1,1,1,0
831.46,100,5,1,0,2,0,1,0
1491.3,373,7,3,1,4,0,1,1
2479.31,568,6,0,0,2,0,0,0
2592.75,34,2,5,1,0,1,1,0
612.12,117,2,0,1,2,0,1,0
927.86,11,2,2,0,2,0,1,0
1454.74,174,4,1,0,3,0,1,0
855.18,156,4,1,0,1,0,0,0
5471.71,41,5,3,1,4,1,1,1
1791.8,287,11,0,0,4,0,1,0
2286.73,6,5,1,0,4,0,1,0
2127.88,295,6,2,0,0,0,1,0
3545.64,4,3,1,1,2,0,1,1
1314.25,192,4,1,0,1,1,1,0
299.82,14,7,2,0,1,0,1,0
1635.47,52,7,2,0,3,0,1,0
571.72,230,4,1,0,1,0,1,0
646.38,59,6,0,1,2,0,1,0
1971.13,128,5,0,1,3,0,1,0
3783.04,444,4,0,0,5,0,1,0
1120.21,9,1,1,1,4,1,1,0
1493.43,299,6,0,0,0,1,1,0
6016.22,12,4,1,1,1,1,1,0
1395.14,24,4,2,0,2,0,1,0
14789.65,22,6,1,0,7,0,1,0
1930.45,923,3,1,0,1,1,0,0
188.53,35,2,1,0,2,0,1,0
2329.34,408,4,1,1,2,1,1,0
1605.45,846,8,1,0,2,1,1,0
3982.85,87,7,0,0,3,0,1,0
2149.91,179,7,1,0,2,0,1,0
954.84,271,3,0,0,3,0,0,0
322.37,89,0,1,0,1,0,1,0
889.78,31,5,1,1,2,1,1,0
468.47,102,6,1,0,4,0,1,0
613.68,266,5,0,0,2,0,1,0
1975.5,273,7,3,0,3,0,1,0
5824.94,47,6,2,0,2,0,1,0
1627.29,34,6,1,0,1,1,0,0
331.66,455,9,1,0,1,0,0,0
1710.61,8,7,1,0,3,0,1,0
3628.71,238,7,0,0,2,0,1,0
595.99,8,2,1,0,1,0,1,0
959.09,327,6,0,0,2,0,1,0
1112.86,424,7,1,0,2,0,1,0
500.25,63,4,0,0,1,0,0,0
2097.04,13,10,1,1,2,0,0,0
971.7,117,7,1,0,2,0,1,0
1668.25,63,4,1,0,0,0,1,0
451.47,97,9,2,0,1,0,1,0
708.07,196,9,0,1,2,0,1,0
2258.33,42,3,1,0,0,0,1,0
755.34,79,4,1,1,2,0,1,0
6166.98,274,7,0,0,1,0,1,0
735.36,185,5,0,0,0,0,1,0
1372.91,71,7,0,0,2,0,1,0
2786.64,196,7,2,0,1,0,1,0
265.51,260,2,0,0,1,0,1,0
188.52,161,3,0,0,0,0,1,0
238.49,49,2,0,1,3,1,1,1
3876.1,1,4,0,0,0,0,1,0
631.53,292,1,1,0,1,0,0,0
14160.32,311,3,1,0,1,0,1,0
623.75,215,4,1,0,2,0,1,0
1318.9,14,3,2,0,1,0,1,0
5126.15,158,8,1,0,3,1,1,0
8152.61,309,2,4,0,2,0,0,0
8617.1,88,6,1,1,2,0,1,0
3671.54,39,7,2,0,1,0,1,0
3053.56,159,5,2,0,2,0,1,0
1983.32,315,3,0,0,4,0,1,0
2388.36,9,9,1,0,2,0,1,0
631.95,163,8,1,0,0,0,1,0
483.86,185,6,0,0,2,0,1,0
1092.94,166,3,0,0,2,0,1,0
925.02,188,0,1,0,3,1,1,0
696.99,179,10,1,0,6,0,1,0
2200.38,25,4,1,0,2,0,1,0
2850.66,48,2,1,0,4,0,1,0
1198.0,173,4,1,1,3,0,1,0
4805.57,3,8,0,0,0,0,1,0
350.13,181,1,2,0,1,0,1,0
903.56,197,3,0,0,3,1,1,0
535.49,49,5,0,0,5,0,1,0
169.6,164,3,0,0,0,0,1,0
1009.61,137,3,1,0,6,0,1,0
970.93,54,4,0,0,1,0,1,0
4981.32,111,2,1,1,1,0,1,0
2060.72,432,3,1,1,4,0,1,0
393.79,100,7,0,1,0,0,1,0
7002.99,178,5,0,0,2,0,1,0
3718.34,6,5,1,0,0,0,0,0
1962.74,14,5,1,0,2,0,0,0
874.38,15,8,1,0,2,0,1,0
420.13,271,8,1,0,2,0,1,0
755.81,77,4,1,0,4,1,1,0
3257.61,46,11,0,0,1,0,0,1
7219.83,247,3,2,1,2,0,1,1
5131.96,33,7,0,1,3,0,1,0
672.6,50,7,0,0,4,1,1,0
357.95,101,5,1,1,1,0,1,0
1262.55,72,3,1,0,1,0,1,0
187.08,158,9,1,0,2,0,1,0
1515.0,74,6,3,0,2,0,1,0
946.15,89,5,3,0,2,0,1,0
688.12,357,5,0,0,1,0,1,0
222.58,388,8,0,1,2,0,1,0
1832.8,316,3,0,0,2,0,1,0
643.74,360,6,2,0,2,0,1,0
340.39,151,5,1,1,6,1,1,0
62.04,187,5,0,0,1,0,1,0
1066.87,146,6,2,0,1,0,1,0
6452.68,277,7,1,0,4,0,1,0
5774.8,144,5,2,0,3,0,1,0
694.3,21,4,1,0,1,0,1,0
600.52,298,4,0,0,5,0,1,0
1752.46,257,5,1,1,1,0,1,0
404.08,308,0,1,0,4,0,1,0
1482.95,38,7,3,0,3,0,1,0
2359.21,57,5,1,0,0,0,1,0
3740.35,63,3,0,0,1,0,1,0
992.12,127,0,3,0,2,0,1,0
894.55,25,12,1,0,1,0,1,0
455.78,87,6,0,1,2,1,1,0
479.68,36,1,1,0,4,0,1,0
874.39,55,5,1,0,1,0,0,0
1583.46,220,3,1,0,0,0,1,0
2734.17,347,4,0,0,6,1,1,0
491.19,4,5,4,0,2,0,1,0
4878.97,150,4,3,0,5,0,0,0
836.21,6,4,1,1,1,0,1,0
1073.45,16,7,0,1,2,0,1,0
519.46,219,6,0,1,2,0,1,0
97.1,239,7,2,0,4,0,1,0
2654.59,302,5,1,1,3,0,1,0
2291.23,115,4,0,0,1,1,1,0
827.72,353,5,1,0,4,0,1,0
1172.61,32,3,0,0,4,0,1,0
1837.09,51,7,1,1,1,0,1,0
229.86,26,6,3,0,1,0,1,0
646.1,287,3,2,0,2,0,1,0
2426.64,46,5,0,0,3,0,1,0
312.85,30,7,0,1,0,0,1,0
1470.79,175,5,0,1,4,0,1,0
282.43,14,7,1,0,1,0,1,0
1748.35,8,5,1,0,2,0,1,0
1058.24,20,4,1,0,3,0,1,0
218.08,1,2,1,1,3,0,1,0
3514.81,214,4,2,1,2,0,1,0
526.06,148,6,0,0,2,0,0,0
487.72,42,5,0,0,1,1,1,0
1340.19,47,6,1,1,3,0,1,0
3458.66,299,5,0,0,0,0,1,0
397.1,125,4,0,0,1,1,1,0
1166.4,215,2,0,0,2,0,1,0
1683.81,108,4,2,0,3,0,1,0
2193.18,48,5,0,0,4,0,1,0
1308.24,633,7,1,0,3,1,1,0
759.74,150,5,0,0,0,0,1,0
479.34,25,4,0,0,3,0,1,0
1195.29,93,6,0,0,2,0,1,0
375.35,71,6,0,0,3,0,1,0
59.07,43,3,0,0,7,1,1,0
1696.9,487,4,2,0,4,0,1,0
2707.92,383,6,2,0,0,1,1,0
103.24,39,3,3,0,6,1,1,0
399.52,78,6,2,0,1,0,1,0
2036.84,258,4,0,0,3,0,1,0
8582.63,42,5,0,1,2,1,1,1
1119.67,161,6,0,0,3,0,1,0
529.53,216,1,0,0,1,1,1,0
913.34,191,5,1,0,2,0,1,0
4336.73,220,6,1,0,3,0,1,0
574.81,220,7,3,0,3,0,1,0
493.15,602,3,0,0,1,0,0,0
676.72,76,5,1,1,1,0,1,0
422.7,379,2,1,0,4,0,1,0
1239.76,3,2,2,0,0,0,1,0
5567.37,61,7,2,1,1,0,1,0
1514.86,8,0,0,0,2,0,1,0
852.05,189,3,0,0,5,0,1,0
819.09,19,9,3,0,2,0,1,0
229.71,336,7,3,0,3,0,1,0
2652.11,187,4,3,0,3,1,1,1
1014.51,5,6,0,0,2,0,1,0
915.55,225,5,0,1,3,0,1,0
26718.4,356,5,1,0,2,0,1,0
1478.46,194,6,2,0,3,1,1,0
517.09,5,5,1,0,1,1,1,0
715.97,351,9,0,1,2,0,1,0
3458.0,237,6,1,1,4,0,0,0
1228.16,85,9,0,0,1,1,1,0
260.27,71,3,3,0,1,0,1,0
2749.65,117,8,3,1,3,0,1,0
562.2,363,4,0,0,3,0,1,0
7138.78,52,5,0,0,0,0,1,0
3229.39,19,5,1,1,2,0,1,0
701.12,359,10,0,0,2,0,1,0
3948.21,4,2,0,0,0,0,1,0
1173.63,435,12,1,0,3,1,1,0
2572.86,65,4,1,0,1,0,1,0
1780.65,127,5,3,0,2,0,1,0
470.43,25,8,0,0,0,0,1,0
576.2,418,3,1,0,2,0,1,0
3071.62,249,7,1,0,4,0,1,0
784.64,464,6,3,1,0,0,1,1
732.42,206,5,2,0,3,0,1,0
421.95,36,3,0,0,2,0,0,0
1675.05,66,9,2,0,0,0,1,0
8625.9,120,2,0,0,3,0,1,0
377.08,168,5,2,0,3,0,1,0
1123.52,469,8,1,0,4,0,1,0
4501.75,87,11,0,1,5,0,1,0
1012.68,218,4,1,0,0,0,1,0
1723.95,583,5,0,0,2,0,1,0
379.03,29,5,0,0,5,0,1,0
1682.96,357,4,1,0,0,0,1,0
909.46,98,2,2,0,4,0,1,0
2938.72,237,5,1,1,0,0,1,0
3595.31,62,8,1,0,3,0,1,0
14611.49,73,5,0,0,3,0,1,0
1957.91,4,9,1,0,2,0,1,0
1518.98,639,2,0,1,0,0,1,0
1331.93,302,11,1,0,5,0,1,0
770.34,17,4,0,0,4,0,1,0
1538.38,1371,9,0,1,1,0,1,0
816.15,167,1,2,0,3,0,1,0
1297.85,346,4,2,0,4,1,1,0
4095.31,12,4,2,0,1,0,1,0
400.8,88,4,1,0,1,1,1,0
3428.5,199,7,0,0,2,0,1,0
4093.33,20,3,1,0,1,0,1,0
974.51,120,6,0,1,2,0,1,0
131.39,105,2,2,0,2,0,1,0
597.16,43,10,1,1,2,0,1,0
4011.8,64,5,1,0,0,0,1,0
1071.84,614,2,0,0,0,0,1,0
403.71,61,8,3,0,3,0,1,0
661.97,43,7,0,0,4,0,1,0
2541.78,138,5,1,0,6,0,1,0
1894.54,200,6,2,1,0,0,1,0
863.56,232,5,0,0,2,1,1,0
759.89,252,2,1,0,3,0,1,0
741.18,6,6,1,0,0,0,1,0
435.98,90,7,0,1,5,1,1,0
5515.82,267,3,0,1,5,0,1,0
794.47,423,8,0,0,4,0,1,0
3703.96,165,3,1,0,5,0,1,0
5020.66,9,7,2,0,2,1,1,0
2975.93,90,2,1,0,1,0,1,0
712.21,13,4,2,0,1,0,1,0
1642.1,248,2,1,0,3,0,1,0
1070.42,11,5,0,0,0,0,1,0
444.21,36,7,1,1,4,1,1,0
1516.8,97,4,2,0,3,0,1,0
337.3,111,7,0,0,2,0,1,0
3596.37,93,6,0,0,5,0,1,0
689.1,112,9,1,0,1,0,1,0
1340.98,224,9,2,0,1,1,0,0
1455.77,82,5,3,0,1,0,1,0
846.49,142,5,1,0,1,0,1,0
1971.78,65,3,0,0,1,0,1,0
682.05,78,1,1,0,4,0,0,0
2620.96,171,5,3,1,2,0,1,1
285.44,121,10,0,0,2,0,1,0
1244.36,231,6,2,0,0,1,1,0
7623.03,147,7,3,0,1,0,1,0
403.3,292,3,0,0,1,0,1,0
556.83,105,6,2,0,4,1,1,0
1833.36,121,6,2,0,4,0,1,0
1312.36,199,4,0,0,3,0,0,0
1557.18,45,5,0,0,1,0,1,0
1788.6,87,6,0,1,0,0,1,0
2068.79,176,4,2,0,3,0,0,0
3326.58,5,6,1,0,3,1,1,0
1652.13,103,2,0,1,3,0,1,0
861.56,164,5,1,0,2,0,0,0
2148.6,616,4,0,0,0,0,1,0
7331.11,377,6,1,0,2,0,1,0
960.42,59,3,1,0,3,1,1,0
413.84,127,8,0,0,2,0,1,0
3317.88,10,3,3,0,2,0,1,0
972.26,49,5,1,0,2,1,1,0
124.88,268,5,0,1,1,1,1,0
2559.13,23,3,1,0,1,0,1,0
642.05,53,5,0,0,4,0,1,0
1001.71,518,9,0,0,3,0,1,0
1528.41,312,5,0,1,3,1,1,1
1326.77,274,4,0,0,0,0,1,0
2229.32,359,12,3,0,1,0,1,0
709.47,249,2,0,1,4,0,1,0
1831.89,23,3,2,0,7,0,1,0
845.94,130,4,2,1,3,1,1,0
2295.74,105,5,0,1,0,0,1,0
2029.14,67,6,0,0,1,0,1,0
430.33,323,4,1,0,2,0,1,0
3248.61,112,5,0,0,1,0,1,0
641.65,11,0,2,0,2,0,1,0
2460.35,57,3,0,0,1,0,1,0
1583.33,46,4,2,0,2,1,1,0
6892.46,393,5,1,0,4,0,1,0
877.02,187,3,2,0,2,0,1,0
773.31,147,6,1,0,3,0,1,0
1075.54,127,5,0,1,4,0,1,0
809.83,189,4,1,0,1,0,0,0
2440.46,253,6,1,0,4,0,1,0
217.82,145,0,1,0,2,0,1,0
382.34,501,5,2,0,1,0,1,0
376.98,677,3,1,0,1,0,1,0
2836.45,966,5,2,0,1,0,1,0
6066.96,199,8,0,0,3,0,1,0
987.87,485,3,0,1,1,0,1,0
926.28,93,2,1,0,3,0,1,0
1176.21,353,3,0,0,1,0,1,0
3504.76,431,6,0,0,4,0,1,0
433.83,422,7,0,0,1,0,1,0
1391.82,319,8,2,1,2,0,1,0
2907.93,93,3,1,0,0,0,1,0
1810.02,31,4,0,0,1,0,1,0
1325.55,73,6,0,0,3,0,1,0
2984.08,262,5,0,1,3,1,0,1
73.46,47,6,0,0,2,0,0,0
2160.03,117,6,0,1,4,0,1,0
570.16,149,2,0,0,2,1,1,0
175.8,166,3,0,0,2,0,0,0
1828.41,494,8,1,0,2,0,1,0
4331.45,194,2,1,0,2,0,1,0
955.8,277,3,1,1,3,0,1,0
2843.74,156,8,0,0,3,0,1,0
5498.76,322,5,2,0,4,0,1,0
4084.34,55,4,1,1,1,0,1,0
5653.13,42,4,0,0,1,0,1,0
2303.37,469,3,0,0,2,0,1,0
1182.56,212,5,0,0,1,0,1,0
220.97,200,3,2,0,2,0,1,0
857.43,113,1,1,0,1,1,1,0
471.89,85,5,1,0,0,1,1,0
9613.68,146,4,1,0,2,0,0,0
919.76,23,5,1,0,3,1,1,0
1240.42,109,5,0,0,0,1,1,0
1903.57,109,1,0,0,2,0,1,0
1145.51,139,2,1,1,3,0,1,0
5973.28,181,5,0,1,5,0,1,0
588.37,567,3,0,0,1,0,1,0
1332.23,190,6,1,1,1,0,1,0
521.93,387,5,1,0,1,0,1,0
292.94,146,6,1,0,1,0,1,0
594.8,177,7,0,1,1,0,1,0
1056.76,13,9,0,0,2,0,1,0
713.87,25,4,0,1,2,0,1,1
548.71,156,6,0,0,2,1,1,0
268.72,90,9,0,1,1,0,1,0
1009.18,288,7,1,1,3,0,1,0
243.54,141,1,0,0,3,0,1,0
2345.04,385,2,3,0,2,0,1,0
1190.87,645,5,0,0,1,0,1,0
255.3,28,4,0,0,2,0,1,0
804.96,90,7,0,0,0,0,1,0
516.9,196,5,0,1,0,0,1,0
1508.96,65,5,0,0,2,0,1,0
4189.98,55,7,0,0,3,0,1,0
168.15,302,3,4,1,3,0,1,1
1230.32,707,6,2,0,6,1,1,0
934.37,267,6,1,0,1,0,1,0
2145.96,133,11,1,0,3,0,1,0
1357.22,105,5,2,0,0,0,1,0
516.99,139,9,3,0,3,1,0,0
797.07,111,9,4,0,0,0,1,0
494.71,125,10,1,0,0,0,1,0
3216.37,40,7,1,0,2,0,1,0
1120.26,421,7,1,0,0,0,1,0
7340.71,252,4,2,1,0,0,1,0
1032.09,205,4,0,0,4,0,1,0
540.01,538,3,0,1,0,1,1,0
241.36,60,4,0,1,1,1,1,0
180.7,15,5,2,1,2,1,1,0
224.95,314,7,1,0,2,0,0,0
1432.43,1160,5,2,0,0,0,1,0
1823.89,155,3,3,0,3,0,1,0
225.61,10,4,1,1,1,0,1,0
2683.93,272,7,0,0,2,1,1,0
676.5,13,7,3,0,1,0,1,0
1270.03,139,6,1,0,1,0,1,0
5498.45,58,2,1,0,1,0,1,0
2688.77,443,7,1,1,3,0,1,0
838.38,108,6,1,1,0,0,1,0
449.8,411,4,0,0,0,0,1,0
127.51,63,4,0,1,3,1,1,0
534.24,88,5,1,0,2,1,1,0
887.91,529,6,1,0,3,0,1,0
408.63,40,4,2,0,2,1,0,0
961.74,155,7,0,0,1,1,0,0
1184.23,88,7,4,0,2,0,0,1
875.81,267,3,1,0,0,0,1,0
572.49,24,6,2,0,2,0,1,0
1298.1,103,4,1,1,1,0,1,0
1706.06,216,7,1,1,1,0,1,0
368.56,94,3,0,0,2,0,1,0
4495.95,10,2,2,0,1,0,1,0
993.68,219,4,2,0,5,0,1,0
1117.5,125,8,0,1,2,0,0,0
2226.56,2,6,0,1,2,0,1,0
1384.67,170,4,1,1,2,0,1,0
2844.48,454,6,2,0,1,1,1,0
1461.36,21,3,1,0,3,0,1,0
594.41,160,4,4,0,0,0,0,0
1574.2,234,5,2,0,3,0,1,0
349.42,13,4,1,1,1,0,1,0
1222.39,4,4,0,0,1,0,1,0
1060.79,112,12,0,0,3,0,1,0
890.59,281,5,0,1,1,0,1,0
964.36,31,4,2,0,1,0,1,0
167.03,326,3,0,1,0,0,1,0
633.51,192,10,1,1,0,0,1,0
1203.33,72,4,0,0,2,1,1,0
1286.73,130,6,2,0,1,0,1,0
392.42,606,6,1,0,0,0,1,0
3888.22,43,1,0,1,2,0,0,1
461.2,124,5,0,0,0,0,1,0
2891.29,176,5,1,0,1,0,1,0
1681.08,26,8,2,0,1,0,1,0
574.66,8,5,1,0,2,0,0,0
6472.46,2,7,0,0,2,1,1,0
332.41,70,3,4,1,1,0,1,0
2749.44,13,4,4,1,2,1,1,0
2982.69,293,5,1,0,1,0,1,0
560.81,1065,5,1,0,4,1,1,0
4413.69,11,8,0,1,1,0,1,0
854.02,102,8,3,0,1,0,1,0
1463.66,4,3,2,1,5,0,1,0
1422.71,25,3,0,0,0,0,1,0
958.81,70,6,1,0,0,0,1,0
2467.12,90,6,2,0,3,0,1,0
2424.76,505,4,0,0,3,0,1,0
190.85,90,2,1,0,5,0,1,0
4041.37,123,8,0,1,2,0,1,0
207.99,50,6,3,0,4,0,0,0
3079.57,1,3,1,0,0,0,1,0
3383.63,413,3,0,0,4,0,1,0
368.35,15,6,2,0,2,0,1,0
727.19,599,2,1,0,0,0,1,0
362.96,25,11,0,0,3,0,1,0
884.55,167,5,0,0,3,0,1,0
805.9,1338,7,0,0,3,0,1,0
2391.46,26,7,0,0,2,0,1,0
4065.57,99,4,0,0,3,0,1,0
4427.91,272,2,0,1,1,0,1,0
625.05,5,5,2,1,0,0,1,0
889.61,210,3,1,1,1,0,1,0
203.68,15,3,0,0,5,0,1,0
489.87,48,7,6,0,3,0,1,0
2878.0,31,9,2,1,2,0,0,0
5516.96,428,2,1,0,2,0,1,0
319.15,35,4,2,1,1,0,1,0
606.4,7,5,3,0,5,0,1,0
1068.05,159,3,0,1,3,1,1,1
1451.22,76,7,1,0,2,0,1,0
488.04,93,8,1,0,0,0,1,0
1675.83,22,4,2,0,0,0,1,0
682.77,248,2,2,0,3,1,1,0
1080.9,165,9,0,0,4,0,1,0
1893.69,81,2,3,0,1,0,1,0
1103.7,33,5,2,0,1,0,0,0
708.83,162,2,0,0,0,0,1,0
982.78,271,9,0,0,4,0,1,0
1003.89,67,3,1,1,3,0,1,0
757.47,4,4,4,1,6,0,0,1
846.58,43,5,0,0,1,0,1,0
5424.32,206,4,0,0,3,1,1,0
1921.61,813,9,0,0,2,1,1,0
816.09,2,4,1,0,3,1,1,0
2201.63,65,7,1,0,5,1,1,0
785.39,11,4,1,0,2,1,1,0
3544.4,68,1,1,1,1,1,1,0
1587.07,93,4,0,0,2,0,1,0
985.06,456,5,1,0,3,0,0,0
1715.94,15,4,2,0,5,0,1,0
227.95,270,6,3,0,5,0,1,0
355.4,90,5,2,0,3,0,1,0
332.31,300,4,2,0,1,1,1,0
1265.15,129,9,0,1,2,0,0,0
6201.3,7,2,1,0,2,0,1,0
10211.81,526,5,3,1,4,0,1,0
2075.69,15,7,4,0,1,1,1,0
1809.57,163,4,1,0,1,0,1,0
181.08,378,6,2,0,0,1,1,0
637.35,14,9,4,0,2,0,1,0
498.81,145,8,1,0,4,1,1,0
589.43,313,1,0,0,2,0,1,0
926.91,772,4,1,0,3,0,1,0
683.97,231,7,2,0,2,0,0,0
151.52,58,8,0,0,1,0,1,0
2316.73,216,5,1,0,1,0,1,0
375.12,220,8,0,0,2,1,0,0
1393.04,216,4,0,1,2,0,1,0
8726.18,346,8,2,0,5,0,1,0
437.3,16,3,1,0,2,0,1,0
87.33,20,3,3,0,2,0,1,0
823.86,184,2,0,0,3,0,1,0
3297.63,553,6,1,0,2,0,1,0
7772.5,112,4,0,0,1,0,1,0
320.68,581,14,0,0,2,1,1,0
1802.08,500,4,3,0,3,0,1,1
688.62,419,7,1,0,3,1,0,0
986.39,433,8,1,1,2,0,1,0
15434.23,411,4,0,0,1,0,1,0
243.97,308,7,0,1,0,0,1,0
1413.38,213,4,1,1,1,0,1,0
1750.56,4,3,0,1,4,1,1,1
3247.97,25,2,1,0,2,0,1,0
1209.53,25,5,2,0,1,0,1,0
1492.27,4,8,0,1,2,0,1,0
741.26,22,3,2,0,2,0,1,0
1435.3,454,2,0,0,3,1,1,0
778.06,196,9,2,0,1,0,1,0
2041.77,67,2,1,0,3,0,1,0
757.78,283,4,2,0,4,1,1,0
1598.95,120,7,1,0,0,0,1,0
1065.01,27,6,2,0,3,0,1,0
3381.42,388,5,2,0,3,0,1,0
1041.7,74,4,0,0,2,0,1,0
186.23,216,5,1,0,1,1,1,0
3873.53,61,5,1,1,1,0,1,0
443.31,124,8,1,0,0,0,1,0
570.34,304,3,0,0,2,0,1,0
604.46,30,3,1,0,2,0,0,0
4334.83,680,2,1,0,5,0,1,0
129.58,13,3,1,1,1,1,1,1
25279.49,137,9,0,0,1,0,1,0
3152.83,445,6,2,0,0,0,0,0
1370.92,524,2,0,0,0,0,1,0
1038.06,47,5,0,0,2,0,1,0
1459.07,27,5,1,0,2,1,1,0
1846.64,231,6,4,0,1,1,0,1
2090.62,7,6,0,0,0,1,0,0
1911.43,119,7,1,0,2,0,1,0
1199.4,286,2,0,0,1,0,0,0
900.24,147,1,0,0,2,0,1,0
942.68,37,2,0,0,2,0,1,0
902.43,120,4,2,0,1,0,1,0
3407.62,457,7,1,0,4,1,1,0
1985.36,172,6,2,0,1,0,1,0
57.95,230,6,0,0,1,0,1,0
2113.08,73,8,3,0,1,0,1,0
1332.4,37,5,2,0,2,0,1,0
1076.31,53,7,2,0,0,0,1,0
743.58,137,7,2,0,2,0,1,0
3374.87,59,5,1,1,4,0,1,0
2828.57,140,5,1,1,2,0,1,0
506.3,221,7,0,1,0,1,1,1
1647.56,238,10,0,1,4,0,1,0
415.03,32,6,4,0,2,0,1,0
275.99,249,1,1,0,3,0,0,0
585.98,201,5,0,0,3,0,1,0
2597.73,2,6,4,0,3,0,1,0
2844.45,10,5,3,0,1,0,1,0
1831.86,187,2,1,0,2,0,0,0
2264.47,87,5,0,0,4,0,1,0
1837.53,28,6,0,0,2,0,1,0
577.39,8,7,0,0,1,0,0,0
1689.05,31,3,0,0,2,0,0,0
2441.6,568,5,1,1,4,0,1,0
2331.56,234,5,0,1,0,0,1,0
3600.81,135,3,0,0,1,1,1,0
2226.76,511,3,0,0,2,0,1,0
1558.45,173,1,0,0,3,0,0,0
3197.58,232,4,0,0,4,1,1,0
1067.93,59,5,0,0,1,0,1,0
454.01,160,8,0,1,2,0,1,0
931.63,27,4,1,0,4,0,1,0
520.66,93,7,0,0,3,0,0,0
558.26,6,3,1,1,2,0,1,1
949.07,43,6,1,1,0,0,1,0
496.5,14,4,0,0,5,0,1,0
805.96,88,7,2,1,3,0,1,0
165.07,333,2,0,0,2,0,1,0
1357.36,85,6,5,0,1,0,1,0
1097.96,320,6,1,1,0,0,1,0
484.4,192,4,5,1,2,0,1,0
2120.16,128,7,1,1,3,0,0,1
2800.55,48,8,2,0,4,1,1,0
219.74,459,4,1,0,1,0,1,0
511.46,10,9,4,1,2,0,1,0
508.19,210,3,2,0,0,1,1,0
428.42,174,6,0,0,2,0,1,0
2513.61,104,4,1,0,1,0,1,0
903.41,49,1,2,0,1,0,1,0
841.75,101,6,1,0,1,1,1,0
147.84,371,6,1,0,3,0,1,0
2070.24,326,4,0,1,2,0,1,0
317.58,510,8,2,0,2,0,1,0
1164.37,66,4,1,1,1,0,1,0
1447.19,88,7,1,0,1,0,1,0
4275.51,3,7,1,0,4,0,1,0
296.24,515,4,0,0,0,0,0,0
53.54,71,7,4,0,2,1,0,0
1317.97,93,2,1,0,2,0,1,0
6637.64,429,9,1,0,2,0,0,0
3785.55,134,5,0,0,4,1,1,0
1352.43,150,9,1,0,3,0,1,0
670.73,34,10,1,0,1,0,1,0
2458.05,124,4,1,1,0,0,1,0
414.24,450,9,0,0,3,0,1,0
1765.8,147,5,0,0,2,0,1,0
1817.96,53,3,1,0,6,0,1,0
3165.95,5,3,0,0,1,1,1,0
17320.74,73,6,1,0,3,0,1,0
1623.62,153,3,1,0,0,0,1,0
659.21,7,7,1,1,0,0,1,0
1068.94,169,3,0,1,4,0,1,0
186.97,133,6,2,0,2,0,1,0
547.46,275,2,1,0,3,0,1,0
728.3,5,5,2,1,2,0,1,0
649.31,273,5,0,0,0,1,1,0
1277.11,132,4,1,0,6,0,1,0
481.82,83,8,2,0,3,1,1,0
3364.49,605,7,1,0,2,0,1,0
1096.86,31,4,0,0,3,0,1,0
1086.48,140,4,1,1,5,0,1,0
790.06,69,3,1,0,3,1,1,0
1280.74,134,4,3,0,2,1,1,0
2502.63,144,3,1,0,2,0,1,0
460.76,16,2,0,1,0,0,1,0
567.86,194,5,0,0,7,0,1,0
809.38,181,8,1,0,1,1,1,0
285.47,264,7,2,0,5,0,1,0
483.35,17,7,0,0,2,1,1,0
681.15,63,4,0,0,1,0,0,0
2629.08,189,3,1,0,2,0,1,0
1425.9,26,4,2,0,1,0,1,0
1330.87,203,5,1,0,2,0,1,0
2568.04,10,2,0,1,3,0,0,0
955.88,73,7,1,0,2,0,0,0
1620.46,337,2,3,1,2,0,1,0
989.08,267,6,1,0,0,0,1,0
1429.9,186,9,1,0,4,1,1,0
612.31,367,6,0,1,0,0,0,0
95.7,222,9,1,1,4,0,1,0
958.84,131,2,1,1,5,0,1,0
4549.39,701,4,1,0,1,1,1,0
2768.93,213,4,1,0,1,0,1,0
2879.57,165,5,2,0,3,0,1,0
3774.91,94,4,0,0,2,0,1,0
1198.3,418,6,1,0,3,0,1,0
1335.84,63,5,3,0,2,1,1,1
591.31,1,3,2,0,1,1,1,0
799.45,39,6,1,0,0,0,1,0
2029.96,20,5,0,0,0,0,0,0
3655.12,69,5,0,0,2,0,1,0
953.9,314,5,2,1,2,0,1,0
699.11,189,3,0,1,1,1,1,0
1097.21,33,8,0,1,5,1,1,0
2000.61,279,8,0,0,2,0,1,0
258.82,126,4,0,0,3,0,1,0
110.37,129,2,1,0,1,0,1,0
632.36,80,6,0,0,0,0,0,0
323.53,359,7,2,1,0,0,1,0
659.75,68,9,1,0,2,1,1,0
945.98,17,7,0,0,4,0,1,0
696.98,64,5,0,0,5,1,1,0
4686.62,226,7,2,0,0,0,0,0
1520.42,192,4,1,1,2,0,1,0
1481.0,37,8,0,0,1,0,1,0
2043.07,21,6,0,0,2,0,1,0
351.13,194,2,1,0,2,0,1,0
3099.86,203,5,0,1,2,0,1,0
1016.62,82,4,3,1,4,1,1,1
2144.11,333,4,0,0,4,0,0,0
375.46,688,5,0,0,3,0,0,0
231.88,41,6,0,0,1,0,1,0
2484.66,154,4,3,0,6,0,1,0
1597.84,1,6,0,0,2,0,1,0
444.94,224,4,3,0,3,0,1,0
459.59,96,4,1,0,4,0,0,0
3379.34,38,8,2,0,2,0,1,0
333.82,251,4,2,0,3,0,1,0
5668.46,299,4,1,1,3,0,0,0
445.58,21,5,2,0,2,0,0,0
2076.4,7,4,2,0,3,0,1,0
789.49,73,4,0,0,1,0,1,0
2004.58,177,5,1,0,1,0,1,0
636.44,283,3,0,1,4,0,1,0
931.88,142,10,0,0,1,0,1,0
1142.44,156,5,0,0,3,1,1,0
402.55,289,7,3,0,1,0,1,0
2300.37,135,3,1,0,1,0,1,0
656.41,170,4,0,1,0,0,1,0
872.53,130,2,0,0,3,0,1,0
405.71,382,10,0,0,3,0,1,0
84.58,48,6,0,0,3,0,1,0
905.94,55,6,3,0,5,0,1,0
12241.85,24,5,2,0,3,0,1,0
2403.31,308,5,0,1,3,0,1,0
1075.71,95,9,0,0,1,0,1,0
843.12,76,6,5,1,3,0,1,0
1121.55,716,2,1,0,1,0,1,0
1895.27,470,2,0,0,3,0,1,0
336.7,643,5,2,0,1,0,1,0
3341.99,27,6,1,0,3,0,1,0
2242.58,399,7,1,0,4,0,1,0
2248.88,71,5,1,1,4,1,1,0
1700.16,2,6,0,0,3,0,1,0
1118.36,89,10,1,0,2,0,1,0
2149.22,128,6,2,0,2,1,1,0
1981.91,20,5,0,0,3,1,1,0
769.67,138,4,1,0,1,0,1,0
617.94,308,3,2,1,3,0,1,0
1214.22,85,4,2,0,6,0,1,0
5161.69,78,1,0,0,6,0,1,0
317.63,74,7,0,0,0,0,1,0
252.77,461,5,2,1,1,0,1,0
1293.05,8,6,1,0,1,0,1,0
1153.88,106,2,1,0,1,0,1,0
1304.2,55,3,0,0,1,0,1,0
1399.62,403,4,1,0,1,0,1,0
877.26,18,4,0,0,6,0,1,0
4865.2,95,3,1,0,0,0,1,0
221.21,94,4,1,0,1,0,1,0
478.91,394,3,1,0,2,0,1,0
989.05,43,3,2,0,2,1,1,0
212.05,186,3,0,0,2,1,0,0
919.79,25,7,0,0,1,1,1,0
5776.02,554,8,0,0,1,0,1,0
1119.78,161,7,0,1,4,0,1,0
1381.19,177,4,0,0,2,0,1,0
311.01,102,4,3,0,3,0,1,0
592.08,75,6,0,0,1,0,1,0
753.56,43,7,1,0,4,0,1,0
798.14,166,4,0,0,1,0,1,0
3950.68,556,3,0,0,2,0,1,0
1915.42,80,6,0,0,3,0,1,0
360.88,386,1,0,0,2,0,1,0
1403.19,28,6,2,1,2,0,1,0
1804.83,495,10,1,1,2,0,1,0
3429.43,77,2,1,0,2,1,1,0
5326.98,85,7,2,0,0,1,1,0
397.39,111,9,1,0,2,0,1,0
487.43,228,8,1,0,4,1,1,0
311.82,228,4,1,1,2,0,1,0
867.82,117,6,2,0,1,0,0,0
1748.23,133,5,1,0,1,0,1,0
2943.44,5,4,1,0,2,0,1,0
1016.43,65,6,4,0,1,0,1,0
796.44,76,6,1,1,0,0,0,0
1276.35,147,5,1,0,0,0,1,0
475.73,147,10,2,0,1,0,1,0
8862.1,222,4,4,1,3,0,1,0
219.72,227,9,1,0,1,0,0,0
1319.15,48,5,3,0,1,0,1,0
8296.64,264,5,1,0,1,0,1,0
1104.12,3,7,0,0,2,0,1,0
906.84,226,6,0,0,4,1,1,0
767.05,19,5,3,0,0,0,1,0
915.63,235,3,1,0,4,0,1,0
4327.95,134,9,1,0,2,1,1,0
120.08,103,6,2,0,2,0,1,0
5081.87,211,1,0,0,3,0,0,0
264.02,6,5,0,0,1,0,1,0
839.95,45,3,1,0,1,0,1,0
713.91,172,5,0,0,3,0,1,0
1975.45,338,3,2,0,1,0,1,0
221.82,86,3,0,0,0,0,1,0
1740.93,53,3,1,0,2,0,1,0
8302.48,131,3,0,0,4,0,1,1
280.57,175,4,2,0,3,0,1,0
1325.71,98,1,0,0,1,0,1,0
565.67,376,0,1,0,3,0,1,0
1678.89,133,2,1,0,1,0,1,0
1117.83,6,4,0,0,2,0,1,0
577.39,45,6,0,0,1,0,1,0
1786.25,107,4,0,0,0,0,0,0
6663.15,215,6,4,0,3,0,1,0
906.05,44,2,1,1,4,0,0,1
2252.41,673,3,3,1,4,1,1,1
300.88,69,5,2,0,1,1,1,0
421.39,136,4,0,0,0,0,1,0
1758.83,3,4,0,0,1,0,0,0
4837.32,389,7,0,0,3,1,1,0
1564.96,279,4,0,0,1,0,1,0
801.87,39,6,1,1,0,1,1,0
1095.86,487,2,0,0,0,0,1,0
314.06,68,9,1,0,1,0,0,0
2007.24,212,3,2,1,5,0,1,0
2650.05,307,6,1,0,4,0,1,0
697.78,243,6,0,0,1,0,1,0
685.37,449,4,0,0,3,0,1,0
1430.64,359,6,1,0,5,0,1,0
708.59,940,6,3,0,1,1,1,0
1026.46,36,7,0,0,1,1,1,0
8952.8,65,8,0,0,2,0,1,0
856.6,182,2,1,0,2,0,0,0
766.37,237,5,2,1,2,0,1,0
573.9,137,4,1,1,1,0,0,0
2308.13,13,5,2,0,2,0,1,0
914.86,331,7,0,0,3,1,0,0
572.85,583,3,2,0,2,1,1,0
4110.52,93,8,1,0,1,0,1,0
4535.1,45,7,2,0,2,0,1,0
601.59,3,3,1,0,2,0,1,0
169.6,48,2,1,1,6,0,1,0
3003.44,216,9,1,1,3,1,1,0
553.01,436,6,1,0,2,0,0,0
2417.83,17,2,1,0,3,0,1,0
152.92,145,6,1,0,1,0,1,0
2677.39,214,7,0,0,1,0,1,0
326.63,58,5,0,0,1,0,1,0
2277.34,151,8,1,0,1,0,1,0
1112.4,226,4,0,0,3,0,1,0
422.45,327,7,1,0,2,0,1,0
729.94,108,2,2,0,1,1,1,0
2178.34,247,5,0,0,3,0,0,0
1219.13,64,2,0,0,3,1,1,0
1967.29,43,4,0,0,0,0,1,0
7914.41,37,11,0,0,1,0,1,0
229.47,80,4,1,0,1,1,1,0
5525.96,6,6,0,0,2,0,1,0
1217.26,59,7,0,0,1,0,1,0
446.4,190,5,2,1,1,1,1,0
289.94,187,4,2,0,1,0,1,0
907.67,13,7,1,0,1,0,1,0
2756.32,60,6,1,0,1,0,1,0
965.31,151,8,2,0,4,0,1,0
4969.9,69,5,0,0,3,1,1,0
256.94,97,4,0,0,2,1,1,0
1083.46,224,4,1,0,4,0,1,0
313.44,1,6,1,0,3,0,1,0
1577.56,58,6,0,0,7,0,1,0
2662.14,27,11,0,1,1,0,1,0
719.99,24,5,0,0,4,0,1,0
81.11,575,3,3,0,4,0,0,1
1338.02,85,6,0,0,1,1,1,0
1697.21,134,9,1,0,2,0,1,0
1643.03,238,2,0,0,3,0,1,0
3773.59,8,4,1,0,2,0,1,0
375.76,49,2,2,0,0,1,1,0
2165.09,321,3,1,0,3,0,1,0
3613.77,356,5,2,0,3,0,1,0
185.2,84,2,1,1,2,0,1,0
1509.68,84,6,0,0,2,0,1,0
662.37,254,5,0,0,1,0,1,0
1010.78,62,5,3,0,4,0,1,0
1552.58,22,2,6,0,1,0,0,0
673.69,53,5,2,0,2,0,1,0
557.96,88,5,2,1,2,0,1,1
1134.73,9,7,1,0,1,0,1,0
369.72,117,5,1,0,2,0,1,0
370.25,242,4,1,0,2,0,1,0
2163.26,129,3,1,0,4,0,1,0
347.65,13,5,0,1,2,0,1,0
2135.19,104,5,0,0,3,0,1,0
1741.66,222,7,2,1,3,0,1,0
195.23,10,4,1,1,3,0,1,0
556.93,11,5,1,1,2,0,1,0
3619.57,83,4,0,1,1,0,1,0
411.1,39,7,2,1,3,0,1,0
689.24,491,4,0,1,3,1,1,0
1740.73,156,7,1,0,0,0,1,0
2400.4,60,5,0,0,2,0,1,0
852.75,219,4,3,0,0,0,1,0
603.35,84,7,1,0,3,0,0,0
4547.67,25,3,0,0,2,0,1,0
6241.02,48,0,2,0,0,0,1,0
2918.6,185,8,1,0,2,0,1,0
1194.3,9,5,1,1,0,0,0,0
488.69,57,4,0,0,5,0,1,0
477.97,42,4,0,0,5,1,1,0
1849.21,40,5,2,1,6,0,1,0
1666.36,206,4,1,0,1,0,1,0
4454.18,314,6,4,0,1,0,1,0
2101.59,226,10,1,0,2,1,1,0
243.94,186,6,0,0,1,0,1,0
3139.9,446,5,2,0,2,1,1,0
404.21,10,2,0,0,4,0,1,0
746.97,32,5,0,0,2,1,1,0
1408.39,96,8,0,1,2,0,1,0
8068.05,83,6,0,1,2,0,1,0
24585.66,97,4,1,0,0,0,1,0
2011.68,41,6,1,0,0,0,1,0
913.06,29,7,1,0,3,0,1,0
1871.52,128,6,2,0,3,0,1,0
2664.19,473,5,3,0,2,1,1,0
795.79,89,9,0,0,2,0,1,0
6602.55,7,4,0,0,4,0,1,0
1380.32,220,6,2,1,3,0,1,0
1803.97,61,5,0,1,3,0,1,0
2134.36,50,5,0,0,1,0,1,0
1671.68,70,3,0,0,0,0,1,0
2537.51,231,6,5,0,2,0,0,0
591.55,307,10,0,0,4,0,1,0
627.47,159,6,0,0,4,0,0,0
364.98,70,5,0,0,2,0,1,0
1701.9,66,5,0,0,1,0,1,0
2389.73,23,9,1,0,2,0,1,0
1733.28,487,7,1,0,2,0,1,0
5851.73,182,5,1,1,5,0,1,0
1090.51,4,7,2,0,1,0,1,0
2140.39,195,6,0,1,1,0,1,0
368.08,106,5,1,0,4,0,1,0
744.64,647,6,0,0,2,0,1,0
2198.52,307,5,2,0,3,1,1,0
2563.43,33,6,2,0,1,1,0,0
817.32,229,3,1,0,1,0,1,0
1020.86,119,8,0,0,6,0,1,0
240.36,37,3,0,0,1,0,1,0
767.37,215,3,1,0,3,0,1,0
2671.47,142,4,1,0,3,0,1,0
1949.26,5,6,0,0,2,0,1,0
1809.25,187,4,1,0,0,0,0,0
1152.6,181,5,1,0,2,0,1,0
1104.41,28,6,0,1,3,0,0,0
566.61,77,3,3,0,0,0,1,0
2205.76,158,5,0,0,2,0,1,0
1670.66,26,6,1,0,1,0,1,0
1793.67,344,6,2,0,2,0,1,0
648.05,5,8,3,0,0,0,1,1
127.31,19,8,1,0,1,1,0,0
3285.1,22,4,0,0,2,0,0,0
679.37,135,5,0,0,0,0,1,0
462.77,174,4,0,0,1,0,1,0
2193.99,93,6,2,0,2,0,1,0
740.99,61,4,1,0,0,0,1,0
3165.09,298,6,0,0,1,0,1,0
2032.47,12,4,0,0,3,0,1,0
2172.36,59,5,0,0,2,0,0,0
279.79,7,4,3,0,2,0,1,0
3684.7,2,5,0,0,0,1,0,0
1424.04,78,3,1,0,4,0,1,0
758.03,39,6,0,0,1,0,1,0
1265.71,56,8,0,1,2,0,1,1
185.63,309,3,1,0,5,0,1,0
1650.2,32,4,1,0,2,1,1,0
391.75,272,8,2,0,2,1,1,0
283.53,202,3,0,0,2,0,1,0
239.28,71,5,1,0,2,0,1,0
3336.54,142,2,0,0,4,1,1,0
584.49,105,4,1,1,1,0,1,0
5083.36,24,3,1,0,6,0,1,0
641.75,427,6,1,0,1,0,1,0
198.87,151,2,1,1,2,1,1,0
359.05,382,3,2,0,1,0,1,0
3773.7,312,1,2,0,1,0,1,0
938.33,14,12,2,0,3,0,1,0
633.79,41,6,0,1,2,0,1,0
1286.93,28,6,3,1,2,0,1,0
1811.27,319,5,1,0,2,0,1,0
3352.29,357,3,1,0,2,0,1,0
4668.06,135,6,1,0,2,0,1,0
765.27,19,3,1,0,1,0,1,0
291.18,26,3,1,0,0,0,1,0
725.26,302,8,0,0,0,0,0,0
1422.66,476,5,0,0,2,0,1,0
418.32,40,6,1,0,4,0,1,0
421.09,2,7,1,0,5,0,1,0
1546.56,72,4,1,0,1,0,1,0
1044.56,5,7,1,0,3,1,1,0
1133.2,316,4,1,0,0,0,1,0
513.63,121,4,2,1,0,0,1,0
870.96,184,4,2,0,1,0,1,0
435.18,95,3,0,1,3,0,1,0
2670.97,76,5,3,1,0,0,1,0
3087.91,45,5,1,0,0,1,1,0
173.09,264,9,2,0,1,1,1,0
432.89,214,6,0,0,2,0,1,0
245.54,80,4,1,0,4,0,1,0
572.48,69,7,1,0,2,0,0,0
1008.85,1,5,1,0,1,1,1,0
257.33,11,6,2,0,2,0,1,0
436.22,175,2,1,0,1,0,1,0
401.84,130,4,1,0,1,0,1,0
1349.2,102,7,1,0,1,0,1,0
1175.38,316,6,1,1,1,0,1,1
532.86,126,2,1,1,0,0,1,0
1308.74,87,2,0,0,1,0,1,0
634.81,31,5,1,0,0,0,1,0
835.76,309,3,1,1,4,0,1,0
5845.64,154,9,0,0,2,0,0,0
4190.02,17,1,2,1,2,0,1,0
298.99,188,3,0,0,0,0,1,0
2514.26,99,8,0,0,2,0,1,0
2468.58,300,0,1,0,1,0,1,0
347.84,452,6,0,0,1,0,1,0
2486.86,165,3,1,0,1,1,1,0
5104.78,236,9,2,0,2,0,1,0
356.9,10,5,0,0,4,0,1,0
438.12,147,9,0,0,1,0,1,0
3034.07,253,3,2,0,3,0,1,0
1438.7,123,4,1,0,0,0,1,0
1903.55,162,2,0,1,0,0,1,0
1541.62,412,3,3,1,1,0,1,1
1620.83,39,3,0,0,1,0,1,0
291.06,18,2,0,0,2,0,1,0
3125.4,211,6,2,1,2,0,1,0
3531.9,311,2,2,0,1,0,1,0
871.84,342,2,0,1,2,0,1,0
1049.98,184,6,2,0,1,0,1,0
237.2,322,2,0,0,2,0,1,0
1834.0,217,8,0,1,0,0,0,1
1943.13,16,5,1,1,4,0,0,1
1030.51,258,2,2,1,1,0,1,0
3375.68,35,5,0,0,1,0,0,0
785.19,48,6,0,1,2,0,1,0
1928.71,90,5,1,1,3,0,1,0
395.57,67,7,2,0,2,0,1,0
1071.11,69,4,2,0,1,0,1,0
921.17,33,6,2,0,1,0,1,0
1373.76,62,5,1,0,5,0,1,0
757.84,3,5,2,0,3,0,1,0
961.53,115,6,1,0,4,0,1,0
2505.01,263,6,0,0,0,0,0,0
708.56,356,6,0,0,4,0,0,0
219.95,309,3,0,0,1,0,1,0
6308.06,96,5,3,0,3,0,1,0
4365.35,235,5,1,0,2,0,1,0
301.19,61,5,0,0,2,0,0,0
2185.74,10,3,1,0,3,0,1,0
663.17,202,7,1,0,2,0,1,0
1427.22,188,2,3,0,4,0,0,0
1471.77,291,3,1,0,4,0,0,0
867.48,172,5,0,0,2,0,1,0
500.81,30,5,1,0,2,0,1,0
549.75,345,7,0,0,3,0,1,0
438.7,177,6,2,0,2,0,1,0
477.32,296,6,1,0,0,0,0,0
1025.38,267,5,1,0,2,1,1,0
536.06,63,3,2,0,3,0,0,0
2169.07,13,5,0,0,2,0,1,0
4852.48,34,3,2,1,1,0,1,0
613.97,17,5,1,0,1,0,1,0
1393.26,50,6,0,0,0,0,1,0
1807.47,110,5,2,1,3,0,1,0
1758.12,427,4,0,0,2,0,1,0
1183.17,370,9,1,0,3,0,1,0
2304.65,228,3,1,0,2,0,1,0
1776.23,4,3,0,0,2,1,1,0
318.09,75,6,1,0,1,1,1,0
2615.36,206,3,1,0,2,0,1,0
2663.22,24,5,0,1,1,0,1,0
511.18,290,3,0,0,4,0,1,0
1139.04,442,4,2,0,1,1,1,0
2171.84,78,5,1,0,0,0,0,0
889.52,220,8,0,0,4,0,1,0
3206.64,28,4,1,0,1,0,1,0
11659.45,211,4,1,0,5,0,1,0
499.7,3,2,3,0,0,0,1,0
275.6,29,6,1,0,3,1,1,0
1485.96,222,4,1,1,2,0,1,0
2256.48,223,4,3,0,2,0,1,0
870.56,184,8,3,0,3,0,1,0
4690.34,116,7,0,0,4,0,1,0
287.55,202,5,0,0,5,0,1,0
2192.77,267,10,0,0,4,0,1,0
598.33,611,4,0,0,0,0,1,0
6120.37,395,4,1,1,4,0,1,0
8042.66,284,7,0,1,1,0,1,0
509.46,213,6,1,0,2,0,1,0
632.98,153,3,0,0,3,1,1,0
2590.45,23,5,0,0,2,0,1,0
744.62,32,4,5,0,2,0,1,0
1047.95,308,4,0,0,1,0,0,0
1124.83,292,5,1,0,3,0,1,0
160.83,171,7,1,0,1,0,1,0
1081.56,103,4,2,0,1,0,1,0
550.19,4,4,1,0,3,0,1,0
669.73,71,6,2,1,2,0,1,0
4645.4,98,3,0,0,2,1,1,0
312.15,119,6,0,0,1,0,1,0
2473.04,476,2,4,0,1,0,1,0
829.68,20,4,1,0,2,0,1,0
829.02,131,5,2,0,1,0,1,0
2417.22,82,2,1,0,5,0,1,0
1540.79,830,4,2,1,1,0,1,0
1940.33,356,5,1,1,3,1,0,0
2887.61,103,8,0,0,0,0,0,0
787.36,1457,5,1,0,2,0,1,0
594.53,129,3,1,0,2,0,1,0
370.5,32,6,2,0,1,0,1,0
480.39,146,1,2,0,0,0,1,0
20933.26,46,2,0,1,0,0,0,0
3807.32,182,7,0,0,6,0,1,0
283.99,498,5,0,0,1,0,1,0
292.23,277,6,0,0,2,0,1,0
1775.55,57,6,0,1,2,0,1,0
1895.55,63,6,1,1,2,1,1,0
1898.62,12,6,0,0,2,0,0,0
849.84,60,1,1,1,1,0,1,0
967.34,17,1,1,0,2,0,1,0
1522.15,124,9,2,0,0,0,1,0
1194.99,221,6,0,0,2,0,1,0
119.19,250,6,1,1,3,0,1,0
871.49,11,1,1,1,0,0,1,0
468.06,74,7,2,0,1,0,1,0
1306.64,61,4,0,0,1,0,1,0
21704.16,19,7,2,0,1,0,1,0
1583.64,81,6,0,0,3,1,1,0
801.49,64,7,1,0,1,0,1,0
2756.73,181,8,2,1,0,0,1,0
1777.01,386,2,0,0,3,0,1,0
1669.19,109,6,1,0,3,0,0,0
2011.93,247,1,0,1,0,0,1,0
8574.46,28,5,0,0,2,0,1,0
353.93,405,2,1,0,0,0,1,0
1760.99,29,3,2,0,2,0,1,0
434.25,38,3,1,0,3,1,1,0
1911.25,20,2,2,0,2,0,1,0
437.6,66,5,1,0,3,0,1,0
722.44,144,2,3,0,1,0,0,0
816.4,796,9,1,0,1,0,1,0
2909.73,283,6,2,1,1,1,1,1
2747.52,86,4,1,1,5,0,1,1
315.54,154,3,2,0,1,0,1,0
1158.56,175,5,1,0,1,0,1,0
539.38,311,8,2,0,2,0,1,0
311.53,240,11,0,1,2,0,1,0
882.7,151,9,0,0,2,1,1,0
805.54,199,6,0,1,0,0,1,0
12415.69,246,4,2,1,0,0,1,0
1690.8,25,3,0,0,1,0,1,0
276.55,40,4,1,0,0,0,1,0
623.42,209,3,0,0,0,0,1,0
3045.39,341,7,2,1,4,0,1,0
8852.39,94,4,4,0,3,0,1,0
224.53,703,5,0,1,2,0,1,0
167.35,43,2,0,0,0,1,1,0
7122.15,97,5,1,1,1,0,1,0
1619.08,85,5,1,0,2,1,1,0
460.22,479,3,4,0,1,0,1,0
1871.75,60,6,1,0,2,0,1,0
78.59,114,4,1,1,4,0,1,0
1100.34,37,7,1,0,2,0,1,0
1522.06,132,7,1,1,1,0,1,0
2763.55,350,4,1,1,4,1,1,0
397.86,65,4,1,0,2,0,1,0
1194.74,299,4,0,0,3,0,1,0
434.66,436,4,1,0,5,0,1,0
1415.71,13,6,1,0,1,0,1,0
447.94,254,5,0,0,1,0,0,0
729.16,53,2,0,0,1,1,1,0
405.12,34,4,1,0,1,1,1,0
2103.03,165,7,1,0,0,0,1,0
2587.51,220,5,0,0,0,0,1,0
867.3,90,6,3,1,3,0,1,1
1139.38,7,6,0,0,2,0,1,0
257.6,430,2,1,0,3,0,0,0
812.67,236,5,1,1,3,0,1,0
1042.94,57,5,0,1,4,0,0,0
15075.0,123,2,2,0,1,0,1,0
360.7,5,9,0,0,0,0,1,0
4741.82,74,3,2,0,6,1,1,0
2971.61,133,6,0,0,3,1,0,0
1451.91,131,4,1,0,1,0,1,0
6365.32,42,8,0,0,2,0,1,0
1590.98,269,5,0,1,0,1,1,1
1618.34,63,0,0,1,1,0,1,0
1039.9,156,7,1,0,3,0,1,0
3727.78,57,5,2,0,1,0,1,0
3282.86,99,4,0,1,2,0,1,0
586.59,41,5,1,0,2,0,1,0
293.17,180,7,2,0,1,0,1,0
895.18,99,4,1,0,2,0,1,0
492.73,2,8,2,1,5,1,1,1
1029.14,5,6,1,0,1,0,1,0
3779.84,114,8,0,0,2,0,0,0
694.16,36,9,0,1,2,0,1,0
1050.66,158,11,0,0,3,1,1,0
1162.15,94,6,1,0,3,0,0,0
2561.71,191,9,2,0,1,0,0,0
115.94,548,5,0,0,6,0,1,0
597.83,135,7,1,0,0,0,1,0
1354.63,278,3,0,1,2,0,1,0
3641.24,251,0,2,0,0,0,1,0
670.55,458,3,1,0,4,0,1,0
167.91,43,8,2,0,1,0,1,0
2037.97,316,7,2,0,1,1,1,0
580.93,424,1,1,0,3,0,1,0
333.73,89,1,0,1,2,0,0,0
587.37,67,3,0,0,0,0,1,0
911.85,546,4,1,0,4,0,1,0
599.0,177,3,0,0,1,0,1,0
120.84,86,4,1,0,1,1,1,0
2689.38,282,5,0,0,5,1,0,0
3924.03,65,5,2,0,2,0,1,0
2103.85,34,3,0,0,1,0,1,0
351.54,141,6,1,0,1,0,1,0
896.51,150,7,1,1,2,0,1,1
1089.5,314,3,0,0,0,0,1,0
1995.79,109,3,0,1,3,0,1,0
2139.53,303,3,0,0,3,0,1,0
526.28,67,5,1,0,3,0,1,0
1190.34,154,5,0,0,1,0,1,0
1732.43,42,8,2,0,1,0,1,0
4702.37,87,3,0,0,0,0,0,0
2218.32,350,6,0,0,1,0,1,0
2414.04,43,5,0,0,2,1,1,0
1192.52,299,5,0,0,3,0,1,0
4493.82,59,6,1,1,3,0,1,0
1652.03,6,9,1,0,1,0,1,0
463.55,20,3,1,1,2,1,1,0
4462.08,246,4,1,0,0,0,1,0
2203.72,54,3,2,1,2,0,1,0
704.13,191,7,1,0,3,0,1,0
678.92,216,1,0,0,2,0,1,0
1475.24,76,3,2,0,1,0,1,0
1742.69,115,3,0,1,4,0,1,0
1335.81,93,4,0,1,0,1,1,0
1497.14,529,3,2,0,0,1,1,0
6002.66,69,7,0,0,1,0,1,0
3202.04,36,4,0,1,0,1,0,1
1326.95,81,13,2,0,3,0,1,0
2811.04,199,8,4,0,1,1,1,0
390.52,215,3,0,1,4,0,1,0
1632.6,463,7,0,0,0,0,1,0
6696.27,384,5,0,0,1,1,1,0
881.79,61,0,1,0,6,1,1,0
469.83,109,5,0,1,0,0,1,0
571.3,247,7,1,0,1,0,0,0
368.84,447,12,1,0,1,0,1,0
500.32,74,7,3,0,4,0,1,0
757.1,105,0,0,0,3,0,1,0
268.93,413,10,2,1,2,1,1,0
1113.9,79,6,3,0,1,1,1,0
2703.43,117,3,0,0,1,0,1,0
442.41,422,3,0,1,1,0,1,0
5010.46,291,5,1,0,2,0,1,0
1827.66,50,5,1,0,2,0,1,0
3073.53,70,4,0,0,2,0,1,0
568.03,78,3,2,1,3,0,1,0
2577.37,438,8,0,0,2,0,1,0
367.99,1231,6,2,0,1,0,1,0
2671.1,267,7,1,0,0,0,1,0
1302.24,119,9,3,0,4,0,0,0
1906.93,1,5,1,0,1,0,1,0
338.46,215,6,1,0,1,0,1,0
448.06,88,5,0,1,4,0,1,0
1992.67,180,4,1,0,4,0,1,0
424.81,167,5,2,0,4,0,1,0
1742.73,117,4,0,0,2,1,0,0
279.46,520,9,2,0,4,0,1,0
2561.05,4,5,0,0,0,0,1,0
319.73,224,7,0,0,2,0,1,0
1905.12,94,5,0,1,2,0,1,0
2050.07,225,4,4,0,2,0,1,0
546.33,202,7,0,0,2,0,0,0
1962.6,1,3,0,0,4,0,1,0
1422.89,60,4,0,0,2,0,1,0
639.8,37,5,1,0,1,0,1,0
399.99,32,3,2,0,3,0,1,0
154.06,234,5,1,0,1,0,0,0
1555.65,49,4,1,0,4,0,1,0
229.34,115,2,1,1,5,0,0,0
1206.34,51,4,2,0,2,0,1,0
842.65,156,6,1,0,2,1,1,0
2162.77,229,4,1,1,1,0,1,0
810.75,72,5,0,0,4,0,1,0
788.83,166,9,3,0,1,0,1,0
2279.86,313,3,2,0,2,0,1,0
1533.12,17,4,2,1,1,0,1,0
1504.41,223,7,1,1,3,0,1,0
1753.32,70,3,2,0,5,0,1,0
236.14,23,2,0,1,2,0,1,0
2337.39,142,3,0,0,1,0,1,0
2023.27,46,5,0,0,4,0,1,0
396.75,310,4,1,0,1,0,1,0
859.13,7,4,0,0,2,0,1,0
1054.36,18,7,2,1,2,0,1,0
958.63,132,7,2,0,2,0,1,0
1531.28,160,5,1,0,2,0,1,0
4588.77,235,5,0,0,5,1,1,0
3234.94,54,1,0,0,3,0,1,0
295.24,331,4,1,0,2,0,1,0
2042.79,550,5,1,0,3,0,1,0
4142.0,124,6,2,0,1,1,1,0
1614.55,257,7,2,0,2,1,1,0
3264.89,133,4,2,1,2,0,1,0
8203.12,12,5,0,0,2,0,0,0
3052.48,71,4,1,0,4,0,1,0
1407.13,16,5,0,0,0,0,1,0
3118.44,809,3,2,0,1,1,1,0
1267.61,46,2,1,0,2,0,1,0
1123.16,181,3,1,0,2,0,1,0
771.69,60,9,0,0,0,0,1,0
5236.52,190,7,1,0,0,1,1,0
483.75,42,5,2,0,2,0,1,0
5076.45,276,6,0,0,1,0,1,0
1807.8,21,6,0,1,2,0,1,0
270.61,405,4,0,1,3,0,1,0
1583.91,330,4,2,1,1,0,1,0
134.29,204,2,1,0,3,0,1,0
2049.82,12,7,1,1,3,0,1,0
2657.74,42,7,2,0,2,0,1,0
606.46,353,4,3,0,2,0,1,0
1240.84,23,4,3,0,0,0,1,0
7740.0,30,5,1,0,3,0,1,0
661.33,141,6,5,0,1,1,1,1
380.35,57,4,1,0,1,0,1,0
4825.47,45,5,2,0,1,0,1,0
7805.53,154,6,2,0,2,0,1,0
1100.69,83,5,0,0,2,0,1,0
3015.33,27,4,0,0,5,1,1,0
4194.28,137,9,1,0,1,0,1,0
521.92,88,5,0,0,2,0,1,0
674.99,238,8,1,0,3,0,1,1
3755.12,19,7,1,0,5,0,1,0
5913.62,174,6,3,0,4,0,1,0
1925.38,103,5,0,0,2,0,1,0
454.95,93,12,1,1,1,0,1,1
7998.91,47,6,0,0,1,0,0,0
644.86,5,3,1,1,1,0,1,0
784.36,338,4,0,0,1,0,1,0
1544.32,71,11,0,0,5,0,1,0
5188.3,205,2,2,0,1,1,1,0
2575.96,530,4,2,0,4,0,1,0
1660.49,149,4,1,0,1,0,1,0
1742.87,91,7,0,0,2,0,1,0
1145.41,56,6,1,0,4,1,1,0
1916.28,489,4,2,1,2,1,1,0
87.4,206,10,2,0,0,0,1,0
815.17,197,1,0,0,6,0,1,0
1395.94,99,3,0,0,1,0,1,0
346.88,335,6,2,0,2,0,1,0
1613.76,225,5,2,0,0,0,1,0
893.84,59,6,2,1,2,0,1,0
6345.34,164,6,1,0,0,0,1,0
5287.07,101,2,1,1,2,0,0,0
688.28,1,8,2,0,1,0,1,0
943.09,296,8,4,1,2,0,1,1
1018.47,23,0,0,0,3,0,1,0
698.08,128,6,0,0,2,0,1,0
1332.78,73,2,0,1,1,1,1,0
513.74,75,5,2,0,2,0,1,0
354.03,116,4,2,0,2,0,1,0
2044.1,1047,5,2,0,4,0,1,0
2058.08,94,3,1,0,1,0,0,0
490.63,36,3,0,0,2,0,1,0
2684.78,171,5,2,0,2,0,1,0
583.14,48,8,0,0,0,0,1,0
1412.57,20,5,1,0,2,0,1,0
2490.76,9,1,0,0,2,0,1,0
1060.39,4,2,1,0,1,0,0,0
1728.04,101,3,1,0,2,0,0,0
654.3,100,4,1,1,3,0,1,0
901.03,36,7,1,0,2,0,1,0
892.6,275,4,0,0,0,0,1,0
519.79,24,4,0,1,1,0,0,0
918.94,444,6,1,0,2,0,1,0
233.08,159,7,2,0,1,0,0,0
671.05,5,6,0,0,2,1,0,1
824.79,593,6,0,0,4,0,1,0
848.8,66,8,4,0,1,1,1,0
861.35,107,3,2,0,0,0,1,0
1030.95,60,7,1,0,1,1,1,0
1771.25,234,5,4,0,2,0,1,0
2629.42,119,4,2,1,0,0,0,0
572.63,25,4,1,0,3,0,1,0
329.24,19,1,1,0,4,0,1,0
386.82,232,4,0,0,0,0,1,0
673.71,48,6,1,0,1,0,1,0
771.3,26,9,1,0,0,0,1,0
507.76,124,5,1,1,4,0,1,0
300.03,292,2,2,0,1,0,1,0
694.98,58,4,0,0,3,0,1,0
1314.78,58,5,1,1,1,0,1,0
1988.29,323,7,1,0,3,0,0,1
628.02,28,3,2,0,2,0,1,0
725.6,172,2,0,0,1,0,1,0
434.11,558,6,3,0,2,0,1,0
1062.69,331,4,0,0,3,0,1,0
469.45,11,6,1,0,0,0,0,0
1945.22,69,7,1,0,2,0,1,0
183.85,27,5,0,1,2,0,1,0
765.38,536,8,0,1,0,1,1,0
1481.94,767,1,1,1,2,0,1,0
1317.95,48,2,1,0,2,1,1,0
16204.33,199,6,2,0,3,0,1,0
1555.89,331,2,1,0,2,0,1,0
401.8,47,5,2,1,3,0,1,0
996.79,37,7,1,0,6,0,1,0
185.63,2,5,0,0,1,0,1,0
1011.71,95,2,1,1,6,0,1,0
476.73,413,7,0,0,3,0,1,0
2739.12,419,4,1,0,3,0,1,0
632.99,24,6,2,0,2,0,1,0
975.78,41,4,0,0,0,0,1,0
580.82,94,8,1,0,3,0,1,0
6240.72,273,4,1,0,3,1,1,1
795.33,170,6,0,0,2,0,1,0
6853.79,129,2,0,0,1,0,1,0
2475.39,161,8,0,0,1,0,1,0
1775.91,18,5,1,0,2,0,0,0
1585.62,116,5,2,0,1,0,1,0
1625.87,870,5,0,0,1,1,1,0
159.55,16,3,1,0,0,0,1,0
829.74,131,5,1,0,0,0,0,0
2553.34,63,7,1,0,4,0,1,0
1044.3,139,4,0,0,1,0,1,0
269.03,153,3,0,0,1,0,1,0
1040.64,155,8,1,0,0,0,1,0
6027.61,344,2,3,0,1,0,1,0
3815.75,88,4,0,0,3,0,1,0
1030.7,130,7,0,0,1,0,1,0
2839.69,1,6,3,0,2,0,1,0
760.13,280,6,1,0,1,0,1,0
199.56,54,4,0,0,1,0,1,0
435.08,305,3,1,0,1,1,1,0
5233.78,55,4,1,0,2,0,1,0
833.81,1,5,1,0,0,0,0,0
859.73,30,2,1,1,2,0,1,0
812.54,764,5,1,0,1,1,1,0
7362.37,69,9,2,1,1,1,0,0
5574.51,20,6,0,0,3,1,1,0
10084.76,22,2,1,0,4,0,1,0
935.38,66,5,2,1,1,0,1,0
1473.84,6,1,1,1,4,0,1,1
240.65,128,6,0,1,1,0,1,0
4802.7,43,6,0,0,2,0,1,0
341.12,131,4,1,0,4,0,1,0
1362.09,27,8,1,0,1,0,1,0
366.02,101,6,0,0,1,0,1,0
608.58,163,6,1,0,4,0,1,0
474.73,11,5,0,1,2,1,1,0
597.12,91,4,0,0,0,0,1,0
639.62,64,4,0,0,0,0,1,0
633.8,49,4,1,0,1,0,1,0
2523.33,166,7,0,1,4,1,1,0
363.27,159,2,3,0,2,0,1,0
1367.23,179,7,3,1,2,1,1,1
3706.93,31,8,1,0,5,1,1,0
656.42,60,4,1,0,3,0,1,0
534.9,42,2,1,0,0,0,1,0
870.85,139,10,1,0,2,0,1,0
3567.87,111,5,1,0,6,0,1,0
1331.56,72,3,1,0,2,0,1,0
644.7,277,3,0,0,3,1,1,0
1779.12,17,5,1,1,1,0,1,0
364.2,663,2,1,1,2,0,1,0
2167.56,22,4,2,0,3,0,1,0
1650.13,266,2,2,0,0,0,1,0
806.09,82,4,1,0,5,1,0,0
474.1,360,4,0,0,2,1,1,0
451.84,13,6,1,0,3,0,1,0
1872.1,84,6,1,0,0,0,1,0
3748.01,73,5,1,0,1,0,1,0
579.81,897,3,1,0,1,0,1,0
1734.35,762,14,1,0,1,0,1,0
136.04,37,6,0,1,1,0,1,0
611.17,178,6,2,0,1,0,1,1
1063.1,138,4,4,0,3,0,1,1
441.56,30,6,2,0,0,0,1,0
429.87,33,6,0,0,1,0,1,0
562.4,815,6,1,1,1,1,1,0
1468.79,108,11,1,0,3,0,1,0
909.3,24,4,0,1,1,0,0,0
116.95,43,6,0,0,2,1,1,0
131.54,56,3,1,0,3,1,1,0
597.73,128,1,2,0,3,0,0,1
1733.13,73,11,1,0,2,0,1,0
70.28,109,6,0,0,1,0,1,0
665.32,32,4,2,0,4,0,1,0
647.91,71,2,1,0,0,1,1,0
4395.51,13,5,2,0,4,1,1,0
746.19,396,6,2,0,0,1,1,0
1608.39,39,7,1,0,2,0,1,0
1263.02,254,10,0,0,2,0,1,0
130.25,77,3,1,0,2,0,0,0
2364.23,115,6,0,0,4,0,1,0
1360.21,61,5,3,0,0,0,1,0
1823.05,214,5,1,1,2,0,1,0
55616.64,335,4,1,0,3,0,1,0
136.44,60,7,1,0,1,0,1,0
6153.01,49,8,1,1,1,0,1,0
822.67,205,5,2,0,3,0,1,0
1461.66,39,4,1,0,3,0,1,0
1047.84,183,3,0,0,1,0,1,0
717.49,17,3,1,0,1,0,1,0
620.28,174,3,3,0,0,0,1,0
1524.63,129,7,1,0,1,1,1,0
240.53,21,2,1,0,2,0,1,0
2322.92,188,6,0,1,2,0,1,0
723.29,106,3,1,0,2,0,0,1
354.22,44,9,2,0,3,0,1,0
699.24,78,8,0,0,1,0,1,0
3855.09,121,4,2,0,3,0,1,0
642.05,17,5,1,0,2,0,0,0
1569.41,568,4,0,1,5,0,1,0
527.97,197,3,1,0,3,1,1,0
2340.04,19,3,1,0,1,0,1,0
2176.57,311,4,0,0,2,0,1,0
6964.69,70,11,3,0,0,0,1,0
920.06,163,6,2,0,5,0,1,0
2140.2,58,3,0,0,4,0,1,0
1209.63,237,11,0,0,3,0,1,0
4007.3,231,6,0,0,0,0,0,0
534.41,144,5,0,0,0,0,1,0
2310.01,49,4,1,1,4,0,1,0
902.62,52,5,0,1,3,0,1,0
1028.45,86,1,1,0,2,0,1,0
1202.01,28,7,3,0,3,0,1,0
1411.26,74,2,0,1,4,0,1,0
976.3,207,8,0,0,0,0,1,0
1359.28,319,4,3,0,0,0,1,0
5314.1,72,9,0,1,0,0,1,0
2937.9,47,3,1,1,2,0,1,0
2615.35,321,3,0,0,5,0,1,0
695.38,398,3,1,0,3,0,1,0
450.68,94,4,1,0,2,0,1,0
2850.64,4,3,0,0,5,0,1,0
2633.44,213,6,0,0,1,0,1,0
4782.27,275,7,0,0,2,0,1,0
599.45,3,5,1,0,0,0,1,0
871.71,162,5,3,1,1,0,1,0
212.83,159,6,1,0,2,0,1,0
740.65,85,4,0,0,1,0,1,0
2970.75,249,2,2,1,2,0,1,0
687.8,100,4,0,0,1,0,1,0
2080.74,203,8,0,0,1,0,0,0
906.41,131,5,0,0,2,0,0,0
1516.34,51,8,0,0,4,0,1,0
348.04,167,4,1,0,2,0,1,0
1194.17,240,5,0,0,1,0,1,0
55.08,656,4,1,1,1,0,0,0
909.69,86,8,2,0,1,0,1,0
214.76,11,2,1,0,5,0,1,0
3662.84,795,3,0,0,4,0,0,0
2386.08,175,3,2,0,1,0,1,0
1748.78,526,5,1,0,3,1,1,0
5019.1,19,4,1,0,3,0,1,0
424.57,75,5,0,0,4,0,1,0
6294.07,25,9,1,0,2,0,1,0
2785.52,324,6,0,0,4,0,0,0
865.62,382,3,0,0,0,0,1,0
3413.93,125,4,1,0,4,0,1,0
362.75,37,5,1,0,2,1,1,0
480.82,24,5,0,0,2,0,1,0
596.7,159,9,1,0,3,0,1,0
646.14,127,8,1,0,2,0,1,0
381.25,213,7,0,0,1,0,1,1
3725.97,65,5,2,0,2,0,1,0
846.53,92,3,2,0,2,0,1,0
1560.1,3,3,2,0,1,1,0,1
619.96,169,9,0,0,0,0,1,0
177.58,99,7,0,0,1,0,1,0
1436.63,454,7,2,0,4,0,1,0
162.02,184,5,1,1,1,0,1,0
1023.89,91,5,0,0,3,1,1,0
279.13,55,6,0,0,0,0,1,0
8000.63,424,5,0,0,1,1,1,0
2728.11,2,3,0,0,0,0,1,1
1218.96,71,4,0,0,4,0,1,0
3880.45,517,4,1,0,1,0,1,0
470.45,191,5,1,1,1,0,1,0
1888.39,136,6,1,0,0,0,1,1
1339.18,40,1,4,0,2,0,0,0
1427.99,322,5,1,0,3,0,1,0
3914.15,41,7,0,0,1,0,1,0
2281.28,51,4,1,0,2,0,0,0
1463.7,38,8,1,1,0,0,0,0
209.58,30,4,1,0,2,1,1,0
419.87,551,7,2,0,5,0,1,0
970.0,165,1,0,0,4,1,1,0
1203.96,182,4,0,0,2,0,0,0
354.18,555,5,1,0,0,0,1,0
12230.36,47,5,1,0,0,1,1,0
4996.01,1,6,1,0,1,0,1,0
2002.43,164,5,3,0,3,0,1,0
1178.55,127,2,2,0,2,1,0,1
886.95,116,5,0,1,2,0,0,0
423.3,11,6,1,0,0,0,1,0
1184.98,109,6,3,1,2,0,1,0
1419.06,61,4,1,0,2,0,1,0
316.79,57,3,1,1,3,0,1,0
1531.77,45,4,2,0,1,0,1,0
938.93,72,6,2,0,7,1,1,0
162.75,78,3,0,1,1,0,1,0
463.87,66,5,0,0,2,0,1,0
725.16,693,2,0,0,1,0,1,0
7242.25,485,7,1,0,3,0,1,0
1913.24,153,4,0,0,1,0,1,0
288.45,713,6,2,0,6,0,1,0
1782.97,851,7,2,0,2,0,1,0
233.39,79,2,1,0,0,0,1,0
3237.93,106,2,1,1,2,0,1,0
684.63,575,6,3,0,1,0,1,0
998.61,168,4,1,0,2,0,0,0
4129.03,43,6,3,0,2,0,1,0
302.73,210,1,0,0,3,0,1,0
271.21,41,2,2,0,3,0,0,0
611.8,74,7,0,0,3,1,1,0
3097.59,46,5,1,0,0,1,1,0
240.0,50,6,1,1,2,0,1,0
64.58,1,7,0,0,4,0,1,1
698.43,382,6,1,0,3,0,1,0
1904.05,63,4,0,0,0,0,1,0
3641.9,16,7,0,1,4,1,1,0
690.1,16,3,1,0,1,1,0,0
726.74,146,4,1,1,1,0,1,0
3476.92,891,7,0,1,6,0,0,0
169.06,28,3,1,0,0,1,1,0
743.58,18,5,1,0,1,0,1,0
1326.67,103,4,0,0,2,0,1,0
1718.52,149,4,1,0,2,0,1,0
658.65,62,6,1,0,0,1,0,1
1135.06,64,7,2,0,3,0,1,0
91.07,99,11,0,0,2,0,1,0
567.79,67,5,0,0,3,0,1,0
1725.91,444,8,0,0,3,0,0,0
410.64,7,8,2,0,4,1,1,0
1163.26,48,4,0,0,3,0,1,0
1714.49,297,2,0,0,1,0,1,0
778.56,323,5,0,0,2,0,1,0
1300.45,21,5,1,1,2,1,1,0
418.75,655,3,1,0,2,1,1,0
891.93,212,9,2,0,2,0,1,0
2018.71,57,2,2,0,6,1,1,0
1283.02,109,9,1,0,3,0,1,0
610.01,63,5,2,1,2,0,1,0
1372.26,29,2,1,0,1,0,1,0
2240.85,61,12,0,0,4,0,1,0
141.18,156,7,0,0,4,0,1,0
3494.95,314,3,3,0,3,0,1,0
783.48,81,4,2,0,2,0,1,0
1678.22,76,0,2,0,2,0,1,0
3630.94,113,2,0,0,0,0,1,0
278.2,186,7,0,0,0,0,1,0
539.45,250,3,1,0,3,0,1,0
821.76,71,6,0,0,2,0,0,0
500.82,158,5,2,0,2,0,1,0
6216.34,88,4,0,0,1,0,1,0
465.55,226,3,1,0,0,0,1,0
629.2,32,5,0,1,2,0,1,0
1345.32,53,3,0,0,0,0,1,0
329.59,99,6,0,0,1,0,1,0
738.28,396,3,1,0,0,0,0,0
1506.36,153,2,1,0,4,0,1,0
786.14,605,1,1,0,1,0,1,0
998.86,19,4,1,0,0,0,1,0
645.91,110,3,0,0,3,0,1,0
241.18,97,4,1,1,5,1,1,0
1512.61,165,3,0,0,4,0,1,0
6341.9,300,6,2,0,3,0,1,0
1117.0,331,4,0,0,0,0,1,0
1373.7,199,6,2,0,1,0,1,0
2192.34,184,5,0,0,1,0,1,0
308.18,535,4,2,1,4,0,1,0
6018.03,87,6,3,0,0,0,1,0
1342.55,321,8,2,0,2,0,1,0
5607.48,458,4,0,0,3,0,1,0
526.88,121,7,0,1,1,0,1,0
6755.16,235,7,1,0,3,0,1,0
2380.71,85,3,0,0,7,0,1,0
1906.53,31,8,1,0,2,0,1,0
1385.79,158,4,0,0,0,0,1,0
855.32,39,3,2,0,2,0,1,0
3642.89,110,6,3,0,4,0,1,0
1261.88,371,6,2,0,0,0,1,0
153.38,16,6,1,0,0,0,1,0
358.82,5,4,1,0,1,1,1,1
910.65,167,6,1,0,2,1,1,0
1495.18,72,7,0,0,0,1,1,0
1036.3,97,4,0,0,3,1,0,0
3710.68,93,4,0,0,2,0,1,0
155.85,16,6,0,1,4,0,1,0
1265.96,1,8,0,1,0,0,1,1
178.04,411,5,1,0,4,0,1,0
2344.23,44,3,3,0,2,0,1,0
997.79,99,2,1,0,1,0,1,0
1668.38,643,1,1,0,1,0,1,0
462.26,315,7,1,0,1,0,1,0
3942.08,20,7,0,0,1,0,1,0
3107.97,127,7,3,0,3,0,1,0
1965.58,235,3,0,0,1,0,1,0
963.41,215,4,0,0,1,0,1,0
1958.35,257,5,0,0,4,0,1,0
540.83,110,6,4,0,1,0,1,0
2580.03,34,8,2,0,2,0,1,0
5707.18,112,10,4,0,2,0,1,0
3199.05,187,5,0,1,0,0,1,0
528.69,168,5,1,0,3,0,1,0
1574.07,13,5,1,0,2,0,1,0
300.92,12,4,0,0,1,0,1,0
1943.78,604,3,1,0,2,0,1,0
1720.9,29,7,1,0,3,0,1,0
169.05,62,6,1,0,2,0,1,0
343.17,262,2,0,0,1,0,1,0
826.22,94,1,0,0,3,0,1,0
811.71,36,4,1,1,3,1,1,0
327.18,113,11,0,0,0,0,0,0
1618.05,151,3,3,0,0,1,1,0
1410.18,108,2,1,0,3,0,0,0
903.01,452,4,0,0,1,0,1,0
515.02,60,4,2,0,4,0,1,0
3129.75,194,9,1,0,1,0,0,0
5741.11,21,3,3,0,2,1,1,0
676.17,89,2,1,0,2,0,1,0
594.57,243,6,2,0,1,0,1,0
1792.22,45,5,3,0,1,0,1,0
766.6,160,6,1,1,3,0,1,0
953.94,29,4,2,1,2,0,1,0
2297.68,19,1,1,0,3,0,1,0
162.49,133,3,0,0,2,1,1,0
4098.2,202,5,0,0,2,0,1,0
1179.3,21,7,0,0,2,0,1,0
726.69,449,9,1,0,2,0,1,0
1003.02,46,2,0,0,3,0,1,0
1056.2,23,5,0,0,0,0,1,0
194.18,40,4,1,0,1,0,1,0
4889.95,33,3,0,0,0,0,1,0
1142.9,17,4,5,0,1,0,1,1
1707.87,287,7,1,0,4,0,1,0
2839.97,123,5,2,0,1,0,1,0
394.98,88,3,2,0,1,0,1,0
1760.71,541,6,1,1,2,1,1,0
839.12,83,2,1,0,3,0,1,0
2557.46,32,6,1,0,3,0,1,0
130.68,57,4,1,0,1,0,1,0
993.17,49,4,0,1,2,0,1,0
600.15,124,6,1,1,4,1,1,0
1689.63,62,2,2,0,2,0,1,0
1754.68,130,4,1,0,2,0,1,0
540.43,199,1,3,0,3,0,1,0
537.98,270,7,3,0,1,0,1,0
981.75,222,4,3,0,1,0,1,0
447.36,41,6,2,0,1,0,1,0
2545.25,22,3,1,0,3,0,1,0
758.08,140,11,1,1,0,0,1,0
59.92,39,4,1,0,3,0,1,0
753.84,15,7,0,0,4,1,1,0
388.17,134,11,2,0,1,0,1,0
214.59,71,2,1,0,1,0,1,0
318.17,254,3,0,0,2,0,1,0
1223.42,67,2,2,0,2,0,1,0
4140.79,692,3,1,0,2,0,1,0
1499.95,255,7,0,1,4,1,1,0
597.94,10,4,3,1,2,0,1,0
1730.05,127,5,2,0,3,0,0,0
692.92,148,5,0,1,2,0,1,0
547.52,213,5,1,1,2,0,1,0
345.72,123,5,1,0,1,0,1,0
190.22,118,7,1,0,3,0,1,0
742.54,82,6,0,0,3,0,1,0
1284.41,57,3,2,0,1,0,1,0
995.63,526,7,0,0,0,0,0,0
723.45,68,6,0,0,4,0,1,0
425.92,11,5,1,0,0,1,1,0
2014.74,32,2,2,0,2,0,1,0
293.79,350,6,1,0,1,0,1,0
2382.79,159,6,0,0,2,0,1,0
402.54,271,3,0,0,0,0,1,0
516.75,297,11,3,0,0,1,1,0
252.96,311,5,1,1,1,0,1,1
664.21,143,6,1,0,4,1,0,0
2908.27,35,7,2,0,3,1,1,0
1836.52,28,5,1,0,3,0,1,0
2917.32,153,5,0,0,0,1,1,0
1848.52,82,5,0,0,1,0,1,0
363.7,146,5,0,0,2,0,1,0
787.77,124,4,0,1,2,0,1,0
502.6,165,7,1,0,3,1,1,0
4148.8,5,3,1,0,1,0,1,0
331.36,6,4,1,0,1,0,1,0
2680.34,230,3,0,0,1,0,1,0
2678.34,38,2,1,0,3,0,1,0
6833.69,190,4,0,0,1,0,1,0
728.01,142,3,2,1,2,0,1,0
2235.73,721,7,0,0,2,0,1,0
10739.16,324,2,0,0,4,0,1,0
591.32,95,4,0,0,1,1,1,0
236.27,172,6,1,0,0,1,1,0
167.33,22,4,1,0,4,1,1,0
2236.6,87,7,0,1,3,0,1,0
166.81,238,6,2,0,1,0,1,0
755.73,175,5,1,0,0,0,0,0
1698.18,119,2,0,0,2,0,1,0
1319.72,34,7,0,0,3,0,1,0
1678.15,292,7,2,0,2,0,1,0
1369.62,57,6,1,0,3,0,1,0
3939.72,309,5,0,0,0,0,1,0
423.13,170,4,1,0,2,0,1,0
557.24,83,8,2,0,6,0,1,0
506.41,7,7,0,0,3,0,1,0
2515.41,47,8,1,1,3,0,1,0
2698.36,395,2,0,0,2,0,1,0
1721.97,306,7,2,0,3,0,1,0
3581.34,153,3,1,0,1,0,1,0
337.63,113,3,0,0,5,1,1,0
5809.35,187,11,0,0,2,0,1,0
5030.32,113,9,0,1,1,0,1,0
2288.43,186,4,1,0,1,0,1,0
6514.59,66,4,1,0,3,0,1,0
209.22,328,3,1,0,3,0,1,0
649.08,217,7,0,0,2,1,1,0
525.68,72,5,1,0,0,0,1,0
2256.29,319,6,0,0,3,0,1,0
383.7,120,5,2,0,2,0,1,0
2339.04,34,9,2,0,2,0,0,0
4317.95,14,10,1,0,6,0,1,0
2197.78,216,5,0,0,3,1,1,0
1456.44,360,6,0,0,1,0,1,0
408.35,296,3,1,0,1,0,1,0
470.2,191,8,1,0,2,0,1,0
3826.17,27,3,1,0,0,0,1,0
2390.72,17,3,2,0,1,0,1,0
1054.67,76,2,1,0,3,0,1,0
722.05,347,2,2,0,3,0,1,0
144.63,587,4,1,0,1,0,1,0
375.83,49,2,2,0,0,0,1,0
7416.18,258,7,2,0,2,0,1,0
304.77,153,9,2,1,3,1,1,0
1325.41,5,1,1,1,2,1,1,1
3003.23,140,8,2,0,4,0,1,0
312.65,295,5,0,0,2,0,1,0
1319.11,58,4,0,0,0,0,1,0
2801.51,409,5,0,1,3,0,1,0
1110.43,48,3,1,0,3,0,1,0
19310.48,14,1,0,0,2,0,1,0
206.73,31,3,1,1,1,0,1,0
3161.27,326,5,0,0,1,0,1,0
922.6,97,5,2,0,1,0,1,0
2373.02,286,3,0,0,3,0,0,0
1704.98,136,7,0,0,0,0,1,0
526.81,117,8,1,0,0,0,1,0
1378.84,296,7,1,1,2,0,1,0
171.07,99,8,1,1,1,0,1,0
2004.7,291,4,2,1,4,0,1,0
1477.58,19,6,1,1,2,1,1,0
2076.96,182,4,2,0,5,1,1,0
3159.34,218,6,0,0,0,0,1,0
1583.86,412,6,2,0,1,0,1,0
1271.67,45,5,4,0,2,0,1,0
454.38,166,2,1,1,4,1,1,0
537.96,102,4,0,1,0,0,1,0
3592.97,86,5,1,1,0,0,1,0
4611.62,20,7,0,0,2,1,0,0
864.27,25,3,0,0,0,0,1,0
1148.26,326,7,0,0,1,0,1,0
443.81,249,3,3,0,1,0,1,1
3543.1,86,8,1,0,0,0,1,0
2133.28,317,4,2,0,3,0,1,0
7640.49,15,5,1,1,2,1,1,0
455.63,176,9,1,0,0,0,1,0
751.44,364,4,0,0,1,0,1,0
1382.22,328,6,2,0,3,0,1,0
2093.28,83,4,1,0,2,0,1,0
883.89,246,4,3,1,1,0,1,0
458.08,100,2,0,0,1,0,1,0
2647.6,330,9,2,0,2,1,1,0
2255.52,136,2,0,0,0,0,1,0
438.66,260,7,0,0,3,0,1,0
4253.27,14,7,0,0,3,0,1,0
3534.05,160,5,0,0,2,0,1,0
1254.25,143,7,0,0,3,0,1,0
1187.49,169,4,0,0,3,0,1,0
1908.47,214,5,1,0,2,0,1,0
463.26,450,3,1,0,7,0,1,0
1130.07,277,3,1,0,1,0,0,0
127.44,44,3,0,1,1,0,1,0
2634.52,314,7,0,1,0,0,1,0
230.1,23,6,2,1,4,0,1,0
4931.61,175,6,1,0,0,0,1,0
788.3,385,5,0,0,0,0,0,0
887.43,19,7,1,0,4,1,1,0
585.38,341,7,0,0,5,0,1,0
822.18,288,6,2,0,4,0,1,0
4530.25,126,4,2,0,0,1,1,0
91.12,66,5,2,0,3,0,1,0
3932.24,93,6,0,0,2,0,1,0
1537.67,623,2,2,0,4,0,1,0
327.99,40,5,1,1,1,0,0,0
374.16,155,4,2,0,5,0,1,0
5862.86,15,7,0,0,2,0,1,0
426.02,44,4,2,0,4,0,1,0
346.07,259,6,0,0,4,0,1,0
3419.72,64,5,0,1,3,0,1,0
1538.48,765,7,0,1,1,1,1,0
429.26,125,3,1,0,1,0,1,0
1361.88,130,1,1,0,1,0,1,0
393.17,6,3,0,0,2,0,1,0
3297.18,564,4,1,0,4,0,1,0
3169.63,34,4,1,0,1,0,1,0
1866.85,139,6,0,1,4,0,1,0
1574.45,90,8,1,0,0,0,1,0
6381.69,96,3,1,1,1,1,1,0
1096.29,185,4,1,0,4,0,1,0
336.34,195,5,0,0,2,0,1,0
1718.96,30,9,2,0,3,0,0,0
8831.21,124,3,1,0,1,0,1,0
397.52,281,3,0,0,5,0,0,0
763.98,105,3,0,0,3,0,1,0
1663.11,32,6,2,0,0,0,1,0
1039.08,67,2,0,0,4,0,1,0
410.63,42,3,2,0,3,1,0,0
3367.27,24,2,1,0,3,1,1,0
11159.44,85,9,2,0,0,0,1,1
1334.26,140,9,0,0,0,1,1,0
444.05,13,8,1,0,2,1,1,0
233.0,166,7,1,1,0,0,1,0
1419.38,893,5,2,0,1,1,1,0
3307.27,598,3,1,0,3,0,0,0
1763.7,318,2,1,0,3,0,1,0
1094.0,55,5,1,0,2,0,1,0
608.34,4,5,0,0,2,0,1,0
367.91,322,4,0,1,1,0,1,0
2526.91,10,3,1,0,2,0,1,0
2734.69,41,4,1,1,2,1,1,0
233.75,141,8,0,0,4,0,0,0
5376.75,35,4,2,0,1,0,1,0
1947.05,323,6,1,0,2,0,1,0
4445.26,270,5,3,0,0,0,1,0
286.54,253,4,0,1,1,1,1,0
279.83,304,5,0,0,3,0,1,0
944.85,44,1,1,0,3,0,1,0
1813.08,234,7,0,0,0,0,1,0
6610.14,79,3,2,1,0,0,1,0
2221.81,197,4,2,0,3,1,0,0
860.33,23,5,0,0,1,0,1,0
392.93,220,7,1,1,1,1,1,1
3751.84,644,4,0,0,0,0,1,0
417.92,8,1,1,1,3,1,1,0
5588.51,17,7,1,0,2,0,1,0
825.19,23,5,0,1,2,0,1,0
5380.74,101,5,2,0,3,0,1,0
2162.31,61,4,2,0,2,0,1,0
956.24,296,3,0,0,0,0,1,0
652.36,115,8,1,0,5,0,1,0
779.84,119,7,0,0,2,0,0,0
1682.97,227,4,3,0,1,0,1,0
1184.6,80,6,1,0,1,0,1,0
605.58,78,4,1,0,1,1,1,0
929.24,254,6,1,0,2,0,1,0
1186.28,272,3,0,0,2,0,1,0
130.49,2,3,0,0,3,0,1,0
1733.97,27,6,1,0,1,0,1,0
411.69,43,4,3,1,3,0,1,0
346.08,77,5,2,0,3,0,1,0
202.89,62,13,1,0,2,1,1,0
182.38,198,5,0,0,1,0,1,0
282.75,316,6,0,0,1,0,0,0
539.68,38,4,2,0,0,0,0,0
7733.05,148,2,1,0,1,0,1,0
648.15,82,6,0,0,1,1,1,0
1309.96,126,6,1,0,1,0,1,0
1636.77,174,6,0,1,4,0,1,0
1250.21,403,5,0,0,2,0,1,0
1014.91,38,5,2,0,1,0,1,0
331.86,16,10,2,1,2,0,1,0
4679.41,177,5,0,0,4,0,1,0
6682.16,90,6,2,0,1,1,1,0
203.84,32,5,0,0,3,0,0,0
393.85,22,6,0,0,4,0,1,0
828.97,147,4,2,0,2,0,1,0
417.99,64,8,1,1,0,1,1,0
1818.86,1073,5,0,0,1,1,0,0
529.39,93,9,1,0,4,0,1,0
9557.26,42,6,1,0,2,1,1,0
3606.7,178,3,1,0,3,1,1,0
1356.38,50,6,3,0,0,0,1,0
3062.5,122,4,0,0,1,0,1,0
3313.96,118,8,2,0,1,1,1,0
623.94,108,7,0,1,1,0,1,0
484.82,286,2,0,0,3,1,1,0
1185.76,43,5,1,0,1,0,1,0
2595.76,422,5,2,0,3,0,1,0
1260.24,282,6,1,0,1,0,1,0
226.56,72,6,3,0,1,0,1,0
491.36,35,8,0,0,1,0,0,0
1018.44,59,5,1,0,4,0,1,0
1016.72,72,2,3,1,8,0,1,1
7883.62,146,4,2,0,4,1,1,0
274.24,8,8,0,1,3,1,1,0
1818.18,442,4,0,0,0,0,1,0
4861.55,18,5,1,0,3,0,1,0
10630.15,58,5,1,0,1,0,1,0
731.87,20,4,2,0,1,0,0,0
1792.61,53,4,2,0,3,0,1,0
1938.68,327,2,1,1,3,0,1,0
1333.39,171,7,0,0,4,0,1,0
993.42,46,4,3,0,3,0,1,0
1695.91,369,5,2,0,4,0,1,0
87.16,290,6,0,0,4,0,1,0
2169.1,252,5,1,0,1,0,1,0
1244.11,338,6,1,0,2,0,1,0
877.89,173,6,0,0,2,0,1,0
8491.85,125,3,1,1,2,0,1,0
558.39,84,5,0,0,6,0,1,0
732.84,45,6,1,0,0,0,1,0
8034.93,146,5,2,1,2,0,1,0
477.2,396,3,2,0,4,0,1,0
632.63,162,3,1,0,4,0,1,0
946.69,453,6,0,1,3,1,1,0
2542.07,79,3,4,1,1,0,1,0
1349.92,213,6,2,0,3,0,1,0
301.08,188,7,1,1,1,0,1,0
644.09,199,7,1,0,5,0,1,0
597.44,186,6,1,1,2,0,1,0
1015.14,45,5,1,0,1,1,1,0
1678.82,27,2,0,0,0,0,1,0
1666.04,692,3,1,0,3,0,1,0
185.67,8,7,1,0,1,0,1,0
3177.79,113,7,2,0,0,0,0,0
1411.73,99,1,0,0,5,0,1,0
4378.81,80,7,3,0,1,0,1,0
1709.91,274,3,1,0,3,0,1,0
3298.83,246,4,1,0,4,1,0,0
1748.56,424,5,1,0,1,0,1,0
4214.25,90,10,1,1,2,0,1,0
1848.72,149,4,1,0,4,1,1,0
994.35,401,3,1,0,0,0,1,0
10640.63,916,4,2,0,1,0,1,0
2667.87,626,8,1,0,1,0,1,0
1946.41,227,5,0,0,0,0,1,0
306.03,27,9,1,0,1,0,1,0
302.38,4,4,1,0,1,0,1,0
1469.56,313,4,0,0,0,0,1,0
1268.41,330,6,0,0,2,0,1,0
593.41,246,6,0,1,5,0,1,0
1262.67,59,8,2,0,2,0,1,0
5370.23,183,2,0,0,1,0,1,0
2198.22,68,1,2,1,2,0,1,0
350.37,107,6,2,0,3,0,1,0
980.92,86,7,0,0,1,1,1,0
490.31,440,7,0,0,2,0,1,0
744.19,48,2,0,0,4,0,1,0
725.15,155,7,1,0,2,0,1,0
680.18,80,6,1,0,3,0,1,0
312.58,195,1,1,0,2,0,1,0
965.21,149,6,1,0,2,0,1,0
626.03,463,5,1,0,3,0,0,0
58.59,19,8,0,0,0,0,1,0
8543.89,44,6,0,0,0,0,1,0
3257.68,261,1,1,0,1,0,1,0
752.72,82,3,0,0,3,0,1,0
1117.47,32,5,1,0,2,0,1,0
339.8,125,1,1,0,2,0,1,0
5977.29,190,4,1,0,2,0,1,0
7312.12,8,5,0,0,7,0,1,0
1282.66,62,4,0,0,4,0,1,0
3051.93,298,8,2,0,6,0,1,0
1306.73,132,5,1,0,1,0,1,0
288.09,6,4,0,0,0,0,1,0
726.46,59,5,0,0,1,0,1,0
1251.29,183,4,0,0,3,0,1,0
696.07,40,6,1,0,3,0,1,0
881.25,316,6,1,1,3,0,1,0
1000.85,203,6,0,1,1,0,1,0
1011.43,114,7,2,0,4,0,1,0
1155.47,445,4,2,0,0,0,0,0
379.71,89,4,3,0,2,0,1,0
535.38,48,1,1,0,4,0,1,1
303.51,194,8,2,0,3,0,1,0
2915.56,153,8,3,0,4,0,1,0
133.53,73,4,1,0,2,1,1,0
3475.84,75,7,4,0,1,0,1,0
4386.77,91,7,1,1,1,0,1,0
810.64,61,4,0,1,0,0,1,0
81.2,222,7,1,1,0,0,1,0
764.09,189,6,1,0,2,0,1,0
1028.46,104,4,1,1,0,0,1,0
399.18,91,6,0,0,2,1,1,0
655.1,81,6,2,0,3,0,1,0
5065.43,59,9,0,0,2,1,1,0
2132.24,16,6,0,1,2,0,1,0
435.04,56,7,0,0,1,0,1,0
221.94,69,4,1,1,0,0,1,0
790.75,142,3,0,0,4,0,1,0
885.85,267,2,1,0,2,0,1,0
1801.18,90,3,2,0,1,0,1,0
642.06,521,7,1,0,3,0,1,0
1828.95,316,6,1,0,4,0,1,0
7594.31,753,3,2,0,2,0,1,0
2478.73,376,2,0,1,2,0,0,0
1045.15,172,9,0,0,2,1,1,0
913.1,164,6,0,0,2,0,1,0
767.64,24,7,1,0,1,0,1,0
3571.14,230,6,2,0,3,0,1,0
585.63,165,6,2,0,2,0,1,0
1147.36,127,5,0,0,2,0,1,0
1154.24,212,4,2,0,2,0,1,0
663.96,105,10,3,0,3,0,1,0
277.98,133,6,1,1,2,0,1,0
1514.7,91,8,0,1,0,0,1,0
1031.73,227,3,1,1,2,0,1,0
1808.48,376,2,0,0,2,0,1,0
643.16,330,8,1,0,3,1,1,0
3717.55,277,9,0,0,3,1,1,0
456.33,2,2,1,0,4,1,1,0
6075.63,437,2,1,0,0,0,1,0
191.02,57,6,1,0,2,1,1,0
1693.87,394,6,2,0,4,0,1,0
1764.16,39,5,1,0,2,0,1,0
494.94,104,3,1,1,1,0,1,0
1676.38,249,7,0,0,1,0,1,0
3942.3,184,5,1,0,2,0,1,0
119.48,96,3,0,0,4,0,0,0
1813.01,204,6,2,0,1,0,1,0
90.62,143,4,1,0,1,0,1,0
417.52,58,8,0,0,1,1,1,0
5592.41,187,6,1,0,1,1,1,0
612.91,41,6,0,0,0,0,1,0
339.04,213,3,0,0,4,0,1,0
899.7,1,7,1,0,2,0,1,0
8672.45,143,7,0,0,0,0,1,0
175.62,92,1,0,1,2,0,0,1
383.25,65,4,3,0,0,0,1,0
4902.16,130,4,1,0,1,0,1,0
7028.32,186,6,3,0,0,0,1,0
988.88,605,4,0,0,2,0,1,0
317.65,322,5,0,0,3,0,1,0
8918.15,227,5,1,0,4,0,1,0
5401.56,117,6,1,0,2,0,1,0
2162.34,89,6,3,0,4,1,1,0
486.68,5,3,0,0,3,0,1,0
1044.16,80,6,1,0,3,1,1,0
934.15,339,7,1,0,1,0,1,0
1526.68,87,4,0,0,1,0,1,0
4679.76,111,3,1,0,2,0,0,0
2642.33,57,8,1,0,1,0,1,0
373.39,57,8,0,0,2,0,1,0
4343.76,11,7,1,0,2,0,1,0
1499.87,171,1,2,0,3,0,0,0
2179.97,106,3,1,0,1,1,0,1
4753.05,167,6,2,1,0,0,1,0
360.83,142,11,2,1,2,0,1,0
1058.04,288,6,1,0,3,0,1,0
644.55,250,6,1,0,1,0,1,0
228.64,265,5,1,0,2,0,1,0
1551.09,124,10,0,0,2,0,0,0
13515.01,78,2,2,0,1,0,1,0
174.15,487,2,0,1,2,0,1,0
1061.8,10,7,0,0,0,0,1,0
2080.87,29,5,2,0,0,0,1,0
1240.26,97,4,0,0,3,0,1,0
979.33,171,6,2,1,1,0,1,0
299.1,1,2,2,0,2,0,1,0
1384.07,228,4,2,0,4,0,1,0
514.52,147,6,0,0,1,0,1,0
122.74,119,3,1,0,3,1,1,0
3621.31,99,7,1,1,3,0,1,0
2859.45,131,6,1,1,2,0,1,0
1154.78,31,5,2,0,4,0,1,0
1378.95,20,3,1,0,1,0,1,0
3210.94,61,4,0,0,5,0,1,0
1372.43,222,8,0,0,0,0,1,0
2708.14,159,5,0,0,1,1,1,0
814.45,117,3,0,0,0,0,1,0
4072.38,152,6,0,0,1,0,1,0
1511.39,147,5,2,0,1,0,1,0
1331.49,66,6,1,0,1,0,0,0
307.95,18,5,2,0,1,0,1,0
1461.12,408,2,1,0,2,0,1,0
477.25,164,3,0,0,4,0,1,0
579.24,215,4,0,0,1,0,1,0
485.23,112,2,1,0,1,0,1,0
377.57,254,4,1,1,1,0,1,0
9179.9,158,5,2,0,1,0,1,0
4151.97,9,5,3,1,2,0,1,0
7482.84,397,7,0,0,4,0,1,0
322.82,65,7,1,0,0,0,1,0
1177.62,26,7,1,0,2,0,1,0
300.81,16,10,0,0,1,0,1,0
546.92,229,10,3,0,1,1,1,1
437.85,219,6,0,0,2,1,1,0
3787.96,216,5,0,0,2,0,1,0
737.87,445,2,1,0,2,0,1,0
3191.92,77,4,0,0,2,0,1,0
2006.45,148,6,0,0,3,0,1,0
10977.89,173,4,1,0,1,0,1,0
249.77,699,3,1,0,1,0,1,0
3863.13,67,2,1,1,3,0,1,0
3451.07,563,5,2,0,2,1,1,0
414.31,28,6,0,0,1,0,1,0
3002.3,259,9,0,0,1,0,0,0
1534.78,180,7,0,0,1,0,1,0
873.51,305,8,0,0,3,0,1,0
481.09,5,4,0,0,2,0,1,0
534.26,14,4,1,0,1,0,1,0
8516.94,13,2,1,0,3,0,1,0
1097.38,161,6,1,0,5,0,1,0
2397.38,166,2,1,0,1,0,1,0
497.25,425,3,1,0,2,0,1,0
502.78,113,3,2,1,1,0,1,1
3235.65,12,2,3,0,2,0,0,0
284.41,42,8,1,0,0,0,1,0
724.0,1,11,1,0,0,0,1,0
1134.59,269,8,0,1,1,1,1,0
1225.83,304,5,2,0,0,1,1,0
916.82,1113,7,1,0,6,0,1,0
1629.16,95,5,0,0,1,0,1,0
2192.63,3,4,0,1,3,0,1,0
2286.18,48,3,2,0,3,0,1,0
409.2,159,6,0,0,0,0,1,0
825.38,588,6,0,0,2,0,1,0
3621.93,19,4,1,1,4,0,1,0
2682.88,23,4,1,1,3,0,1,0
277.87,217,0,3,0,2,1,1,0
1558.5,198,7,1,0,4,0,1,0
151.68,51,4,0,0,4,1,1,0
1149.33,301,5,0,0,2,0,1,0
7315.62,24,6,1,0,1,0,1,0
425.01,468,7,1,0,5,0,1,0
476.12,40,4,2,0,0,0,1,0
2354.37,15,7,0,0,0,0,1,0
234.44,74,3,0,0,1,0,1,0
582.45,37,3,0,0,1,0,1,0
1991.1,134,7,2,0,2,1,0,0
581.56,208,6,1,0,2,0,1,0
866.13,121,8,0,0,2,0,1,0
2308.11,194,4,1,0,8,0,0,0
1671.62,81,8,2,0,1,0,1,0
1431.99,5,7,2,0,1,0,1,0
781.24,657,3,1,0,3,0,1,0
1587.73,308,6,1,1,1,1,1,0
969.0,13,3,0,1,5,0,1,0
1733.34,107,4,1,0,2,0,1,0
667.19,181,6,2,0,0,0,1,0
913.63,38,3,2,0,2,0,1,0
407.5,155,5,0,0,3,0,1,0
1058.91,137,7,0,0,2,0,1,0
487.36,42,8,2,0,3,0,0,0
359.95,27,3,1,1,0,0,0,0
1420.35,256,8,2,1,0,0,1,0
1356.6,70,4,2,0,3,1,1,0
2399.16,50,3,0,0,4,0,1,0
712.57,241,1,2,0,3,0,1,0
1649.21,239,6,0,0,1,1,1,0
1902.26,58,3,1,0,6,0,1,0
1710.9,370,9,0,1,2,0,1,1
480.27,209,1,0,1,0,0,1,0
1273.3,76,4,1,0,3,0,1,1
1578.36,100,5,1,1,2,0,1,0
1104.53,233,2,2,1,0,0,1,0
136.12,42,4,0,0,2,0,1,0
1287.54,113,5,0,0,1,0,0,0
10021.93,190,2,0,0,2,0,1,0
765.06,139,6,0,1,2,0,1,0
529.49,168,6,1,0,1,0,1,0
1592.96,142,9,0,0,3,0,1,0
1498.74,39,5,3,1,3,0,1,1
3614.6,95,7,0,0,1,1,1,0
311.73,136,6,0,0,5,0,0,0
2278.75,272,3,0,0,2,1,1,0
1979.15,190,5,3,0,6,0,1,0
951.32,100,5,1,0,1,0,1,0
1538.69,659,6,0,0,2,0,1,0
3070.08,20,7,1,0,1,0,1,0
2623.63,41,8,1,0,3,0,1,0
349.67,75,3,2,0,3,0,1,0
2490.3,46,3,1,0,4,0,1,0
1027.94,176,5,0,0,1,0,1,0
1179.53,7,5,0,0,2,0,1,0
1179.91,35,5,1,0,2,0,1,0
943.65,62,5,1,0,3,0,1,0
3610.88,206,4,1,0,1,0,1,0
1008.56,375,3,3,0,3,0,1,1
357.97,288,3,1,0,3,0,1,0
739.87,36,5,2,0,4,0,1,0
1311.2,150,5,0,0,4,0,1,0
3748.89,5,8,0,0,1,1,1,0
2004.39,66,1,0,0,2,0,1,0
468.47,295,5,1,0,1,0,0,0
13163.33,109,2,1,1,3,1,1,0
1429.06,29,1,1,1,0,0,1,0
3926.06,103,9,0,1,3,0,1,0
942.26,39,2,0,0,1,0,1,0
1869.37,89,8,0,0,5,0,1,0
2538.86,120,9,2,0,1,0,1,0
3707.8,77,7,2,0,3,0,1,0
3156.97,497,3,1,0,3,0,1,0
2623.32,148,5,0,0,4,0,1,0
800.24,333,7,1,0,0,0,1,0
619.09,257,6,0,0,2,0,1,0
1529.36,194,1,2,0,1,0,1,0
2788.13,123,5,1,0,2,1,1,0
877.68,1,7,4,0,2,0,1,0
3181.7,171,4,2,0,3,1,0,0
4687.32,79,7,2,0,1,0,1,0
438.64,22,4,1,0,3,0,1,0
474.89,105,5,1,0,4,0,0,0
953.01,239,3,0,0,3,0,1,0
1491.61,587,5,0,0,0,1,1,0
649.0,84,2,1,0,0,0,1,0
4239.51,140,4,0,0,1,0,1,0
1675.84,342,8,1,1,2,0,1,0
1140.76,73,4,2,0,1,0,1,0
260.89,27,2,2,0,1,0,1,0
294.18,59,8,0,1,5,0,1,0
1452.45,412,2,2,0,1,0,1,0
129.98,31,4,0,0,2,0,1,0
3018.87,71,3,3,1,1,0,1,0
936.22,112,10,0,0,1,0,1,0
28087.87,338,4,2,0,2,0,1,0
11024.95,499,5,0,0,3,0,1,0
914.66,99,5,1,1,3,0,1,0
986.01,483,5,1,0,3,0,1,0
2967.82,31,5,0,0,1,0,1,0
6021.99,30,9,0,1,1,0,1,0
213.14,536,3,0,0,0,0,1,0
183.76,128,2,2,1,6,0,1,0
588.73,37,2,0,0,2,0,1,0
1964.0,120,4,1,0,3,0,1,0
1802.4,275,11,2,0,5,0,1,0
3196.37,315,7,0,0,2,0,1,0
330.4,359,3,1,0,5,0,1,0
108.19,151,8,2,1,1,0,1,0
2586.38,363,1,1,1,2,0,1,0
479.05,128,4,1,0,1,0,1,0
145.69,168,7,2,0,0,0,1,0
1267.83,255,3,2,0,4,0,0,0
2424.0,99,9,5,0,3,0,0,0
970.63,13,4,1,0,2,0,1,0
693.78,77,5,1,0,3,1,1,0
935.09,176,5,1,0,3,0,1,0
757.04,38,4,0,0,0,1,1,0
284.85,28,9,2,0,2,0,1,0
536.64,62,4,0,0,2,1,0,1
1846.93,5,4,2,0,2,0,1,0
1512.74,244,2,1,0,2,0,1,0
1297.33,53,5,0,0,4,0,0,0
405.39,23,3,1,1,5,0,1,0
914.61,216,7,1,0,1,0,1,0
124.33,333,4,1,0,2,0,1,0
1310.91,3,8,1,0,2,0,1,0
4577.27,47,6,0,0,1,0,1,0
251.1,522,1,0,1,1,0,1,0
610.37,87,3,0,0,4,0,0,0
1524.02,502,6,1,1,0,0,1,0
3838.52,57,4,1,0,3,0,1,0
700.49,44,2,0,0,2,0,1,0
548.81,43,4,0,1,2,0,1,0
153.1,16,3,0,0,2,0,1,0
1216.14,408,3,1,0,4,0,1,0
8451.3,702,4,1,0,4,0,1,0
1447.16,556,14,0,0,1,1,1,0
1072.47,343,5,1,1,3,0,1,0
1513.35,337,7,0,0,0,0,1,0
1084.54,194,4,2,0,4,0,1,0
486.38,314,4,0,0,0,0,1,0
2498.09,42,2,0,0,2,0,1,0
1374.38,88,6,1,1,7,0,1,0
1116.12,184,4,2,0,1,0,1,0
413.49,373,0,1,0,2,0,0,0
4038.01,194,5,1,1,2,0,1,0
2131.76,328,2,1,0,4,0,1,0
630.86,115,8,0,0,4,0,1,0
2986.4,227,6,1,0,2,1,1,0
666.76,703,5,1,0,0,0,1,1
501.7,29,7,2,0,2,0,1,0
513.01,470,4,1,1,0,0,1,0
186.59,133,2,3,0,1,0,1,0
1757.32,185,4,2,0,2,0,1,0
175.71,378,3,2,1,3,1,1,0
321.04,94,3,2,1,4,0,1,0
137.61,97,11,1,0,4,0,1,0
1006.19,134,2,3,0,0,0,0,0
943.58,3,3,0,0,3,0,1,0
791.0,123,5,1,0,4,0,1,0
386.61,61,7,2,0,5,0,1,0
339.6,473,5,0,0,1,0,1,0
1744.76,16,0,1,0,2,1,0,1
632.35,110,5,0,0,1,0,1,0
1504.71,530,9,1,0,4,0,0,0
452.48,416,4,0,0,2,0,1,0
1314.3,217,9,1,0,1,0,1,0
4037.08,160,4,2,1,2,0,0,0
1970.74,59,5,1,1,2,1,1,0
726.03,82,8,0,1,4,0,1,0
1418.28,17,5,3,1,0,0,1,0
862.07,277,1,2,0,2,0,1,0
1105.31,70,3,1,0,1,0,1,0
791.86,198,8,0,0,2,0,1,0
930.45,79,3,5,0,2,1,1,0
1355.73,112,6,0,1,1,0,1,0
406.12,145,1,1,0,3,0,1,0
397.07,291,2,2,1,1,0,1,0
273.54,42,2,0,0,2,0,0,0
221.35,91,8,0,0,5,0,0,0
324.64,25,13,1,0,4,1,1,0
1286.22,14,4,1,1,0,0,1,0
449.09,167,3,1,1,3,0,1,0
1832.83,37,3,3,0,3,1,1,0
1135.37,11,3,2,0,1,0,1,0
153.16,409,5,1,0,3,0,1,0
2111.12,137,8,0,0,1,0,1,0
2467.1,26,3,1,0,2,0,1,0
405.91,9,6,3,1,1,0,1,0
1669.35,22,6,1,1,4,0,1,0
465.68,114,6,0,0,4,0,1,0
1209.15,198,7,1,0,1,0,1,0
309.67,184,4,0,0,3,1,1,0
182.53,28,7,0,0,1,1,0,0
747.84,180,4,1,0,1,0,1,0
969.01,93,5,1,0,1,1,1,0
736.8,112,5,3,0,1,0,1,0
335.62,290,5,0,1,3,0,1,0
735.17,72,9,1,0,5,0,0,0
1435.54,28,4,2,0,1,1,1,0
1048.49,372,4,0,0,5,0,1,0
1316.2,42,4,3,0,2,0,1,0
561.09,62,6,1,0,2,0,1,0
3539.42,220,4,2,1,1,0,1,0
338.26,207,7,4,0,2,0,1,0
1785.69,290,4,3,0,2,0,1,0
3575.61,36,6,3,1,3,0,1,1
1773.85,78,4,0,1,0,0,1,0
895.58,24,8,1,0,2,0,1,0
646.58,140,0,0,0,2,0,1,0
3090.5,62,6,0,0,2,0,1,0
264.28,210,8,0,0,3,1,1,0
415.66,1,5,0,0,2,0,1,0
736.89,11,7,2,1,1,1,1,0
3780.66,101,7,2,0,2,0,1,0
1603.22,571,3,0,0,2,0,1,0
416.53,398,2,0,1,5,0,0,0
804.07,921,5,0,0,1,0,1,0
593.29,97,8,0,0,0,0,1,0
539.27,8,7,1,0,2,1,1,0
2918.69,65,1,0,0,2,0,0,0
278.18,202,2,0,0,2,0,1,0
5479.56,26,6,1,0,2,0,1,0
2510.48,64,3,2,0,1,0,1,0
3264.5,10,11,2,1,1,0,1,0
690.25,115,8,2,0,4,0,1,0
943.94,42,3,1,0,0,0,1,0
261.61,17,6,1,0,3,0,1,0
648.94,95,6,1,0,0,0,1,0
1796.61,77,10,0,1,4,0,1,0
4008.06,138,7,1,1,1,0,1,0
362.43,248,8,0,1,1,0,1,0
760.89,21,3,0,1,1,0,1,1
942.66,281,4,1,0,2,1,1,0
271.57,4,1,2,0,4,0,0,1
1980.98,105,4,2,0,2,0,1,0
531.66,159,6,0,0,1,0,0,0
902.0,566,3,0,0,3,0,0,0
697.88,153,4,2,0,3,0,1,0
498.03,31,6,2,0,2,0,1,0
1088.93,131,5,0,1,2,0,1,0
883.94,90,4,2,0,1,0,1,0
756.08,117,3,2,0,1,0,1,0
529.29,39,9,2,0,1,0,1,0
1509.49,125,9,0,0,1,0,1,0
5730.84,29,8,1,0,1,0,1,0
1261.29,245,2,1,0,3,0,1,0
2969.41,162,6,2,0,4,0,1,0
273.08,14,4,3,0,4,0,1,0
1284.03,396,6,0,0,3,1,1,0
366.0,172,3,3,0,2,0,1,0
250.4,68,4,0,1,3,0,0,0
523.55,8,8,1,1,1,0,1,0
3611.58,180,6,0,0,0,0,1,0
2835.62,84,4,3,1,0,0,1,0
1398.29,428,3,0,0,1,0,1,0
236.82,6,7,2,0,4,0,1,0
901.19,7,3,3,0,4,0,1,1
1482.82,536,7,0,0,1,0,1,0
1307.06,602,4,1,0,5,0,1,0
173.5,5,9,0,1,4,1,0,1
450.2,226,6,1,0,2,0,1,0
1028.57,45,4,0,0,3,0,1,0
1874.86,217,2,0,1,3,0,1,1
121.98,365,2,1,0,0,0,1,0
932.51,19,5,2,1,1,0,1,0
1265.28,49,6,1,0,4,0,1,0
2564.74,4,5,1,0,0,1,1,0
2192.63,8,7,1,0,1,1,1,0
1963.67,5,8,0,0,0,0,0,0
492.78,290,3,0,0,3,0,1,0
162.71,63,5,1,0,1,0,1,0
740.22,122,6,1,0,2,0,1,0
2985.83,279,9,1,1,1,0,1,1
4418.05,122,2,0,0,3,0,1,0
2231.77,100,4,2,0,2,0,1,0
1684.7,2,4,0,0,3,0,1,0
1603.01,151,9,1,0,2,0,1,0
628.84,23,7,3,0,4,0,0,0
962.89,260,9,2,0,0,0,1,0
5820.08,53,8,1,0,2,0,1,0
427.28,201,6,1,0,1,0,1,0
5512.53,187,5,0,0,0,0,1,0
794.71,172,10,0,1,0,0,0,0
4127.52,55,5,2,0,2,0,1,0
268.59,55,2,0,0,2,0,1,0
1970.23,357,3,2,0,5,0,1,0
524.91,2,2,1,1,1,0,1,0
266.33,36,4,2,0,1,0,1,0
1364.49,169,6,2,0,4,0,0,0
3009.33,305,7,1,0,1,1,1,0
471.09,79,5,2,0,2,0,0,0
244.93,190,4,0,1,0,0,1,0
1000.4,146,6,1,0,2,0,1,0
1004.82,12,2,2,0,0,0,1,0
1897.55,174,9,1,0,1,0,0,0
2834.43,302,8,1,1,0,1,1,0
1033.37,879,4,0,0,3,0,1,0
7012.88,5,3,2,0,0,0,1,0
1372.29,194,6,1,0,2,0,1,0
775.55,96,5,0,0,2,0,1,0
218.86,1,6,1,0,2,0,1,0
843.31,171,3,1,0,0,1,1,0
783.38,23,7,1,0,2,0,1,0
2864.95,85,8,1,0,5,0,1,0
1741.47,54,6,0,0,4,0,1,0
337.18,80,2,2,0,2,0,1,0
1302.78,122,6,0,1,0,0,1,0
2146.37,80,9,1,0,2,0,0,0
5054.49,144,5,0,0,3,0,1,0
2663.79,49,8,0,1,2,0,1,0
2346.89,181,7,2,0,0,0,1,0
1164.55,346,1,0,0,1,0,1,0
1616.97,45,3,2,0,2,0,1,0
3825.73,127,7,0,0,2,0,1,0
289.23,188,2,1,0,2,0,1,0
773.22,149,4,2,1,3,0,1,0
506.45,81,4,0,0,0,1,1,0
1602.23,185,3,1,0,2,0,1,0
3752.67,5,6,1,0,1,0,1,0
603.67,83,4,1,0,0,0,1,0
100.45,136,5,1,0,2,0,1,0
726.17,3,4,1,0,1,0,1,0
2733.87,127,2,0,0,3,1,1,0
1877.38,191,3,1,0,1,1,1,0
1682.75,256,4,1,0,0,1,1,0
828.82,21,3,4,1,0,0,1,1
305.2,839,1,0,1,0,0,0,1
1835.91,167,6,0,1,2,0,1,0
476.14,81,4,0,0,5,0,1,0
9740.98,51,6,1,0,0,0,1,0
1940.12,153,5,0,0,3,0,1,0
613.61,384,5,1,1,2,0,1,0
595.03,132,9,2,0,0,0,1,0
999.3,194,6,3,0,3,0,1,0
863.07,79,6,0,0,1,0,1,0
3350.4,88,4,2,0,4,0,1,0
1321.36,60,6,2,0,2,0,1,0
527.62,220,5,0,0,4,0,1,0
7262.22,80,10,0,0,0,1,1,0
1152.06,38,12,1,1,3,0,1,0
2365.72,82,6,1,0,4,0,1,0
596.91,346,1,0,0,4,0,1,0
1576.74,241,3,1,0,1,0,1,0
1496.84,73,3,0,0,2,0,1,0
165.73,427,3,1,0,4,0,1,0
8227.81,14,8,1,1,2,0,1,0
3986.4,9,9,1,1,2,0,1,0
737.16,24,3,0,0,2,0,1,0
364.21,22,3,3,0,2,0,1,0
1552.41,16,3,0,0,3,1,1,0
1195.95,194,3,2,0,3,0,1,0
1565.04,165,3,2,0,0,0,1,0
1328.2,187,9,0,0,4,0,1,0
1819.36,209,3,1,0,2,0,1,0
4662.49,254,2,1,1,3,0,1,0
1935.47,41,7,1,0,1,1,1,0
383.89,175,6,1,1,2,0,1,0
4283.66,156,9,1,0,1,0,1,0
5656.81,517,5,3,0,1,0,1,0
25643.79,47,3,0,1,0,0,1,0
356.56,10,6,1,1,1,1,1,0
1398.12,190,6,1,0,2,0,1,0
136.72,242,5,0,0,0,1,1,0
1906.74,59,5,0,0,2,0,1,0
633.84,152,1,2,0,2,0,1,0
7505.91,11,4,1,0,2,0,1,0
505.42,579,7,2,0,0,0,1,0
202.52,20,3,0,0,0,0,1,0
684.53,12,5,0,0,1,1,1,0
152.1,8,8,1,0,1,0,1,0
2324.13,100,4,1,0,4,1,0,0
139.06,18,9,1,0,5,1,1,0
1128.29,245,4,0,0,4,1,1,0
137.3,412,3,0,0,1,0,1,0
796.08,54,7,1,0,3,0,1,0
5672.46,178,7,2,0,1,1,1,0
1572.86,7,3,3,1,1,0,1,0
462.44,87,4,0,0,0,0,0,0
1062.94,62,8,1,0,2,1,1,0
1116.57,46,7,1,0,3,0,1,0
1759.23,186,7,0,0,1,1,1,0
279.54,25,3,4,1,4,0,0,1
1983.4,354,7,0,0,1,0,1,0
73.38,196,6,0,0,2,0,1,0
584.13,223,6,1,0,2,0,1,0
672.99,492,2,0,0,3,0,0,0
2065.91,513,5,2,0,1,0,0,0
1121.73,144,10,0,0,2,0,1,0
268.93,123,7,1,0,3,0,1,0
409.53,73,10,1,0,2,0,1,0
1337.66,226,0,1,1,1,0,1,1
1013.26,139,8,1,0,2,0,1,0
614.54,486,5,0,0,2,0,0,0
678.01,49,4,3,1,1,0,1,0
2199.9,66,5,0,0,0,0,1,0
653.48,68,6,0,0,7,0,1,0
1004.16,295,7,1,0,3,0,1,0
9604.02,18,5,1,0,2,0,1,0
264.1,109,2,0,0,2,1,1,0
172.11,100,4,1,0,2,0,1,0
2400.88,13,5,0,0,1,0,1,0
556.33,95,3,0,1,0,0,1,0
797.72,129,3,2,0,0,0,1,0
502.12,12,7,1,0,0,0,1,0
845.73,128,11,0,0,1,1,0,0
5423.72,576,6,0,0,2,0,1,0
2445.8,694,12,2,0,4,1,1,1
2597.29,136,7,0,0,1,0,1,0
266.07,130,3,2,0,2,0,1,0
346.83,60,6,0,0,3,0,1,0
64.13,1052,3,2,1,3,0,1,0
488.15,57,5,0,0,0,0,1,0
2854.65,108,4,3,1,2,0,1,1
1838.94,1,6,2,0,2,1,1,0
878.74,77,13,4,0,1,0,1,0
1072.45,13,3,2,0,0,1,1,0
550.66,245,4,4,0,2,0,1,0
1345.82,148,5,3,0,2,0,1,0
2358.73,152,3,0,0,4,0,1,0
217.92,60,8,0,0,1,0,0,0
1479.78,303,4,1,0,3,0,1,0
2786.2,1,3,1,0,3,0,1,0
724.08,73,6,1,0,3,0,0,0
2209.9,193,6,3,0,0,0,1,0
18299.97,429,2,2,0,2,1,1,0
987.97,48,5,0,0,2,0,1,0
1625.07,140,4,1,0,2,0,1,0
524.24,138,3,1,1,4,0,1,1
1314.55,373,3,1,0,3,0,1,0
1737.62,9,4,3,0,2,0,1,0
1332.54,99,11,1,0,3,0,1,0
395.56,36,5,1,1,1,0,1,0
1347.98,3,6,1,0,1,1,1,1
4732.44,28,4,1,1,2,0,1,0
1717.52,674,3,0,0,3,0,0,0
2869.77,43,6,0,1,2,0,1,0
865.22,492,5,2,0,0,1,1,0
2321.34,41,10,0,0,0,0,1,0
1449.93,482,6,1,0,4,0,1,0
423.73,191,6,2,0,5,0,1,0
1507.97,21,6,0,0,1,0,1,0
406.79,156,6,4,0,4,0,1,0
582.38,69,6,0,1,2,0,1,0
1325.21,86,5,1,0,0,0,1,0
1476.23,104,11,1,0,0,0,1,0
333.88,98,6,3,0,0,0,1,0
3146.31,196,3,2,0,2,0,1,0
1943.03,263,2,2,0,4,0,1,0
542.0,71,4,1,0,2,0,1,0
235.67,464,9,1,0,0,1,1,0
948.7,501,8,0,0,0,0,1,0
702.09,7,10,2,0,3,0,1,0
1228.0,2,9,0,1,4,0,1,0
762.71,99,3,2,0,0,0,1,0
147.31,160,5,2,0,3,0,1,0
743.71,58,4,0,0,1,0,1,0
807.85,54,5,0,0,1,0,1,0
2066.6,204,6,1,1,1,0,1,0
545.55,165,6,1,0,1,0,1,0
5876.25,32,1,1,1,3,0,1,0
162.12,388,6,2,0,3,0,1,0
4069.06,205,8,2,0,4,0,1,0
876.28,81,6,0,0,2,0,0,0
2590.44,207,3,1,0,2,0,1,0
1187.73,21,4,3,0,4,0,1,0
3427.39,113,5,0,0,2,0,1,0
744.44,33,7,0,0,2,0,1,0
365.54,7,7,1,0,4,0,1,0
4539.19,74,3,1,1,1,0,1,0
978.99,29,5,2,0,1,0,1,0
1368.62,180,2,1,0,3,0,1,0
3769.7,201,4,1,0,0,0,1,0
390.74,28,10,0,1,0,0,1,0
1989.21,4,2,0,0,1,0,1,0
607.96,283,6,0,0,0,1,1,0
960.86,1,3,0,0,2,0,1,0
1178.83,75,6,1,0,3,0,1,0
244.64,122,7,1,0,3,0,1,0
503.29,307,4,1,0,2,1,1,0
4234.72,328,5,0,0,4,0,1,0
2660.29,232,3,1,0,1,0,1,0
1030.05,51,8,2,0,3,0,1,0
1398.46,229,4,2,0,3,0,1,0
817.1,50,5,3,1,1,0,1,0
4258.12,43,1,0,1,3,0,1,1
897.53,142,5,0,1,0,0,1,0
1382.77,204,5,0,0,4,0,1,0
3449.66,9,4,0,0,4,0,0,0
504.03,11,3,0,1,0,0,1,0
5212.37,275,5,1,0,3,1,1,0
237.35,353,7,2,0,2,0,0,0
5595.08,166,7,0,1,1,0,1,1
755.46,100,6,1,0,2,1,1,0
860.32,335,7,2,0,3,0,1,0
165.67,234,3,1,1,2,0,1,1
695.9,155,5,0,0,1,0,1,0
387.69,69,4,2,0,3,0,1,0
597.26,39,5,0,0,4,0,1,0
955.93,97,2,1,0,1,0,1,0
2857.75,60,3,0,0,2,1,1,0
1349.65,74,4,3,0,3,0,1,0
1491.71,130,3,0,0,4,0,1,0
366.68,33,1,1,0,3,0,1,0
454.52,295,3,3,0,0,0,0,0
6625.79,28,3,2,0,3,0,1,0
525.74,118,4,0,0,2,0,1,0
5745.71,246,8,1,0,2,1,1,0
860.01,119,6,1,0,3,0,1,0
1099.15,80,7,1,0,0,0,1,0
3198.27,115,2,0,1,4,0,0,0
3912.35,339,4,3,1,1,1,1,1
981.6,836,7,1,0,1,0,1,0
743.79,179,5,1,1,2,0,1,0
1036.99,283,5,0,0,2,0,1,0
1537.57,2,7,2,1,0,0,1,0
2673.93,382,4,2,0,2,0,1,0
1101.28,554,9,1,0,2,1,1,0
2036.29,154,5,2,1,1,0,1,0
5644.06,252,4,0,0,3,0,1,0
1605.69,129,3,3,0,0,0,1,0
1497.65,60,4,2,1,3,0,1,0
240.11,344,5,3,0,4,0,1,0
78.99,163,6,3,0,1,0,1,0
1617.08,155,4,1,0,2,0,1,0
997.42,193,5,0,0,1,0,1,0
655.38,348,4,1,0,4,0,1,0
1399.02,236,4,1,0,4,0,1,0
1032.35,42,4,3,0,4,0,1,0
3387.27,113,5,1,0,1,0,1,0
1195.25,706,3,1,1,2,0,1,0
519.61,145,2,1,0,0,0,1,0
2951.79,501,3,2,0,2,0,1,0
882.6,302,1,0,0,1,0,0,0
1856.66,197,6,2,1,2,0,1,0
680.34,77,6,0,0,2,0,0,0
572.59,65,10,1,0,1,0,1,0
1192.93,185,5,1,0,1,1,1,0
1110.79,101,7,1,1,0,0,1,0
1771.93,288,3,1,0,0,0,0,0
838.28,257,6,0,0,3,1,1,0
174.8,67,1,2,0,4,0,1,0
711.39,218,4,0,0,1,0,1,0
2425.56,122,4,1,0,1,0,1,0
814.54,70,4,0,0,0,0,1,0
857.15,95,7,2,1,3,0,1,0
2940.62,406,5,2,0,2,0,1,0
538.09,80,4,2,0,2,0,1,1
234.44,60,5,0,0,3,0,1,0
933.9,78,8,2,0,1,1,1,0
675.75,43,8,1,0,5,0,1,0
417.28,141,5,1,0,2,0,0,0
920.23,28,4,1,0,3,0,1,0
1792.75,306,9,1,0,3,0,1,0
1086.49,46,6,0,0,1,0,0,0
1490.67,164,2,1,0,3,0,1,0
6723.79,24,3,2,1,3,0,1,0
778.31,690,3,1,0,3,0,1,0
1448.59,109,6,1,0,2,0,1,0
659.04,310,3,3,0,2,0,1,0
470.43,263,4,0,1,0,1,0,1
611.0,225,4,1,0,0,0,1,0
679.42,316,1,0,1,3,0,1,0
1571.01,19,4,0,0,3,0,0,0
11488.2,204,4,0,0,0,0,1,0
535.9,55,6,0,0,0,0,1,0
722.98,277,3,1,1,2,0,1,1
1029.55,565,1,2,0,2,0,1,0
1629.13,417,7,1,0,0,1,0,0
1427.32,21,3,1,1,1,0,1,0
3960.38,83,10,4,0,1,0,1,0
96.89,81,3,1,0,2,0,0,0
100.79,23,4,0,1,2,1,1,0
667.89,18,3,3,1,3,0,0,1
3285.59,87,2,2,0,2,1,1,0
229.14,870,4,0,0,0,0,0,0
54.18,151,5,1,0,2,0,1,0
1941.43,175,10,2,0,2,0,1,0
1399.2,114,3,0,0,0,0,1,0
368.63,195,5,2,0,1,0,1,0
409.3,564,5,0,0,6,0,1,0
415.82,159,3,3,0,2,0,1,0
1224.8,12,6,2,1,1,0,1,0
586.21,122,5,1,0,2,0,1,0
1797.34,886,2,0,0,2,0,1,0
63.14,88,3,1,0,2,0,1,0
465.52,162,5,1,0,1,0,1,0
355.65,20,8,1,1,2,0,1,0
848.66,27,11,0,0,2,0,1,0
640.31,373,6,2,1,1,0,1,0
2435.35,64,7,1,0,3,1,1,1
170.83,65,10,0,0,8,0,0,0
1147.67,88,9,0,1,3,0,1,0
1916.65,611,5,2,0,4,0,1,0
7020.91,15,4,0,0,1,0,1,0
677.38,307,5,0,0,2,0,1,0
1516.95,75,2,0,0,3,0,1,0
180.57,340,5,1,0,4,0,1,0
100.29,863,6,4,0,1,0,1,0
2552.36,77,5,3,0,1,0,1,0
1090.55,24,3,1,1,2,1,1,0
3563.55,28,7,0,0,6,0,1,0
277.72,255,6,0,0,3,0,1,0
1844.39,28,3,0,0,3,0,1,0
7106.87,54,2,1,0,2,0,1,0
1668.54,41,10,1,1,0,0,1,0
1446.04,79,6,1,1,3,0,1,0
1106.06,13,1,2,1,0,0,1,0
227.95,349,6,2,0,1,1,1,0
4253.82,354,4,1,0,3,1,1,0
595.35,95,6,2,0,1,1,1,0
1816.17,170,9,0,1,1,0,1,0
229.74,184,8,1,1,0,0,1,0
337.15,248,5,1,0,1,0,1,0
4605.87,132,3,0,0,0,0,1,0
774.87,128,4,1,0,1,0,1,0
4690.41,179,4,0,0,5,0,1,0
1014.11,218,5,1,0,2,0,1,0
173.83,76,3,1,0,1,1,1,0
2675.97,72,4,1,1,2,1,1,0
607.96,56,7,1,0,0,0,0,0
2205.45,143,7,1,1,2,0,1,0
1124.63,80,4,0,0,0,0,1,0
234.37,139,5,0,0,4,0,1,0
1292.45,93,5,2,0,2,0,1,0
9859.82,326,4,1,1,1,0,1,0
1795.41,13,7,1,0,0,0,1,0
1035.34,152,3,1,1,0,0,1,0
3214.23,154,2,2,0,1,0,1,0
1353.8,87,0,1,0,1,0,1,0
1352.26,98,10,0,0,2,0,1,0
368.11,289,3,0,1,2,0,1,0
1385.54,59,6,1,1,2,0,1,0
3088.51,369,6,0,0,3,0,1,0
475.3,408,2,1,0,3,0,1,0
4557.35,189,2,2,0,2,0,1,0
1000.54,266,5,0,0,2,0,1,0
451.34,170,5,1,0,3,0,1,0
2973.91,134,3,0,0,1,0,1,0
823.21,612,4,1,0,1,0,1,0
2343.77,59,5,0,1,0,0,1,0
819.13,30,7,1,0,2,1,0,0
1032.95,61,3,2,1,4,0,1,0
1796.44,171,5,1,0,2,0,0,0
1466.89,36,9,2,0,2,1,1,0
149.08,431,6,0,0,1,0,1,0
357.36,95,9,4,0,3,0,1,0
2777.79,341,8,0,0,3,0,1,0
960.89,51,6,0,0,1,0,0,0
649.54,67,3,0,0,4,1,0,1
281.86,10,5,1,1,0,0,1,0
372.51,53,6,0,0,1,0,1,0
145.21,121,6,1,0,2,0,1,0
991.0,525,3,3,1,4,0,1,0
602.79,88,3,2,0,0,1,1,0
417.14,183,8,0,0,0,1,1,0
1024.41,100,1,1,1,7,0,1,0
1578.09,8,4,0,0,0,0,1,0
8894.58,126,3,0,0,2,0,1,0
241.8,12,1,0,0,1,1,0,1
3496.02,387,4,0,0,1,0,1,0
2901.84,251,2,0,0,1,1,1,0
503.16,85,5,3,1,1,0,1,0
1343.77,184,2,2,0,1,0,1,0
693.93,21,6,2,0,3,0,0,0
1320.4,218,10,1,0,1,0,1,0
4959.85,311,4,0,0,1,0,1,0
2009.43,310,6,0,0,2,0,1,0
1823.67,60,5,1,0,3,1,1,0
713.15,55,4,1,1,3,0,1,0
248.62,132,6,2,0,0,0,1,0
890.28,618,6,0,0,2,0,0,0
3665.09,455,8,1,0,3,0,1,0
238.13,80,6,0,0,0,0,1,0
381.81,272,5,0,0,4,0,1,0
1244.22,457,9,1,1,3,0,1,0
409.67,54,2,3,0,1,1,1,0
496.45,319,5,1,0,1,0,1,0
717.95,56,4,0,0,2,0,1,0
279.89,75,3,2,0,1,1,1,0
414.01,39,7,2,0,1,0,1,0
2215.93,127,5,2,0,4,0,1,0
296.67,333,4,0,0,7,0,0,0
221.88,135,2,0,0,1,0,1,0
584.04,23,6,2,0,1,0,1,0
2280.06,52,7,0,1,2,0,1,0
900.62,148,4,2,0,0,0,1,0
689.12,157,3,0,1,1,0,1,0
1146.37,154,7,1,1,2,0,1,0
191.39,14,9,2,0,3,0,1,0
1798.5,252,6,0,0,3,0,1,0
1609.11,432,3,0,0,2,0,1,0
728.28,128,8,1,1,0,0,0,0
2998.67,228,10,1,0,2,0,1,0
355.14,441,5,3,0,1,0,1,0
3387.71,185,5,2,0,0,0,1,0
1279.84,201,7,1,0,2,0,1,0
783.25,230,1,1,0,0,0,0,0
1075.05,54,5,0,0,3,0,1,0
985.09,157,5,1,0,4,1,0,0
3715.55,332,5,0,0,2,0,1,0
373.65,63,4,0,0,0,0,1,0
511.57,409,6,1,0,1,1,1,0
3091.16,174,7,2,0,2,0,1,0
604.54,99,8,1,0,1,0,1,1
2698.72,175,6,4,0,2,1,1,0
5999.53,92,4,1,0,1,0,1,0
733.78,327,2,0,1,1,0,1,0
2167.57,118,5,3,0,1,1,1,0
345.95,416,5,2,0,0,0,1,0
2332.59,128,6,0,0,1,1,1,0
1338.66,194,4,0,0,0,0,1,0
1759.95,1096,7,1,0,2,1,1,0
575.03,28,5,0,0,1,0,1,0
208.29,240,4,1,0,3,0,1,0
1813.93,26,3,2,0,1,0,1,0
139.3,328,3,0,1,3,0,1,0
798.43,163,5,2,0,0,0,1,0
2810.68,500,4,2,0,0,0,1,0
1328.62,361,3,0,1,4,0,0,0
7695.13,14,4,1,1,5,0,1,0
3056.75,26,7,2,0,2,0,1,0
570.27,165,7,0,0,2,0,1,0
1127.0,131,1,2,0,2,0,0,0
1045.9,33,4,1,0,3,0,1,0
225.39,24,9,1,0,4,0,1,0
428.2,149,14,1,0,1,0,1,0
625.93,9,3,1,0,4,0,1,0
143.13,372,7,2,0,2,0,1,0
1149.97,296,4,1,0,1,0,1,0
854.85,276,4,0,0,2,1,1,0
205.84,2,4,1,0,1,0,0,0
1642.89,8,6,0,0,2,0,1,0
2243.68,143,11,0,0,1,0,1,0
1376.14,934,7,1,0,3,1,1,0
793.09,75,8,0,0,0,0,1,0
1981.17,75,2,1,0,2,1,1,0
2165.1,25,5,2,0,3,0,1,0
1491.3,201,5,0,0,0,0,1,0
480.77,187,2,1,1,1,1,1,1
1446.06,19,3,1,0,0,0,0,0
3624.53,113,6,1,0,3,0,1,0
603.88,197,7,0,0,2,1,1,0
8936.86,122,4,0,0,1,0,0,0
648.31,201,5,2,0,1,0,0,0
1132.75,304,5,0,0,4,0,1,0
559.76,208,2,0,1,2,0,1,0
1370.97,172,3,1,1,2,1,1,0
192.05,345,6,1,0,2,0,1,0
635.21,415,8,0,1,3,0,1,0
367.92,88,8,0,0,2,0,1,0
1255.56,34,4,0,0,0,0,1,0
2964.45,306,3,0,0,3,0,1,0
2092.27,43,6,0,1,4,0,1,0
102.34,475,6,1,1,2,0,1,0
8451.25,4,4,1,0,1,0,1,0
1473.33,457,3,0,1,3,0,1,0
504.47,160,4,3,0,4,0,1,0
1283.22,268,2,0,0,2,0,1,0
1307.92,91,7,1,0,1,1,0,0
562.93,862,5,2,0,3,0,1,0
1336.64,46,7,0,1,4,1,1,1
597.36,55,5,0,1,2,0,1,0
731.9,9,6,0,0,4,0,1,0
552.1,507,5,0,0,2,0,1,0
261.73,109,5,1,0,2,0,1,0
1268.81,202,8,1,0,1,0,1,0
1969.04,209,7,2,0,2,0,1,0
1835.15,373,3,0,0,1,0,1,0
2489.72,196,5,0,0,2,0,0,0
1516.77,148,6,1,0,0,0,1,0
643.73,223,5,1,0,1,0,1,0
2539.35,250,6,0,0,2,1,1,0
282.16,37,4,0,1,1,0,1,0
445.56,20,4,6,0,2,0,0,0
418.13,14,7,0,0,0,0,1,0
3229.41,84,7,2,0,1,0,1,0
2815.2,124,5,4,1,0,0,1,0
1785.23,172,8,0,0,5,0,1,0
3203.28,570,7,0,0,1,0,0,0
455.19,72,6,2,0,4,0,1,0
1554.01,257,6,1,0,2,1,1,0
967.61,136,6,1,0,2,0,1,0
2557.75,44,6,1,0,1,0,1,0
977.28,171,5,0,0,2,0,1,0
746.25,614,4,0,1,1,0,1,0
1883.54,23,5,3,0,1,0,0,0
2633.76,127,6,2,0,2,1,1,0
562.09,9,10,1,1,1,0,1,0
1031.66,69,3,1,0,0,0,1,0
380.53,174,4,1,1,1,0,0,0
90.19,331,3,2,0,3,0,1,0
1340.05,235,7,1,1,2,1,1,0
2016.07,111,3,2,0,0,0,1,0
1425.2,431,4,0,0,2,0,1,0
156.09,64,5,1,0,1,0,0,1
772.13,252,4,0,0,3,0,0,0
119.3,115,3,2,0,3,0,1,0
4314.35,412,3,3,0,3,0,1,0
370.16,287,6,1,1,2,0,1,1
3848.36,417,6,2,0,2,0,1,0
2823.89,43,5,1,1,2,0,1,0
445.59,198,3,0,0,3,0,1,0
353.26,241,4,3,0,1,0,0,0
1556.77,244,4,0,0,4,0,1,0
471.39,126,6,3,0,0,0,1,0
1214.98,2,4,0,0,3,0,1,0
676.66,54,4,1,0,2,0,1,0
184.72,70,5,1,0,3,0,1,0
117.86,343,4,1,0,2,0,0,0
1375.65,330,4,0,1,3,0,1,0
625.43,19,6,2,0,2,0,1,0
630.75,538,7,0,0,2,0,1,0
2199.23,36,5,0,0,2,0,1,0
3545.53,96,4,1,0,5,0,1,0
835.02,43,11,1,0,0,0,1,0
780.08,354,6,1,0,1,0,1,0
1808.3,249,2,2,0,2,1,0,0
282.33,78,8,0,0,1,0,1,0
1370.8,206,4,1,1,5,0,1,0
1904.33,36,5,0,0,3,0,1,0
2165.12,86,5,1,0,2,0,1,0
158.1,85,7,0,1,3,0,1,0
512.16,48,4,0,1,2,0,1,0
455.66,376,2,1,0,1,0,1,0
1211.83,204,5,0,0,2,0,1,0
1773.56,59,6,0,0,2,0,1,0
4898.63,49,3,2,1,1,0,1,0
668.5,3,5,0,0,0,0,1,0
666.76,76,5,0,1,5,0,1,0
3462.24,134,5,1,1,3,0,1,0
1475.24,58,6,1,0,1,0,1,0
3895.79,216,4,0,0,3,0,0,0
1463.71,95,4,0,0,1,0,1,0
344.77,68,7,2,0,3,0,1,0
289.13,503,7,1,0,4,0,1,0
232.41,54,6,0,0,4,0,1,0
2126.12,91,5,0,0,2,0,1,0
3599.67,86,3,0,0,1,0,1,0
6969.94,49,6,0,0,2,0,1,0
2548.11,44,5,4,1,3,0,1,0
3508.13,64,6,0,0,6,1,0,0
613.99,359,4,1,0,2,0,1,0
345.01,262,12,2,0,1,0,1,0
2565.94,205,5,0,0,3,0,1,0
1665.17,109,4,3,0,2,0,1,0
1221.02,127,8,4,0,3,0,1,0
1615.45,55,3,2,1,0,0,1,0
1515.02,13,5,2,1,1,0,1,0
3959.28,72,7,0,0,0,0,1,0
4003.75,123,3,0,0,3,0,0,0
1889.79,10,5,1,0,4,0,1,0
2554.99,16,5,1,0,1,1,1,0
1833.65,54,4,0,1,1,0,0,1
691.48,82,3,1,0,2,0,1,0
2336.86,89,4,5,0,2,1,1,0
271.92,22,2,2,0,4,0,1,0
3146.01,46,4,1,0,2,1,1,0
332.11,54,5,1,0,5,0,1,0
1459.43,12,7,0,1,4,1,0,1
470.99,71,4,1,0,4,0,1,0
1907.2,13,5,2,1,0,0,1,0
1060.05,218,4,2,0,5,0,1,0
222.57,87,1,2,1,2,0,1,0
1670.2,71,10,0,0,0,0,1,0
615.28,24,5,0,0,4,0,0,0
2646.91,46,7,0,0,2,0,1,0
1098.09,47,5,0,0,2,0,1,0
1628.51,758,6,1,0,1,0,1,0
420.92,324,3,1,0,3,0,1,0
608.3,2,5,0,0,1,0,1,0
693.23,172,2,1,0,1,0,1,0
2582.99,53,4,0,1,3,0,1,0
5868.63,19,3,0,0,1,0,1,0
490.21,220,4,1,0,6,0,1,0
3219.07,25,5,3,1,1,1,1,0
125.25,105,5,0,0,1,0,1,0
332.22,180,5,0,0,4,0,1,0
420.41,145,3,1,1,4,0,1,0
283.58,683,5,0,0,2,0,1,0
225.07,277,8,1,0,2,0,1,0
1657.39,267,7,1,0,2,0,1,0
885.31,79,3,1,1,3,0,1,0
1602.64,1,3,1,1,2,0,1,0
2187.41,238,9,1,0,2,0,1,0
1430.27,1480,4,0,0,4,1,1,0
2117.02,93,3,1,0,2,0,0,0
1022.97,762,2,0,1,2,0,1,0
334.62,27,2,0,0,2,0,1,0
3158.38,63,7,2,0,1,0,1,0
608.43,33,2,0,0,2,0,0,0
430.27,116,7,1,1,1,0,1,0
917.89,287,4,0,1,0,0,1,0
440.18,74,8,1,0,1,1,1,0
722.39,426,14,0,0,2,0,1,0
1546.97,141,4,0,0,0,0,1,0
1553.62,112,6,0,0,5,0,1,0
446.83,278,7,1,0,2,1,1,0
673.37,19,7,2,0,2,0,1,0
3210.98,267,6,1,0,1,0,1,0
1801.55,50,8,1,0,1,0,1,0
8734.75,59,4,2,0,3,0,0,0
3569.31,164,4,0,0,0,0,1,0
3443.67,417,3,0,0,2,0,1,0
273.73,155,3,2,0,3,0,1,0
2353.97,188,6,0,0,2,0,1,0
1039.91,269,5,0,0,2,1,1,0
632.08,54,8,3,0,2,0,1,0
1297.27,316,7,1,0,4,0,1,0
2822.03,97,5,0,1,0,0,1,0
1809.55,34,5,0,0,0,0,1,0
455.56,77,5,0,1,2,0,1,0
2304.13,50,4,2,0,7,0,1,0
579.64,46,2,2,0,2,0,1,0
1361.96,59,1,0,0,0,0,0,0
809.69,35,4,2,0,0,0,1,0
881.07,198,5,1,0,3,0,1,0
2359.59,156,2,1,0,2,0,1,0
387.54,188,4,2,0,2,0,1,0
7670.94,75,5,1,0,1,0,1,1
177.49,264,6,2,0,1,0,1,0
603.25,24,7,2,1,3,0,1,0
1587.97,152,9,1,1,2,0,1,0
1967.1,57,5,0,1,1,0,1,0
991.8,134,3,1,1,3,1,1,0
1035.47,70,5,1,0,4,0,1,0
1653.34,281,5,0,0,1,0,1,0
870.38,399,3,0,0,3,0,0,0
4416.85,244,6,2,0,2,0,1,0
2538.55,34,5,1,0,2,0,1,0
2624.97,57,12,3,0,3,0,1,0
417.32,453,4,1,1,4,0,1,0
1012.94,103,3,3,0,1,0,0,0
812.03,509,6,1,1,1,0,1,0
401.18,89,4,2,0,5,0,1,1
1572.09,545,5,1,0,2,0,1,0
640.57,468,2,1,0,2,1,1,0
2112.03,194,10,2,0,1,0,0,0
376.08,1,3,0,0,2,1,0,1
6118.31,92,3,3,1,5,0,1,0
447.5,435,7,1,1,2,1,1,0
1365.54,389,2,4,1,0,0,1,1
2420.81,37,5,0,1,2,0,1,0
619.78,91,3,1,1,0,0,1,0
2572.08,324,1,0,1,2,0,0,0
320.8,155,5,1,0,2,0,1,0
4684.98,338,5,0,0,4,0,1,0
1112.26,315,3,1,0,1,0,1,0
604.01,428,9,1,0,4,0,1,0
813.07,22,6,0,1,6,0,1,0
2462.47,28,3,1,1,3,0,1,0
611.27,15,4,0,1,1,0,1,0
518.35,492,6,0,0,2,0,0,0
878.72,116,2,1,1,4,0,1,0
338.0,11,5,1,0,3,0,1,0
6771.95,69,5,2,0,1,0,1,0
622.41,77,4,1,0,2,0,1,0
2519.0,298,4,2,0,0,0,1,0
1352.18,239,4,0,0,2,1,1,0
409.72,210,5,2,0,1,0,1,0
1090.12,3,4,2,0,1,1,1,1
2401.87,434,3,1,0,2,1,1,0
908.45,43,8,1,0,2,0,1,0
3615.96,178,3,1,1,3,0,1,0
3045.79,11,4,2,0,0,0,1,0
2748.79,15,6,0,0,1,0,1,0
692.52,1,8,1,0,1,0,1,0
372.47,150,3,0,1,2,0,1,0
593.72,178,5,1,1,3,0,1,0
1334.41,9,3,0,0,1,0,1,0
1892.75,61,3,1,0,3,0,1,0
125.01,343,5,0,0,1,0,1,0
1087.77,19,4,0,0,3,0,1,0
1284.45,43,6,1,0,0,0,1,0
830.86,99,7,2,0,0,0,1,0
3988.91,332,10,1,1,2,0,1,1
1672.01,52,2,0,0,2,0,0,0
4065.09,1054,5,1,1,1,0,1,0
883.63,79,8,2,0,1,0,1,0
2800.29,87,6,1,0,0,0,1,0
5625.51,23,5,0,1,4,0,1,0
4071.2,205,3,2,0,0,0,1,0
367.92,50,1,1,0,4,0,1,0
850.92,178,2,0,1,2,0,1,0
776.53,45,5,1,0,2,0,1,0
1788.72,88,3,1,0,2,0,1,0
2178.42,349,4,0,1,2,0,1,0
473.95,241,6,1,0,1,0,1,0
1173.61,30,5,0,0,1,0,1,0
145.48,168,6,4,0,1,0,1,0
4637.57,178,9,3,0,0,0,1,0
656.96,17,6,0,0,1,0,1,0
1159.64,112,8,0,0,3,0,1,0
804.6,54,6,2,0,1,0,1,0
3449.65,113,6,1,0,3,0,1,0
64.23,270,5,1,1,2,1,1,1
1078.57,31,8,2,0,3,0,1,0
986.52,23,5,1,0,4,0,1,0
696.71,56,4,2,1,1,0,1,0
6162.43,547,3,0,0,4,0,1,0
451.54,247,5,0,0,3,0,1,0
2372.73,3,10,4,1,4,1,1,1
1565.96,92,2,2,0,2,1,1,0
3871.97,53,8,0,0,0,1,1,0
562.74,182,11,1,0,0,1,1,0
526.91,110,6,2,1,4,0,1,0
3281.55,600,4,0,0,2,0,1,0
1677.94,44,5,1,0,2,0,0,0
233.94,159,3,2,0,1,1,1,0
639.51,216,6,1,0,1,0,1,0
1613.86,314,9,0,0,1,1,1,0
2534.53,94,5,0,1,3,0,1,0
556.0,209,3,0,0,2,1,1,1
59.49,65,8,2,0,3,0,0,0
1850.52,102,7,2,0,2,0,1,0
323.66,406,6,0,0,3,0,1,0
145.86,538,7,4,0,0,0,1,0
64.57,228,3,0,0,5,0,0,0
2474.96,84,7,2,0,1,0,1,0
1247.15,308,2,0,0,3,0,1,0
875.1,4,7,1,0,1,0,1,0
4398.52,19,3,2,0,3,0,1,0
2074.19,194,3,1,0,2,0,1,0
5520.92,61,2,1,1,2,0,1,0
272.4,544,9,2,0,2,0,1,0
1059.39,103,2,0,0,5,1,1,0
217.74,100,5,1,0,3,0,1,0
871.85,204,7,1,0,3,0,0,0
855.24,262,5,0,0,3,0,1,0
2052.09,116,3,0,0,3,0,1,0
1147.76,43,10,0,0,0,0,1,0
2045.52,267,7,2,0,1,0,1,0
2215.96,69,4,0,0,1,0,1,0
9460.96,34,3,0,1,2,0,0,0
800.07,179,3,1,0,3,0,0,0
427.94,17,4,1,0,2,0,1,0
1402.6,639,7,1,0,3,0,1,0
491.63,180,4,1,0,1,0,1,0
4826.91,767,5,2,1,0,0,0,1
826.15,74,8,1,0,2,0,1,0
622.92,638,8,0,0,2,1,1,0
684.5,28,8,0,0,1,0,1,0
2249.4,7,9,0,0,3,0,1,0
936.6,6,6,0,0,1,0,1,0
577.28,112,3,0,0,2,0,1,0
5798.48,15,8,1,0,1,0,1,0
465.83,129,8,2,0,0,0,1,0
1136.34,71,2,3,0,5,0,0,1
2105.5,73,7,1,0,0,0,0,0
214.58,181,6,0,0,1,1,1,0
1772.7,32,2,2,0,3,0,1,0
381.8,261,4,0,0,1,0,1,0
2496.84,157,6,1,0,3,0,1,0
418.78,443,8,1,0,0,0,1,0
2192.44,81,3,0,0,0,1,1,0
3313.74,730,7,2,0,3,0,0,0
2595.25,154,4,2,1,2,0,1,0
1409.96,652,1,1,0,1,0,1,0
870.18,4,4,0,0,2,0,1,0
616.21,234,1,3,1,3,0,1,1
4774.45,305,5,3,0,0,0,1,0
544.85,9,6,1,0,2,0,1,0
388.75,155,11,0,0,1,0,1,0
2133.18,291,2,0,0,3,1,1,0
494.66,148,5,0,0,2,0,1,0
424.09,11,7,0,0,1,1,1,0
258.89,212,5,1,1,2,0,1,0
676.61,11,8,1,1,2,0,1,0
1009.58,306,1,0,0,2,0,1,0
1398.41,7,6,0,0,3,0,1,0
2839.28,26,7,3,0,2,0,1,0
1857.33,57,2,0,0,1,0,1,0
906.08,180,6,1,0,2,0,1,0
899.47,674,2,0,0,2,0,1,0
1826.5,22,2,2,0,0,0,1,0
3915.0,27,6,0,0,3,0,1,1
1244.28,82,5,1,0,0,0,1,0
685.99,325,5,1,0,3,0,1,0
406.32,113,2,1,0,1,1,1,0
258.47,69,6,2,0,2,0,1,0
2135.1,148,4,1,1,3,0,1,0
1954.67,54,10,1,0,0,0,0,0
1953.47,92,1,1,0,0,0,1,0
964.24,72,8,1,1,3,1,1,1
4478.01,293,5,0,0,1,0,1,0
675.79,464,1,1,0,2,0,1,0
2850.56,256,1,4,1,2,0,1,1
1054.96,104,5,1,0,0,0,1,0
596.84,126,6,3,0,2,0,1,0
1983.33,24,10,0,1,1,0,1,0
1651.83,247,2,1,0,1,0,1,0
1567.09,163,4,0,0,1,0,1,0
1189.49,418,5,3,0,2,0,1,0
1055.86,40,3,0,0,1,1,1,0
11948.63,256,4,1,0,6,0,1,0
3584.08,207,4,0,0,2,0,1,0
2259.34,55,7,0,0,0,0,1,0
1226.35,198,4,2,0,3,0,1,0
3002.37,464,6,0,0,1,0,1,0
1840.87,451,6,3,0,2,0,1,0
1125.75,228,4,1,0,1,0,1,0
809.52,8,1,2,0,1,0,1,0
1011.39,370,3,0,0,2,0,1,0
46.04,193,3,0,1,3,1,0,1
1353.71,66,6,0,0,0,1,1,0
672.85,37,3,3,0,0,0,1,0
5391.99,22,6,0,0,0,0,1,0
1118.05,9,4,2,1,2,0,1,0
333.97,252,2,2,0,0,0,1,0
1043.27,48,4,0,0,3,0,0,0
385.24,4,9,0,0,0,0,1,0
1760.6,91,4,1,0,1,1,1,0
1466.96,118,5,0,0,2,0,1,0
2857.89,33,7,0,1,2,0,1,0
497.26,8,2,1,0,6,0,1,0
1134.57,37,7,2,1,1,0,1,0
280.05,204,3,1,0,2,0,1,0
2211.65,15,5,0,0,2,0,1,0
1842.49,145,5,2,0,0,0,1,0
1800.47,28,9,2,0,0,0,1,0
1098.41,39,3,1,1,3,0,1,0
1660.33,89,6,0,1,0,0,1,0
5455.28,19,5,1,1,5,0,1,0
824.61,34,6,1,0,2,0,1,0
1259.72,77,4,1,0,2,0,1,0
370.14,71,2,0,0,3,0,1,0
460.24,249,6,1,1,1,0,1,0
1209.32,13,4,1,0,3,0,1,0
3307.45,354,6,1,0,3,0,1,0
848.71,304,7,0,1,4,0,1,0
866.17,261,5,1,0,2,0,1,0
730.05,66,4,3,0,4,1,1,0
642.42,311,4,1,1,1,0,1,0
1472.87,36,4,2,0,5,0,1,0
245.36,23,9,0,1,1,0,1,0
3947.9,8,6,2,0,3,0,1,0
563.73,504,1,1,0,3,1,0,0
2257.25,66,5,1,0,2,0,1,0
307.97,449,5,2,0,6,0,1,0
2140.6,57,6,0,0,1,1,1,0
2147.25,428,4,1,0,1,0,1,0
1610.34,421,4,2,1,4,0,1,0
405.68,463,4,0,0,3,0,1,0
1407.47,123,6,1,0,2,0,1,0
335.94,361,5,2,0,3,0,0,0
851.7,542,5,1,0,2,0,1,0
3069.94,70,7,1,1,1,0,1,0
2432.57,97,3,0,0,2,0,0,0
1113.41,228,6,0,1,1,0,1,0
413.72,64,8,0,1,3,0,1,0
2091.4,252,6,1,0,0,1,1,0
1118.09,13,5,0,1,3,0,1,0
107.74,133,7,3,0,3,0,1,0
2398.57,23,5,1,0,3,1,1,0
1070.38,62,5,1,0,2,0,1,0
3649.89,53,2,1,0,0,0,1,0
366.77,328,5,1,0,1,0,1,0
45.75,38,6,0,0,2,0,1,0
1449.66,297,6,0,0,3,1,1,0
1467.86,284,4,0,0,0,1,1,0
202.21,124,5,0,0,2,1,1,0
412.2,47,6,2,0,2,0,1,0
17243.97,46,2,1,0,0,1,1,0
807.86,112,6,1,0,4,0,1,0
2277.79,1,5,0,0,0,0,1,0
572.12,136,4,3,0,2,0,1,0
135.6,549,2,0,0,2,0,1,0
924.95,30,9,0,0,4,0,1,0
840.83,153,4,1,1,1,0,1,0
735.18,587,7,0,0,2,0,1,0
977.85,354,14,0,1,1,0,1,0
1428.34,341,7,0,0,3,0,1,0
943.77,310,5,1,0,1,0,0,0
309.82,66,6,1,0,1,0,1,0
1783.24,398,6,0,1,1,0,1,0
156.12,510,2,0,1,1,0,1,0
141.12,123,2,0,0,2,1,1,0
2296.59,78,9,0,0,1,0,1,0
1820.78,96,7,1,0,2,0,1,0
1035.46,73,3,2,1,1,0,1,0
271.66,42,7,1,0,1,1,1,0
540.28,173,4,3,0,1,0,1,0
843.24,148,3,0,0,2,0,1,0
222.32,111,3,0,0,1,1,1,0
523.73,18,2,0,1,1,0,1,0
2105.55,286,3,2,1,2,0,1,0
4570.17,34,0,2,0,1,0,0,0
720.95,21,10,2,0,3,0,1,0
2336.68,175,7,0,0,3,0,1,0
161.73,91,4,0,0,2,0,1,0
2120.59,11,8,1,0,2,0,1,0
490.81,79,4,0,1,3,1,1,1
1491.21,265,6,1,0,1,0,1,0
855.98,171,5,2,0,1,0,1,0
4106.86,81,3,2,0,2,0,1,0
457.4,38,4,0,1,3,0,0,0
2054.13,179,3,0,0,0,1,1,0
829.23,393,3,2,0,3,0,1,0
936.07,187,2,1,1,1,0,1,0
912.46,301,2,3,0,2,1,1,0
470.75,132,7,0,0,1,0,1,0
1081.28,227,3,2,0,1,0,1,0
1030.04,407,6,2,0,3,0,1,0
1395.82,267,5,2,0,1,0,1,0
1193.33,433,3,0,0,2,0,1,0
2435.71,101,6,0,0,1,0,1,0
2761.44,422,5,1,1,2,0,1,0
383.51,174,5,0,1,2,0,0,0
2614.35,367,7,0,0,2,0,1,0
334.84,7,5,1,1,2,0,1,0
1974.08,193,6,1,0,3,0,1,0
2038.03,339,9,1,0,2,0,1,0
162.18,34,7,0,0,1,1,0,0
1203.49,195,6,0,1,2,0,1,0
686.43,313,4,1,0,3,0,1,0
513.49,61,6,0,0,1,0,1,1
4233.79,93,2,2,0,1,0,1,0
570.39,151,6,1,0,2,0,1,0
489.62,131,7,1,0,0,0,1,0
1182.87,7,10,0,0,1,0,1,0
2176.75,18,5,1,1,1,0,1,0
951.8,19,4,0,0,0,0,1,0
3520.54,54,7,1,0,0,1,0,0
1864.92,50,4,3,0,2,0,1,1
124.19,244,5,0,1,1,0,1,0
645.83,153,3,0,0,4,0,1,0
625.25,259,4,1,0,1,0,0,0
1771.11,13,3,1,0,3,0,1,0
79.45,119,1,0,0,3,0,1,0
14030.79,70,9,0,0,1,0,1,0
1865.02,341,9,2,0,1,0,1,1
1272.68,221,7,1,0,3,0,1,0
3574.45,366,6,3,0,0,1,1,0
11426.08,8,5,2,0,0,0,1,0
2619.52,229,4,0,0,1,0,1,0
2832.21,139,3,2,0,0,1,1,0
1249.74,313,4,0,0,3,0,1,0
951.91,127,4,1,0,2,1,1,0
681.44,139,5,2,0,3,0,1,0
480.05,9,6,0,0,3,0,1,0
551.69,198,2,0,0,3,0,1,0
284.13,57,8,2,0,1,0,1,0
1016.51,3,6,2,1,3,0,1,0
203.43,12,9,0,0,0,0,1,0
1327.32,567,3,1,1,3,0,1,0
1057.51,76,7,0,0,1,0,1,0
1270.21,364,6,1,0,1,1,1,0
650.58,577,4,0,0,3,0,1,0
23786.19,516,2,0,0,6,0,1,0
4273.19,384,6,1,0,3,0,0,0
315.91,405,3,3,0,1,0,1,0
1384.19,61,4,2,1,4,0,1,0
597.05,29,5,2,0,2,0,1,0
397.63,183,4,1,0,2,0,1,0
287.13,120,6,0,0,1,0,1,0
1689.55,18,10,0,1,0,0,1,0
554.81,203,3,0,0,2,0,1,0
2886.58,148,5,1,0,1,0,1,0
2962.48,357,2,0,0,4,0,1,0
4332.56,169,7,0,0,1,0,0,0
467.6,153,8,0,0,0,0,1,0
1764.05,104,4,1,0,3,0,1,0
2064.11,111,4,1,0,3,0,1,0
682.54,555,6,3,0,1,0,1,0
506.86,26,5,2,0,2,0,1,0
5483.62,106,5,1,0,2,0,0,1
1376.77,191,7,3,0,5,0,1,0
2071.37,102,8,0,0,4,0,1,0
481.99,59,4,2,1,3,0,0,0
323.99,60,8,1,0,1,1,1,0
620.52,47,4,3,0,1,0,1,0
968.72,75,4,1,1,1,0,1,1
378.33,369,2,1,0,4,0,1,0
1085.89,126,7,0,0,1,0,1,0
202.65,49,4,0,0,2,0,1,0
357.79,87,4,2,0,6,0,1,0
2145.04,20,3,1,0,4,1,1,0
2005.78,421,4,0,0,4,0,1,0
741.09,94,1,1,0,1,1,0,0
396.33,707,6,2,0,1,0,1,0
392.52,76,6,1,0,1,0,1,0
755.01,325,4,2,0,0,0,1,0
2089.16,53,4,0,1,1,0,0,1
2774.56,14,6,0,0,5,0,1,0
667.45,5,6,2,0,0,0,1,0
346.02,167,6,1,0,0,0,1,0
1433.46,67,7,1,0,0,0,1,0
481.29,105,4,1,0,2,1,1,0
653.11,307,3,1,0,3,0,1,0
4126.88,51,3,0,0,4,0,1,0
2507.69,66,6,0,0,1,0,1,0
1284.31,335,2,0,1,1,1,1,0
307.38,122,4,0,0,1,0,1,0
1354.78,316,4,0,0,0,0,1,0
3173.71,84,6,2,0,3,1,1,0
753.23,91,4,3,0,3,0,1,0
4234.9,32,4,2,0,1,1,1,0
3994.79,446,8,1,0,3,1,1,0
5789.1,408,3,2,0,5,0,1,0
1488.08,746,10,0,0,2,1,1,0
1973.16,92,7,1,0,4,0,1,0
4510.61,307,5,1,0,0,0,1,0
1715.39,96,6,0,0,5,0,1,0
664.32,109,5,1,0,1,0,1,0
700.26,318,4,1,0,0,0,1,0
1392.08,35,5,0,0,3,0,1,0
301.7,44,5,0,0,1,0,1,0
950.27,68,7,0,0,7,1,1,0
3283.11,279,7,1,0,3,0,1,0
122.58,83,5,1,0,1,0,0,0
5087.2,79,5,0,1,1,1,1,0
3369.01,1213,8,3,0,1,0,1,0
692.45,87,8,0,0,4,0,1,0
1888.22,51,3,0,0,2,0,1,0
1100.09,175,6,2,0,1,1,1,0
3751.8,291,5,0,0,1,0,1,0
2929.78,12,9,1,0,1,0,1,0
270.41,173,2,1,0,4,0,1,0
1972.91,6,7,0,0,4,0,1,0
892.81,134,3,1,1,2,0,1,0
1191.34,53,6,0,1,2,0,1,1
529.44,65,4,0,1,1,0,1,0
6298.94,113,6,1,0,4,0,1,0
3102.8,471,4,2,0,0,0,1,0
523.34,223,5,1,0,6,0,1,0
288.7,497,3,1,0,1,0,1,0
745.7,194,3,1,0,1,0,1,0
1693.42,1,6,0,0,5,0,1,0
1394.38,55,6,2,0,3,0,1,0
3839.64,425,5,1,0,3,0,1,0
2416.12,185,6,1,0,1,0,1,0
2891.61,719,9,1,0,0,1,1,0
1520.59,30,5,2,0,0,0,1,0
273.34,63,4,1,0,4,0,1,0
901.72,80,3,2,0,2,0,1,0
3165.57,71,9,0,1,2,0,1,1
1041.56,52,1,2,0,2,1,1,0
1813.64,105,8,2,1,2,0,1,0
797.32,185,3,0,0,4,0,1,0
391.58,67,4,1,1,0,0,1,1
969.38,14,5,1,0,3,0,1,0
1493.75,221,9,4,0,2,1,1,0
569.25,110,2,0,0,3,0,1,0
866.35,146,7,2,0,1,0,1,0
428.61,109,5,0,0,2,0,1,0
3358.48,397,6,0,0,3,0,1,0
816.92,147,2,1,0,1,0,1,0
4687.97,462,5,2,0,1,0,1,0
5058.11,128,6,0,0,0,0,1,0
1011.26,62,7,0,0,3,0,1,0
400.03,79,6,2,0,0,0,1,0
136.2,132,5,1,0,1,0,1,0
251.63,135,3,2,0,0,0,1,0
277.6,209,4,0,0,2,0,1,0
4352.34,45,3,0,0,0,0,1,0
1231.3,193,7,0,0,2,0,1,0
1619.07,271,4,0,0,2,0,1,0
119.05,203,10,2,1,1,0,1,0
330.97,118,4,1,0,3,0,1,0
2662.66,862,10,1,0,4,0,1,0
1460.85,93,4,1,0,0,0,1,0
946.52,20,5,0,1,2,0,1,0
1929.16,310,4,0,1,3,0,1,0
5629.62,42,5,1,0,2,0,1,0
879.15,224,7,0,0,3,0,1,0
1175.41,35,6,2,1,2,0,1,1
1329.55,3,4,1,0,1,0,0,0
11993.37,31,5,1,0,0,1,1,1
134.38,85,4,0,0,3,0,1,0
2171.61,20,4,0,0,1,0,1,0
977.69,39,6,2,0,1,0,1,0
1932.89,260,6,2,0,3,0,1,0
568.29,264,2,1,1,0,0,1,0
1044.23,306,2,2,0,0,0,1,0
2233.69,331,4,3,0,4,0,1,1
24659.32,98,2,1,0,5,1,1,1
2460.29,363,2,1,0,2,0,1,0
469.62,134,4,0,0,0,0,1,0
717.84,114,3,1,0,3,0,0,0
696.86,228,9,0,0,4,0,1,0
182.06,43,5,1,0,6,0,1,0
788.32,280,7,0,0,1,1,1,0
2282.05,101,6,1,0,0,0,1,0
306.67,24,5,1,1,2,0,1,0
3129.04,22,6,2,0,1,0,1,0
1786.07,32,5,4,0,2,0,1,0
526.24,398,4,1,0,3,0,1,0
951.91,846,4,0,0,3,0,1,0
5422.55,79,4,1,0,1,0,1,0
2283.69,62,4,0,0,0,0,1,0
1106.31,44,10,2,0,0,0,1,0
864.64,312,4,1,1,1,0,1,0
1183.95,42,3,2,1,4,0,1,0
657.36,464,4,0,0,0,0,1,0
133.65,198,7,1,1,2,0,1,0
8452.17,409,4,1,0,2,0,1,0
1280.91,145,5,2,0,2,0,1,0
1632.96,211,5,0,0,3,1,1,0
1034.93,173,4,2,0,2,0,1,0
525.78,320,9,1,0,0,0,1,0
910.57,325,3,3,0,4,0,1,0
221.54,160,4,0,0,0,1,1,0
10690.24,180,7,1,0,2,0,1,0
319.09,458,6,1,0,4,0,1,0
390.74,478,1,3,0,2,0,1,0
706.09,196,2,0,0,2,0,1,0
3976.18,1,4,1,0,0,0,0,0
1112.66,19,1,0,0,2,0,1,0
318.58,351,7,0,0,6,0,1,0
3844.27,15,3,1,0,2,0,1,0
2277.88,43,7,2,0,1,0,1,0
1878.89,47,4,0,1,3,0,1,0
2243.37,165,9,0,1,2,0,1,0
12020.42,154,6,2,1,1,1,0,0
9750.71,61,4,0,1,2,0,1,0
551.85,41,4,4,0,4,0,1,0
5562.96,260,4,1,0,3,0,1,0
1608.68,493,13,0,0,5,0,1,0
1806.41,9,4,1,0,1,0,1,0
201.89,25,4,0,0,1,0,0,0
924.83,184,0,1,1,2,0,1,1
486.47,293,8,3,0,4,0,1,0
2510.05,281,7,0,0,1,0,1,0
3200.56,228,7,0,0,4,0,1,0
137.76,393,4,1,0,3,1,1,0
1072.73,44,3,0,0,2,0,1,0
3367.28,20,5,3,0,4,1,1,0
909.89,171,2,1,0,1,0,1,0
2273.47,310,6,0,1,2,0,1,0
1558.01,157,8,0,0,1,0,1,0
1543.27,593,7,1,0,1,0,1,0
836.05,285,6,0,1,4,0,1,0
324.87,217,4,2,0,1,1,1,0
357.26,11,7,1,0,4,0,1,0
2229.1,20,3,1,0,3,0,1,0
1118.18,276,3,0,0,4,0,1,0
954.79,39,4,2,0,1,0,1,0
717.74,5,7,3,0,2,0,0,1
808.2,434,8,2,0,4,0,1,0
3124.13,398,7,0,0,1,0,0,0
784.27,44,4,0,0,3,0,1,0
286.84,272,5,0,0,2,0,0,0
2306.88,8,10,4,0,2,0,1,0
893.48,60,4,0,1,1,0,1,0
1131.61,175,7,1,0,0,0,1,0
5472.98,259,7,1,0,1,0,1,0
1074.32,1,5,2,0,2,0,1,0
1464.37,71,2,0,0,0,0,1,0
337.34,43,6,1,0,1,0,1,0
880.36,1207,2,0,0,0,0,1,0
2017.32,200,4,2,1,1,0,1,0
231.51,93,6,1,0,0,0,1,0
1340.56,14,7,5,1,3,1,1,0
1212.93,164,6,2,1,1,0,1,0
1142.86,184,7,2,0,2,0,1,0
3093.81,305,6,5,0,0,0,1,0
1532.17,61,4,0,1,1,0,1,0
4808.17,717,4,0,0,1,0,0,0
406.02,104,4,1,0,1,0,1,0
1256.3,63,6,0,1,0,0,1,0
1193.29,77,6,0,0,3,0,1,0
376.44,131,3,3,0,3,0,1,0
2853.48,496,3,1,0,3,0,1,1
11211.25,239,4,2,0,1,0,1,0
1078.14,154,3,1,0,0,0,0,0
1817.14,31,7,1,0,1,1,1,0
1193.35,29,6,0,0,2,0,1,0
537.22,125,4,3,1,1,0,1,0
177.55,234,1,3,0,1,0,1,0
541.44,250,7,1,0,0,1,1,0
272.61,46,2,2,1,1,0,0,0
6027.59,18,6,1,0,1,0,1,0
977.39,87,6,0,1,0,0,1,0
775.94,450,9,3,0,5,0,0,0
2668.19,141,3,3,0,5,0,1,0
357.18,69,10,4,0,2,0,1,0
509.35,70,2,0,1,3,0,1,0
1173.88,25,4,0,0,2,0,1,0
3067.96,115,8,0,1,1,0,1,0
1811.09,282,5,0,0,4,0,1,0
1405.75,622,8,0,0,0,0,1,0
1185.73,125,6,1,0,2,0,1,0
1636.37,32,9,3,0,2,0,1,0
1341.65,206,8,1,0,0,1,1,1
391.52,254,1,1,1,1,0,1,0
1148.35,13,4,0,0,1,1,1,0
374.77,341,3,0,0,2,0,1,0
1189.26,318,7,0,0,1,0,1,0
678.14,115,4,0,0,2,1,1,0
13896.35,147,4,1,1,6,0,1,0
1053.74,224,6,5,0,3,0,1,0
269.28,203,3,1,0,1,0,1,0
958.93,3,6,0,0,2,0,1,0
1843.38,23,7,4,0,0,0,1,0
5845.13,31,8,0,1,3,0,1,0
608.23,253,9,2,0,2,0,1,0
225.33,104,1,1,0,2,0,0,0
2482.04,141,5,1,0,2,0,1,0
275.72,266,6,1,1,3,0,1,0
708.99,75,9,1,0,2,0,1,0
847.58,248,7,3,0,4,1,0,1
1022.87,105,3,2,1,2,0,1,0
2184.55,85,3,1,0,4,0,1,0
553.56,72,4,0,1,1,0,1,0
834.03,603,6,0,0,3,0,1,0
1081.09,266,6,1,0,2,0,1,0
1273.59,3,3,1,0,0,0,1,0
1209.34,568,7,3,0,1,0,1,0
1695.96,268,5,1,0,0,0,1,0
2549.98,29,3,1,0,3,0,1,0
1623.98,14,7,1,0,0,0,1,0
1726.04,66,7,1,0,1,0,1,0
225.38,176,4,1,0,3,0,1,0
1153.12,172,2,2,1,2,1,1,0
1771.37,58,8,1,1,0,0,1,0
2273.19,106,4,0,0,2,0,1,0
548.75,42,5,2,0,1,0,1,0
567.34,9,5,0,0,1,0,1,0
617.64,130,2,0,0,3,0,1,0
1875.09,76,3,1,0,0,0,1,0
3083.69,140,4,1,0,2,0,1,0
729.63,527,2,0,0,2,0,1,1
2718.84,27,1,1,0,2,0,1,0
1240.76,1,4,1,0,3,0,1,0
968.47,14,4,1,0,4,0,1,0
887.68,111,7,3,0,3,0,1,0
2313.72,220,7,3,0,0,0,0,0
1518.65,156,5,1,0,0,0,1,0
10676.77,122,3,2,0,3,0,1,0
467.68,78,6,1,1,1,1,1,0
1841.07,66,4,0,0,2,1,1,0
646.0,84,5,3,0,1,1,1,0
459.76,170,5,0,1,0,0,1,0
1084.78,33,3,0,1,3,0,1,0
1258.09,265,2,1,0,2,0,1,0
20295.89,154,4,0,0,0,0,0,0
912.2,56,4,0,0,2,0,1,0
354.19,125,2,0,0,0,0,1,0
1440.88,592,6,1,0,2,0,1,0
137.74,3,0,0,0,4,0,1,0
1000.29,40,7,1,0,0,0,1,0
1114.35,107,6,1,0,3,0,1,0
2427.46,183,6,1,0,1,0,1,0
2903.36,42,7,0,0,2,0,1,0
662.77,482,3,1,0,3,1,1,0
943.3,185,3,0,1,4,0,1,0
509.73,377,8,0,1,0,0,0,1
354.94,71,7,0,0,2,0,1,0
1495.02,317,6,0,0,2,0,1,0
306.87,85,1,1,0,1,0,1,0
724.42,52,3,0,0,2,0,1,0
405.38,436,7,0,1,4,0,1,0
1900.14,17,4,1,0,2,0,1,0
6643.74,515,4,3,0,3,0,0,1
298.39,110,3,1,0,4,0,0,0
171.91,883,1,1,0,0,1,1,0
967.88,139,5,3,0,3,0,1,0
1113.98,255,5,2,0,5,0,1,0
1364.66,1,7,0,0,2,0,1,1
701.82,123,4,0,1,1,0,1,0
897.27,240,5,1,0,1,1,1,0
1583.69,274,6,1,1,2,0,1,0
3103.95,30,5,0,1,1,0,1,0
155.24,97,5,1,0,1,0,1,0
758.29,97,7,1,0,2,0,1,0
1358.05,19,5,0,1,3,0,1,0
437.91,105,7,0,0,2,0,1,0
6192.97,296,1,0,1,1,0,1,0
580.91,64,6,1,1,0,0,1,0
1052.27,101,5,0,1,2,0,1,0
1912.22,583,4,3,0,3,1,1,0
607.11,5,6,0,0,3,0,1,0
173.02,161,5,1,1,2,0,1,0
714.33,244,1,1,0,5,0,1,0
3070.02,257,8,0,0,1,0,1,0
782.98,226,7,1,0,0,0,1,0
470.39,233,5,0,1,0,0,1,0
2767.42,10,8,1,0,7,0,1,0
787.78,137,3,1,0,3,0,1,0
658.42,274,2,1,0,1,0,1,0
1273.41,17,3,3,1,1,0,1,1
2370.25,2,7,0,0,2,0,0,1
11869.34,303,8,1,0,1,0,1,0
2507.99,224,5,0,0,1,0,1,0
3497.63,95,4,0,0,1,0,1,0
661.19,507,2,0,0,3,0,0,0
393.13,261,6,1,1,2,0,1,0
1167.16,618,6,2,0,5,0,1,0
1220.69,476,7,1,0,3,0,1,0
372.97,118,7,2,0,3,0,1,0
920.31,252,1,0,0,1,0,1,0
1634.87,199,7,0,0,2,0,1,0
1572.46,300,8,0,0,1,0,1,0
1815.81,278,3,2,0,5,0,1,0
1466.99,29,8,3,0,3,0,1,0
660.5,47,7,0,0,0,0,1,0
655.96,55,5,1,0,4,1,1,0
330.65,307,5,2,0,1,0,0,0
6534.0,299,1,0,0,0,0,1,0
1111.48,123,4,0,0,3,0,1,0
875.81,156,6,0,0,1,0,1,0
433.2,315,6,2,0,3,0,1,0
20653.87,67,4,0,0,3,0,1,0
374.9,9,6,1,0,3,0,1,0
714.19,118,3,1,0,1,0,1,0
1662.1,441,3,1,0,2,0,1,0
1998.62,281,4,1,0,2,1,1,0
2858.16,82,4,0,1,4,0,1,0
6684.91,12,3,0,1,2,0,1,0
1819.21,182,4,2,0,0,0,1,0
381.45,323,6,0,0,3,0,1,0
848.15,196,3,1,0,2,1,1,0
1491.94,99,4,1,1,3,0,0,0
8675.22,23,2,1,0,4,0,1,0
271.02,434,5,1,0,2,0,1,0
3650.34,58,6,0,0,2,1,1,1
1312.8,45,4,0,1,1,0,1,0
2534.7,304,4,1,0,2,0,1,0
990.3,715,2,4,1,4,0,1,1
472.28,194,5,3,1,2,1,1,1
2323.6,176,7,1,0,3,1,1,0
2109.97,69,11,2,0,3,0,1,0
2898.81,3,3,2,0,2,0,1,0
1082.14,38,5,2,0,1,0,1,0
601.95,158,4,0,0,3,0,1,0
230.72,29,5,2,1,4,0,1,0
2488.35,387,9,1,0,2,0,1,0
1675.54,37,4,1,0,3,0,1,0
417.47,132,12,0,0,0,0,1,0
639.97,129,4,0,0,2,0,1,0
687.62,166,5,0,0,1,0,1,0
248.89,71,2,1,0,1,1,1,0
484.11,372,7,3,0,3,0,1,0
352.89,105,7,2,0,4,0,1,0
725.98,216,3,1,0,1,0,1,0
523.9,181,6,0,0,2,1,0,0
215.51,22,9,1,0,0,0,1,0
8288.22,175,8,0,0,1,0,1,0
3837.36,144,3,2,0,1,0,1,0
503.2,411,8,0,0,0,0,1,0
1440.03,382,4,0,0,1,0,1,0
1664.81,29,3,2,0,1,0,1,0
3608.64,15,4,1,0,2,0,1,0
483.67,62,3,1,0,2,0,1,0
3268.57,776,6,0,0,3,0,1,0
634.03,3,5,1,1,1,0,1,0
288.34,201,4,1,1,1,0,1,0
2262.3,168,2,1,0,3,0,1,0
3986.86,187,4,0,0,1,1,1,0
14587.34,44,6,0,0,2,0,1,0
330.39,46,3,1,0,1,0,0,0
2205.96,101,1,1,1,3,0,1,0
727.93,18,5,1,1,1,0,1,0
2400.32,13,4,2,0,3,0,1,0
252.02,16,7,0,0,1,0,1,0
310.2,153,4,0,0,3,0,1,0
504.78,91,7,1,0,1,0,1,0
1186.74,62,3,0,0,2,1,1,0
577.62,68,6,4,0,2,0,1,0
2119.75,41,6,1,0,2,0,1,0
3062.22,95,3,2,0,2,0,0,0
1997.35,40,8,2,0,2,0,1,0
5534.67,215,8,0,0,0,0,1,0
1662.08,23,4,1,1,1,0,1,0
324.77,533,5,0,0,5,0,1,0
4287.15,16,5,2,0,3,1,1,0
598.75,517,5,2,0,2,1,0,0
2725.53,322,4,1,0,0,0,1,0
5290.85,205,5,0,0,3,0,1,0
1731.4,438,3,1,0,0,0,1,0
245.63,26,4,1,1,1,0,1,0
437.81,34,5,0,0,1,1,1,0
4116.44,52,6,1,0,7,0,0,0
926.0,50,5,2,0,4,0,1,0
1187.46,67,6,0,0,1,0,1,0
2342.15,154,8,1,0,1,1,0,0
2200.24,5,4,0,0,2,0,1,0
1449.25,86,6,1,0,0,0,1,0
890.1,50,8,0,0,0,0,1,0
802.18,167,5,0,0,1,0,1,0
2586.08,757,4,0,1,2,0,1,0
1907.54,131,4,1,0,2,0,1,0
847.85,99,2,1,0,2,1,1,0
3236.06,82,7,0,0,1,0,1,0
963.88,276,4,1,0,2,0,1,0
467.94,13,8,3,1,2,1,1,1
513.39,578,1,1,0,4,0,1,0
412.1,97,6,1,0,5,1,1,0
835.13,67,2,1,0,1,0,1,0
3765.83,657,4,2,0,0,1,1,0
490.24,494,10,1,1,5,0,1,0
1324.08,184,2,0,0,4,0,1,0
568.68,3,8,0,0,2,1,1,1
845.3,248,12,0,0,1,0,0,0
242.25,73,8,0,1,2,0,1,0
879.6,88,4,2,0,1,0,1,0
903.52,31,5,1,0,1,0,1,0
1882.37,133,14,0,0,2,0,1,0
1370.98,245,5,0,0,5,0,1,0
330.83,57,4,1,0,3,0,1,0
3242.82,502,8,0,0,0,0,1,0
1353.3,38,4,0,0,1,1,1,0
1337.28,12,8,1,0,3,0,1,0
1086.61,186,5,2,1,3,0,0,0
653.43,340,2,0,1,2,0,1,0
1363.49,550,11,0,0,3,0,1,0
1764.44,262,3,4,0,2,0,1,0
191.16,40,5,3,0,3,0,1,0
639.85,684,5,1,0,1,0,1,0
849.84,453,9,1,0,3,0,1,0
1416.82,32,4,0,0,3,1,1,0
3616.68,147,1,1,0,1,0,1,0
506.87,145,6,1,1,0,0,1,0
666.5,105,4,0,0,2,0,1,0
656.86,747,4,1,1,2,0,1,0
492.0,11,5,0,0,0,0,1,0
774.96,177,5,1,1,1,0,1,0
2370.37,41,6,1,0,0,0,1,0
382.28,134,4,1,0,0,0,1,0
1682.13,272,3,0,0,2,0,1,0
199.96,50,8,1,0,2,1,1,0
625.57,89,5,1,1,4,0,1,0
788.8,542,7,1,0,3,0,1,0
5853.88,257,6,1,0,1,0,1,0
833.14,153,5,1,1,1,0,1,0
121.36,45,5,1,0,4,0,0,0
148.58,99,6,2,0,2,0,1,0
1134.59,267,5,3,1,1,0,1,0
2025.9,309,5,1,0,3,0,1,0
1596.32,50,5,0,1,0,0,1,0
1296.69,195,7,0,0,4,0,1,0
3506.1,17,4,1,0,4,0,1,0
639.32,4,4,0,1,0,0,1,0
2683.59,143,7,1,0,0,0,1,0
214.43,45,5,3,0,0,0,1,0
443.66,14,7,2,0,0,1,1,0
180.0,235,10,1,0,2,0,1,0
833.1,124,7,1,0,2,0,1,0
1047.06,286,3,3,0,2,0,0,0
1229.18,196,6,0,0,4,0,1,0
1166.64,235,3,0,1,4,0,1,0
433.74,66,4,0,0,1,0,1,0
906.65,54,6,0,1,2,0,1,0
245.32,165,4,0,1,0,0,1,0
4286.51,40,4,0,0,1,1,1,0
809.47,304,3,0,0,2,1,1,0
672.58,133,5,0,0,0,0,1,0
5371.92,46,6,0,0,0,0,1,0
316.64,176,5,0,0,2,0,0,0
355.82,522,6,1,0,2,0,1,1
366.42,15,8,1,0,3,1,1,0
1024.67,20,4,0,0,0,0,1,0
1688.56,334,4,1,1,0,0,0,0
2297.73,20,6,0,0,1,0,1,0
14357.03,7,4,2,0,0,0,0,0
115.65,76,5,1,0,2,0,1,0
2015.73,113,6,1,0,1,0,1,0
628.21,151,11,1,0,3,0,1,0
610.08,127,3,0,1,2,0,1,0
590.06,439,7,1,1,1,0,1,0
441.96,263,5,0,0,0,0,1,0
5910.73,742,4,1,0,2,0,1,0
2546.05,116,5,3,1,2,0,1,0
1122.37,15,2,4,0,1,0,1,0
4234.48,560,6,2,1,5,0,1,0
241.65,1,3,0,0,3,0,1,0
289.83,269,10,1,0,0,0,1,0
124.22,5,6,2,0,2,0,1,0
544.89,257,5,0,0,1,0,1,0
1289.1,500,1,1,0,1,0,1,0
1215.44,88,9,1,0,1,0,1,0
1273.27,49,3,0,0,1,0,1,0
267.45,46,4,2,0,0,0,1,0
2448.31,121,6,1,0,0,0,0,0
1393.57,33,5,0,0,7,0,1,0
2282.56,201,2,0,0,6,0,1,0
165.21,82,8,0,0,8,0,1,0
1497.41,70,6,0,0,2,0,1,0
334.37,111,3,2,0,1,1,1,0
737.07,140,4,0,1,1,0,0,0
1871.26,27,3,2,1,1,0,1,0
1201.22,221,5,0,0,1,0,1,0
468.0,386,4,0,1,4,1,1,0
1103.53,58,8,3,0,1,0,1,0
237.1,35,5,3,0,2,1,1,0
3464.31,257,5,0,1,2,0,1,0
893.12,36,5,2,0,0,0,1,0
3356.15,7,6,1,0,2,0,1,0
647.73,173,3,2,0,0,0,1,0
649.64,49,2,2,0,1,0,1,0
510.72,33,4,0,0,3,0,1,0
2633.78,719,7,1,0,1,0,1,0
539.46,62,3,1,0,3,0,1,0
2089.32,420,5,0,0,1,0,1,0
748.11,35,4,2,0,1,0,1,0
152.02,307,6,1,0,2,1,1,0
619.98,125,5,0,0,2,0,1,0
337.27,14,6,1,1,3,0,1,0
1134.45,238,6,0,0,2,0,1,0
333.48,400,5,1,0,3,0,1,0
2768.26,32,4,1,0,4,0,1,0
1001.17,232,3,0,1,2,1,1,1
918.19,105,6,1,0,2,0,1,0
2113.06,252,6,1,1,2,0,1,0
2875.28,225,0,2,0,2,0,1,0
1074.81,4,3,1,1,1,0,1,0
507.15,35,5,1,1,3,0,0,0
186.05,114,3,1,0,3,0,1,0
552.22,488,2,2,0,1,1,1,0
591.57,75,5,3,0,1,1,1,0
1220.55,178,7,1,1,2,0,1,0
776.54,2,7,1,0,1,0,0,0
2181.86,223,4,1,0,0,0,0,0
594.08,166,3,0,0,1,0,1,0
1035.83,226,8,1,0,2,0,1,0
3583.11,423,5,0,0,3,0,1,0
1543.53,28,5,1,0,2,0,1,0
1032.73,54,6,1,0,0,0,1,0
600.68,984,7,0,0,1,0,1,0
582.17,30,4,3,0,1,0,1,0
468.43,229,6,0,1,0,0,1,0
638.42,232,4,1,1,2,0,1,0
2334.76,206,6,0,1,1,0,1,0
878.41,46,2,2,0,3,0,1,0
284.36,43,5,0,0,3,0,1,0
6426.4,197,3,1,0,0,0,1,0
1510.15,37,3,1,0,2,0,1,0
268.56,195,3,1,0,3,0,1,0
704.97,122,8,1,1,1,0,1,0
1225.23,87,4,2,0,2,0,1,0
6030.54,64,11,2,0,5,0,1,0
362.09,530,5,1,1,1,0,1,0
2910.39,127,3,2,0,1,0,1,0
4444.78,148,7,1,0,0,0,1,0
584.84,536,7,1,0,1,0,1,0
830.88,190,2,0,0,4,0,1,0
389.04,569,9,0,0,2,0,0,0
894.75,20,3,1,0,3,0,1,0
1057.23,337,9,1,0,1,0,0,0
2121.01,73,4,0,0,2,1,1,0
3262.29,299,2,0,0,3,0,1,0
519.0,348,6,2,0,5,0,1,0
153.34,57,3,0,0,0,0,1,0
1073.58,94,6,0,0,1,0,1,0
1470.76,233,8,2,0,1,0,1,0
1407.29,18,3,1,0,0,0,1,0
791.02,253,6,1,1,0,0,1,0
1242.34,21,7,2,0,3,1,1,0
4991.27,442,3,0,0,2,0,1,0
1606.37,58,1,1,0,2,1,1,0
754.93,154,6,1,1,1,0,1,0
665.01,22,5,0,0,2,1,1,0
925.33,56,7,1,0,1,0,1,0
5634.93,93,5,2,0,5,0,1,0
912.97,120,5,0,1,1,1,1,0
1075.14,1,5,2,0,1,0,0,0
677.01,395,10,0,0,1,0,1,0
3291.12,1,11,2,0,3,0,1,0
7784.09,267,3,0,0,1,0,1,0
1720.92,114,8,2,0,3,0,1,0
1191.27,133,4,2,0,1,0,1,0
1137.72,42,3,0,0,4,0,1,0
101.06,168,5,1,0,1,0,1,0
2310.34,138,4,1,0,2,0,1,0
1254.09,32,8,0,0,1,0,1,0
1683.01,48,10,0,0,1,0,1,0
538.37,12,6,3,0,4,1,1,0
746.61,12,4,0,0,3,0,1,0
727.04,2,4,1,0,2,1,0,1
3046.12,44,5,2,1,0,0,1,0
750.88,204,6,1,0,3,0,1,0
8801.35,68,5,0,0,1,0,1,0
1687.26,75,5,2,0,0,0,1,0
306.22,25,1,1,0,2,0,1,0
964.35,154,6,0,1,1,0,1,0
571.53,75,3,3,0,1,0,1,0
122.19,203,7,1,0,2,0,1,0
5428.79,243,5,0,0,3,0,1,0
2215.3,158,5,1,0,2,0,1,0
1869.09,58,1,2,0,1,0,1,0
1293.88,127,4,1,1,2,0,1,0
275.33,52,6,2,1,1,0,0,0
676.13,419,8,2,0,3,0,0,0
2544.73,261,3,2,0,1,0,1,0
383.29,122,3,2,0,1,0,1,0
87.2,605,6,2,0,1,0,1,0
873.84,142,6,0,0,3,1,0,0
951.69,71,8,1,0,3,0,1,0
1255.84,18,8,2,1,4,0,1,0
2272.23,141,4,1,0,2,0,1,0
2074.77,354,4,1,0,1,1,1,0
1420.51,362,8,0,0,0,1,1,0
3624.72,166,4,1,0,2,0,1,0
240.09,89,9,0,0,4,0,1,0
1816.35,189,5,1,1,5,0,0,1
2051.93,258,4,0,0,3,0,1,0
317.49,95,7,0,0,1,1,1,0
243.99,116,8,4,1,1,0,0,1
520.12,205,4,2,0,1,0,1,0
565.92,376,6,1,0,5,1,1,0
2329.52,281,2,2,0,2,0,1,0
593.16,4,7,1,0,2,0,1,0
465.75,23,4,1,0,2,0,1,0
594.88,344,4,0,0,0,0,1,0
3356.43,323,6,1,0,4,1,1,0
1111.03,88,3,2,0,4,0,1,0
916.67,157,4,2,0,5,0,1,0
982.4,425,6,0,0,2,1,1,0
3992.05,436,2,3,1,3,0,1,1
518.44,275,7,0,0,3,1,1,0
4086.76,42,4,0,1,1,0,1,0
1353.56,235,5,2,0,0,0,1,0
934.1,19,8,0,0,3,0,1,0
13371.76,403,5,3,0,4,0,1,0
381.6,29,4,0,0,1,0,1,0
769.94,195,6,0,0,1,1,1,0
319.76,169,7,1,0,2,0,1,0
2842.56,270,4,0,0,0,0,1,0
5938.36,144,6,3,0,3,0,0,0
5825.05,11,8,2,0,4,1,1,0
3729.2,220,3,0,0,0,1,1,0
899.99,86,8,2,0,2,1,1,0
761.1,69,10,1,1,4,0,1,0
206.2,861,7,0,1,1,0,1,0
8399.05,160,4,1,0,1,0,1,0
1752.81,223,6,0,1,1,0,1,0
670.51,134,3,2,1,2,0,1,0
4138.37,264,1,1,1,1,0,1,0
414.57,251,3,2,1,3,0,1,0
1646.85,192,1,1,0,1,0,1,0
922.76,1096,2,0,0,0,0,1,0
2076.99,110,5,1,0,3,0,1,0
1029.09,220,6,1,0,2,0,1,0
257.0,287,7,2,1,4,0,1,0
1182.72,84,1,0,0,1,0,1,0
3130.24,109,7,2,0,1,0,1,0
1065.06,626,4,1,0,1,0,1,0
2380.62,5,5,1,1,2,0,1,0
385.47,73,3,1,0,1,1,1,0
1068.21,119,4,0,0,2,0,1,0
587.27,1,4,0,0,4,0,1,0
2314.57,412,3,1,0,5,0,1,0
1131.72,60,3,2,0,2,0,1,0
2186.54,53,6,1,0,3,1,1,0
3254.23,308,5,2,0,2,0,1,0
2189.92,58,4,0,0,2,0,1,0
1441.04,192,6,0,0,4,0,1,0
404.15,310,3,0,0,2,0,1,0
1093.58,283,6,0,0,1,0,0,0
643.49,274,4,1,0,1,0,1,0
777.39,16,7,0,0,3,0,1,0
754.06,14,9,2,0,4,0,1,0
411.61,65,9,2,0,1,0,1,0
154.88,6,2,3,0,1,1,1,0
562.2,124,1,1,0,3,0,1,0
1330.59,90,2,1,0,0,0,1,0
284.81,146,8,1,0,1,0,1,0
1113.97,63,9,0,1,2,1,1,0
7333.94,119,2,0,1,0,0,1,0
3050.49,73,9,1,0,1,0,1,0
5673.39,39,7,0,0,1,0,1,0
1621.53,188,3,0,0,2,0,1,0
3524.56,201,8,1,0,1,0,1,0
531.68,318,9,1,0,3,0,1,0
575.74,373,4,0,0,3,1,1,0
70.87,219,3,1,0,1,0,1,0
3590.85,209,7,0,0,0,0,1,0
5117.0,10,5,2,0,4,0,1,0
630.7,20,4,1,0,4,0,1,0
850.69,301,2,3,0,0,1,1,0
516.02,47,5,0,1,1,0,1,0
1607.85,79,3,0,0,2,0,1,0
3377.64,28,4,0,0,4,0,1,0
191.95,39,9,1,0,1,0,1,0
1651.5,268,5,3,0,1,0,1,0
831.58,54,5,1,0,2,0,1,0
1228.31,107,8,1,0,1,0,1,0
1735.4,29,9,1,1,1,0,1,0
908.5,203,4,0,0,2,0,1,0
988.72,234,6,1,1,0,0,1,0
885.48,80,6,2,0,2,0,1,0
2893.77,276,4,3,0,2,0,1,0
1666.97,49,9,2,0,1,0,1,0
1367.29,211,4,0,0,3,0,1,0
307.68,235,2,3,0,4,0,1,0
751.01,623,4,1,0,0,0,0,0
2693.7,47,2,2,0,3,0,1,0
1138.76,17,3,0,0,2,0,1,0
2120.76,54,0,1,0,4,0,1,0
6415.75,23,8,1,0,5,0,1,0
3098.29,33,12,1,0,4,0,1,0
1203.7,73,3,0,0,3,0,1,0
657.87,96,2,1,1,1,0,1,0
85.32,421,5,1,0,0,0,1,0
926.69,39,0,1,0,2,0,1,0
791.55,642,4,1,0,2,0,1,0
1620.3,299,4,0,0,1,0,1,0
940.2,383,5,0,0,2,1,1,0
796.01,477,5,1,0,3,0,0,0
185.05,251,8,0,0,4,0,1,0
428.39,279,4,0,1,2,0,1,0
1766.32,103,5,1,0,1,0,1,0
6099.17,128,7,1,0,2,0,1,0
994.73,485,4,2,1,1,1,1,1
1522.05,85,9,1,0,1,0,1,0
2842.61,7,6,0,0,3,0,1,0
487.41,258,4,3,0,6,1,1,0
1582.58,153,5,2,1,2,0,1,0
522.96,303,7,0,0,2,0,1,0
2604.05,14,7,0,1,4,1,1,0
1275.89,174,9,1,0,1,0,1,0
1478.01,51,5,1,0,2,0,1,0
501.4,420,6,3,0,4,0,1,0
2223.93,20,4,1,0,2,1,1,0
8819.43,333,5,0,0,2,0,0,0
400.25,16,7,3,1,0,0,1,0
780.74,4,3,2,0,1,0,1,0
1382.44,48,0,2,0,1,0,1,0
2407.65,72,4,1,0,1,0,1,0
626.69,177,2,0,0,1,0,1,0
64.52,25,3,2,0,5,1,1,0
4269.23,103,4,0,0,1,0,1,0
2346.09,41,4,0,0,2,0,1,0
191.91,347,3,1,0,2,1,1,0
597.31,8,4,1,0,1,0,1,0
5261.56,79,5,0,1,0,0,1,0
4664.78,179,5,0,0,1,0,1,0
2803.55,439,3,2,0,3,0,1,0
919.55,364,5,2,0,1,1,1,0
1191.52,406,3,0,0,0,0,1,0
962.06,11,2,1,0,0,0,1,0
3388.83,330,6,0,0,1,0,1,0
456.76,272,5,1,0,2,0,1,0
489.9,418,9,0,0,1,0,1,0
3011.74,67,4,1,1,2,1,1,0
1049.05,436,8,2,1,2,0,1,0
4352.33,92,7,1,0,1,0,1,0
560.31,180,8,1,0,2,0,1,0
1038.18,99,3,1,0,2,0,1,0
435.98,100,5,2,0,2,0,1,0
1104.74,142,7,1,0,3,0,1,0
250.0,79,6,0,1,2,1,1,0
673.42,283,5,1,0,4,0,1,0
260.8,180,5,2,0,0,0,1,0
2194.97,210,2,0,0,2,0,1,0
2245.29,47,6,0,0,2,0,1,0
194.36,628,7,1,0,3,0,1,0
4162.56,194,1,0,0,2,0,0,0
13325.24,39,6,0,1,1,0,1,0
1148.26,249,2,0,0,1,1,1,0
577.6,34,5,1,0,0,0,1,0
18477.9,11,5,3,0,4,0,1,0
293.25,134,8,2,1,1,0,1,0
1118.91,145,3,1,0,0,0,0,0
1312.41,37,5,1,0,2,1,1,0
4209.7,77,6,0,1,1,0,1,0
1571.43,524,6,1,0,1,0,1,0
666.05,60,3,1,0,2,0,1,0
423.61,30,5,2,0,2,0,1,0
779.13,882,7,2,0,1,0,0,0
400.64,64,4,2,0,0,0,1,0
1150.35,205,7,0,0,5,1,0,0
623.78,47,4,2,1,1,0,1,0
246.16,143,7,1,0,2,0,1,0
3847.37,87,5,1,1,4,0,1,0
666.69,586,7,0,0,2,0,1,0
308.54,102,5,0,0,3,0,1,0
926.8,157,2,0,0,5,0,1,0
1174.23,521,2,1,1,1,0,1,0
191.24,815,3,0,1,1,0,1,0
1527.9,19,2,0,0,0,0,1,0
384.85,323,2,1,0,1,1,1,0
6069.48,86,6,2,1,2,0,1,0
1851.89,162,4,1,1,3,0,1,0
735.17,84,6,0,0,3,1,1,0
520.52,92,5,0,0,1,0,1,0
987.36,31,6,1,0,1,0,1,0
2023.92,153,4,1,0,2,0,1,0
1069.03,142,6,2,1,1,1,1,0
882.57,37,8,3,0,4,0,1,0
1162.55,140,10,0,0,1,0,1,0
599.53,650,1,0,0,3,1,1,0
778.05,225,4,1,0,3,0,1,0
136.21,118,7,0,1,4,1,1,0
2903.66,446,8,0,0,0,0,1,0
1478.52,154,2,4,0,1,0,1,0
506.0,26,8,1,1,2,0,1,0
7322.7,142,5,2,1,3,0,1,0
1196.33,35,5,0,1,2,0,1,0
389.11,262,7,0,0,6,0,1,0
2583.08,614,5,0,0,2,0,1,0
1632.79,80,3,0,0,2,1,0,0
1627.14,102,6,0,1,1,0,1,0
716.4,98,4,0,0,3,0,1,0
1720.72,60,2,2,0,2,0,1,0
844.08,284,2,1,0,2,0,1,0
1912.07,173,4,0,0,3,0,1,0
163.21,11,9,0,0,1,0,1,0
710.61,328,6,3,0,1,0,1,0
6137.39,37,3,1,0,2,0,1,0
509.25,696,7,2,0,0,0,1,0
599.54,85,5,0,0,4,0,1,0
700.67,172,1,1,0,2,0,0,0
325.45,14,5,1,0,1,0,1,0
120.51,76,3,2,0,2,0,0,0
870.8,291,3,0,0,0,0,0,0
1256.22,116,6,0,0,1,0,1,0
1040.54,422,4,1,1,0,0,1,0
948.73,154,5,2,0,1,0,1,0
1144.86,475,8,1,0,3,0,1,0
3049.83,729,5,0,0,3,0,1,0
906.47,108,7,3,0,5,0,1,0
617.65,149,4,1,1,1,0,1,0
827.89,324,7,0,0,1,0,1,0
1957.35,45,7,0,0,0,0,1,0
4500.87,356,6,2,0,6,0,1,0
585.14,161,7,2,0,2,0,1,0
1210.68,232,6,0,1,4,0,0,1
1538.18,14,5,1,0,3,0,1,0
406.43,261,6,2,0,4,0,1,0
1119.25,66,7,0,0,0,1,1,0
253.24,294,3,0,1,3,0,1,0
186.97,128,4,1,0,2,1,1,0
1582.48,57,6,0,0,1,0,1,0
747.04,549,3,0,0,1,0,1,0
1342.49,260,6,0,1,3,1,1,0
1077.18,764,6,1,0,2,0,1,0
413.06,81,7,0,0,1,0,1,0
1048.11,188,3,0,0,1,1,1,0
319.55,170,3,1,0,1,1,1,0
4407.1,209,4,2,0,2,0,1,0
282.6,7,7,0,0,2,1,1,0
901.64,62,5,2,0,2,0,0,0
386.73,432,8,0,1,1,0,1,0
1939.96,99,4,0,1,1,0,0,0
787.27,582,5,0,0,6,0,1,0
652.84,43,4,0,1,1,1,1,1
2573.96,1073,8,0,0,3,0,1,0
1129.39,215,2,2,0,6,1,1,0
1838.39,269,8,0,0,3,0,1,0
411.03,91,1,0,0,0,0,1,0
269.13,427,5,1,0,2,0,1,0
1220.73,141,5,2,0,2,0,1,0
797.24,205,2,1,0,3,0,1,0
2051.72,17,6,0,0,2,0,1,0
1012.41,179,9,2,0,2,1,1,0
1346.25,380,3,0,0,4,0,1,0
216.29,35,6,1,0,7,0,1,0
7247.68,240,3,1,0,1,0,1,0
930.53,4,4,0,0,1,0,1,0
2203.03,469,5,2,0,2,0,1,0
475.28,732,1,0,0,3,1,1,0
1492.2,78,5,0,1,1,1,1,0
298.02,20,6,0,0,1,0,1,0
1723.42,193,1,0,0,2,0,1,0
768.18,5,1,1,1,2,0,1,1
1129.12,118,2,2,0,3,0,1,0
2203.88,57,10,2,1,1,0,1,0
319.72,115,4,1,0,0,0,0,0
553.08,3,6,2,0,1,0,1,1
1732.51,9,7,1,0,0,0,1,0
8939.38,2,3,0,0,1,0,1,0
955.2,173,6,0,0,2,0,1,0
1980.56,147,3,2,0,1,0,0,0
985.38,47,8,1,0,2,0,1,0
7648.35,187,11,0,0,1,1,1,0
191.1,388,4,0,1,0,0,1,0
1205.47,58,2,1,0,1,0,1,0
215.82,321,7,3,0,3,1,0,1
89.43,195,4,1,1,1,1,1,1
1476.55,6,2,1,0,3,0,1,0
1260.8,84,5,0,0,1,0,0,0
824.82,127,5,1,0,2,0,1,0
986.15,236,5,0,0,1,0,1,0
24301.65,60,2,1,0,2,0,1,0
847.11,730,7,1,0,0,1,1,0
1826.44,207,5,3,0,2,1,1,0
572.86,83,8,1,0,2,0,1,0
1473.26,18,5,2,0,1,0,1,0
864.17,36,7,1,0,1,1,1,0
727.4,120,3,1,0,3,0,1,0
6760.81,122,4,1,0,4,0,1,0
3558.82,262,6,0,0,2,0,1,0
1257.33,233,5,1,0,2,0,1,0
109.49,40,4,1,1,1,0,0,0
764.32,162,3,0,0,4,0,1,0
16367.08,3,5,0,1,1,1,0,1
870.74,91,6,0,1,5,0,0,0
3305.09,259,3,1,0,0,0,1,0
4637.55,91,6,0,0,3,0,1,0
1365.07,324,6,0,0,5,1,1,0
472.57,672,5,2,0,1,1,1,0
96.03,168,4,0,0,3,0,1,0
2173.65,28,3,1,0,1,0,1,0
485.53,85,3,2,0,4,1,1,0
1307.86,1,4,0,0,5,0,1,0
314.25,166,7,3,0,2,0,1,0
841.14,310,6,0,0,2,0,1,0
1134.24,178,3,1,0,0,0,1,0
1434.53,277,7,0,0,1,0,1,0
359.67,289,6,0,0,3,1,1,0
3629.72,342,5,0,0,1,0,1,0
603.72,55,3,0,0,5,0,1,0
205.52,369,6,2,0,4,0,1,0
983.36,191,2,1,0,2,0,1,0
1134.99,61,6,1,0,2,0,1,0
1287.67,785,6,1,0,1,0,1,0
4281.82,539,4,2,0,9,0,1,0
865.71,153,7,0,0,2,0,1,0
973.0,333,6,0,0,1,0,1,0
363.88,54,4,0,0,1,0,1,0
2491.28,96,4,0,0,2,0,0,0
1318.58,36,5,0,0,0,0,1,0
720.52,132,4,1,0,3,0,1,0
163.26,123,7,1,0,2,1,1,1
4649.02,43,6,0,0,1,0,1,0
321.28,201,3,1,0,2,0,1,0
607.12,22,4,2,1,1,1,1,0
1569.24,11,5,2,0,2,1,1,0
331.44,87,7,1,0,4,1,1,0
246.29,94,4,1,0,1,0,1,0
131.11,69,5,0,1,1,0,1,0
2255.21,53,7,0,0,0,0,1,0
635.76,74,8,3,1,2,0,1,0
20481.35,32,10,0,1,3,0,1,0
405.71,92,4,0,0,1,0,1,0
436.4,422,5,1,0,4,0,1,0
623.04,45,2,0,0,3,0,1,0
1398.47,207,3,1,0,4,0,1,0
685.26,27,6,1,0,5,0,1,0
2022.99,78,2,1,0,2,0,1,0
412.16,69,6,3,0,3,1,0,0
275.45,497,4,1,1,0,0,1,0
181.6,100,3,2,0,2,0,1,0
118.68,211,6,1,0,5,0,1,0
653.23,166,5,1,0,3,0,1,0
811.61,27,8,1,0,2,1,1,0
583.22,505,3,0,1,1,0,1,0
3802.47,76,5,0,0,1,0,1,0
3744.45,8,8,2,0,4,0,1,0
784.62,64,6,1,0,1,0,1,0
182.38,73,7,1,0,2,0,1,0
622.22,17,6,1,1,2,0,1,0
601.95,174,4,1,1,1,1,1,0
568.42,76,9,2,0,4,0,0,0
545.82,178,5,0,0,1,0,1,0
570.51,1,2,1,0,1,1,1,0
745.06,723,3,0,0,2,1,1,0
580.83,33,3,2,0,2,0,1,0
1350.62,193,9,0,0,4,0,1,0
1572.42,226,6,1,0,6,0,0,0
441.14,33,3,1,1,3,0,1,0
3909.11,21,5,1,0,6,0,1,0
411.55,29,6,0,1,0,1,1,0
217.5,51,7,3,0,2,0,1,0
1604.84,33,8,0,0,1,0,1,0
484.25,201,3,0,0,6,0,1,0
1512.16,98,6,2,0,3,0,1,0
99.12,138,2,1,0,1,0,0,0
4413.64,8,5,1,0,3,0,1,0
2148.0,355,8,2,0,0,0,1,0
244.58,33,5,1,0,0,0,1,0
249.94,80,2,0,0,6,0,1,0
5838.71,13,3,0,0,2,0,1,0
524.59,26,6,2,0,0,0,1,0
476.19,197,5,0,1,3,0,1,0
113.74,212,9,0,0,3,1,1,0
772.18,203,5,1,0,5,0,1,0
873.3,144,5,1,0,3,1,1,0
2242.83,548,5,1,1,3,0,1,0
270.68,127,9,0,0,2,0,0,0
239.78,107,5,0,0,0,0,1,0
1721.52,51,5,1,0,3,0,1,0
3001.09,18,8,1,0,2,0,1,0
227.89,142,4,1,1,2,1,1,0
3234.13,68,3,1,1,4,0,1,0
1138.59,133,8,0,0,0,0,1,0
3267.58,41,5,1,0,4,0,1,0
1022.27,327,8,3,0,2,0,1,0
88.03,1458,6,1,0,1,0,1,0
942.03,70,3,2,0,2,0,1,0
3165.75,332,3,0,0,4,0,1,0
448.65,371,6,1,0,0,1,0,0
744.0,997,5,0,0,1,0,1,0
919.53,75,5,0,0,3,0,1,0
60.37,253,4,1,0,5,0,1,0
5833.35,46,4,0,0,2,0,1,0
445.24,176,6,4,0,3,0,1,0
1818.44,219,5,0,0,5,0,1,0
1005.56,243,2,1,0,0,1,1,0
3856.9,41,6,1,1,1,0,1,0
1645.92,339,7,2,0,4,0,0,0
867.03,98,6,0,1,0,1,1,1
448.76,43,5,3,0,3,0,1,0
2435.36,140,10,0,0,0,0,1,0
168.44,358,5,2,0,2,1,1,0
2092.03,614,5,2,0,3,1,1,0
365.39,248,2,2,1,3,1,1,0
3836.38,1,6,0,1,1,0,1,0
1288.58,26,7,1,0,3,0,1,0
2088.34,14,7,0,1,3,1,1,1
1190.33,19,6,1,0,1,0,1,0
190.11,86,3,1,0,2,0,1,0
463.72,74,2,1,0,2,1,1,0
2148.21,21,4,2,1,2,0,1,0
1295.5,385,3,0,0,0,0,0,0
3572.39,172,11,0,0,3,0,1,0
1641.35,286,4,0,0,2,1,1,0
417.09,83,3,1,0,3,0,1,0
494.69,95,5,0,1,2,0,1,0
1215.51,68,4,2,0,1,0,1,0
108.41,103,2,3,0,3,0,1,0
5845.58,169,2,0,0,2,0,1,0
1705.73,122,2,2,0,1,0,1,0
3740.72,327,6,1,0,1,0,1,0
225.74,414,5,2,0,2,0,1,0
3806.88,114,6,2,0,5,0,1,0
10213.84,49,7,0,0,3,0,1,0
292.69,522,10,1,0,1,1,1,0
2371.79,239,7,2,0,0,0,1,0
1097.85,183,6,0,0,1,0,1,0
234.06,246,3,1,0,1,0,0,0
1795.22,14,8,2,1,3,0,1,0
2524.01,12,5,3,0,1,1,1,0
601.17,29,1,1,0,2,0,1,0
3518.95,28,5,0,0,2,0,1,0
207.11,98,12,1,0,4,0,1,0
245.98,30,5,1,1,3,1,1,0
1257.14,346,4,3,0,2,1,1,1
1124.83,155,3,2,0,3,0,1,0
535.62,82,6,1,0,1,1,1,0
2464.13,12,5,0,0,1,0,1,0
1864.77,160,5,1,1,2,0,0,0
2586.7,22,6,0,0,3,0,1,0
969.58,244,3,0,0,1,0,1,0
2003.36,292,5,2,0,2,0,1,0
702.29,141,5,0,0,1,0,0,0
8551.13,29,6,2,0,1,0,1,0
486.61,278,5,3,0,4,0,1,0
9002.86,66,4,2,1,1,0,1,0
1135.57,45,5,1,1,3,0,1,0
277.13,114,9,1,0,1,0,1,0
4307.36,460,5,1,0,5,0,1,0
1243.77,63,5,4,0,0,0,1,0
2568.62,424,3,1,0,1,0,1,0
3728.85,9,5,1,1,3,0,1,0
1537.57,15,7,1,0,3,0,1,0
606.53,215,9,0,0,0,0,1,0
2909.43,38,9,1,0,2,0,1,0
1097.46,68,9,1,0,0,0,1,0
2177.34,26,3,1,0,1,0,0,0
127.26,72,4,1,1,1,0,1,0
1714.68,59,2,1,0,0,0,1,0
579.06,239,7,1,0,1,1,0,0
5729.08,217,6,0,1,2,0,1,0
2044.87,557,3,0,0,5,1,1,0
1393.9,231,7,1,0,1,0,1,0
1783.46,213,5,3,0,1,0,1,0
404.06,213,4,1,0,2,0,1,0
5559.46,386,7,0,1,3,0,1,0
8033.46,63,5,0,0,1,0,0,0
1624.43,64,2,1,0,0,0,1,0
5379.78,243,7,0,0,1,0,1,0
620.7,46,5,2,0,3,1,1,0
494.17,437,4,1,1,2,0,1,0
1142.44,137,5,1,0,1,0,1,0
1694.16,64,7,2,0,1,0,1,0
739.53,269,2,0,0,2,0,1,0
1877.63,67,4,2,0,5,0,1,0
1489.79,594,4,1,0,2,1,1,0
404.11,733,4,0,0,0,0,1,0
1842.34,197,5,1,0,4,0,1,0
2600.68,21,5,1,0,2,1,1,0
1301.76,54,4,0,0,0,0,1,0
3472.56,130,3,2,0,3,0,1,0
324.6,343,2,3,1,1,1,1,0
1751.01,36,3,0,0,1,0,0,0
340.26,19,4,1,0,1,0,1,0
359.93,13,9,2,0,3,0,0,0
583.51,127,2,2,0,4,0,1,0
427.49,388,6,1,0,2,1,1,0
633.97,7,3,1,0,3,1,1,0
885.23,42,1,0,0,3,0,1,0
2532.99,212,5,1,0,2,0,1,0
795.4,314,4,1,1,1,0,1,0
224.61,296,6,3,0,2,0,1,0
3429.15,276,9,2,1,2,0,1,0
474.81,25,4,1,0,1,0,1,0
1034.09,91,6,3,0,3,0,1,0
1713.92,752,1,1,0,1,0,0,0
1338.91,809,9,0,0,2,0,1,0
3275.35,166,7,1,0,3,0,1,0
1770.47,222,2,1,0,1,1,1,0
463.45,543,10,0,0,2,0,1,0
9687.21,107,3,1,0,0,0,1,0
1331.86,26,6,1,0,1,0,1,0
946.39,198,8,2,0,2,0,1,0
2875.34,579,7,0,0,3,0,1,0
1407.33,215,11,0,0,2,0,1,0
1634.72,292,8,0,0,2,0,1,0
13255.71,98,4,1,0,1,0,1,0
832.87,18,8,1,1,0,0,1,0
798.1,33,7,1,0,4,0,1,0
1232.23,729,8,0,0,1,0,1,0
3201.95,122,6,3,1,0,0,1,0
243.1,2,4,2,1,4,0,1,0
153.61,559,6,1,0,3,0,1,0
609.65,123,2,0,0,1,0,1,0
214.02,325,3,0,0,2,0,1,0
717.07,143,11,1,1,2,1,1,1
1812.57,19,7,1,0,1,0,1,0
450.0,172,1,0,0,0,0,1,0
263.27,1071,11,1,1,1,0,1,0
1175.37,6,9,1,0,3,0,1,1
2598.12,331,6,0,0,5,0,1,0
201.35,48,9,1,0,1,0,1,0
2490.48,90,5,1,0,1,0,1,0
2483.21,83,4,0,0,3,0,1,0
2847.18,412,5,0,0,2,0,1,0
3708.86,126,4,2,0,2,0,1,0
9917.08,106,4,0,1,0,0,1,0
768.09,306,4,0,0,1,0,1,0
1223.62,9,4,1,0,2,0,0,0
723.11,16,6,3,0,1,0,1,0
1098.8,3,2,1,1,2,0,1,0
5079.02,209,10,0,0,1,0,1,0
285.71,134,7,1,0,3,0,1,0
463.57,375,2,0,1,4,0,1,0
4346.74,124,8,1,0,1,0,1,0
3041.29,45,4,2,0,0,1,1,0
762.7,294,4,1,0,3,0,1,0
2577.05,62,2,0,0,2,0,1,0
1542.59,493,5,0,0,2,0,1,0
4916.12,51,9,0,1,2,0,1,0
1181.46,33,5,2,0,2,0,1,0
3058.35,122,6,4,0,2,0,1,0
15398.29,9,4,2,0,2,0,1,0
1994.4,6,3,1,0,1,0,1,0
1152.08,123,7,3,1,3,0,1,0
2258.48,43,11,3,0,4,0,1,0
761.07,1,4,4,1,2,0,1,1
11943.8,63,7,0,0,2,0,0,0
1313.0,116,6,0,0,1,0,1,0
834.7,90,4,2,0,1,0,1,0
475.47,26,5,0,0,2,1,1,0
3285.32,156,6,2,1,1,0,1,0
2610.21,223,4,3,0,4,0,1,0
666.9,202,9,0,0,1,0,1,0
1951.69,90,6,2,0,1,1,1,0
242.61,26,5,0,0,2,0,1,0
1319.45,124,4,1,0,0,0,1,0
1724.61,398,5,0,0,3,0,1,0
6047.07,113,8,1,1,1,1,1,0
507.34,39,2,1,0,2,0,1,0
305.41,17,6,1,0,3,0,1,0
447.9,518,6,0,1,3,0,1,0
288.14,244,10,2,1,3,0,1,0
4174.11,67,4,1,0,0,0,1,0
5159.73,63,5,2,1,3,0,0,0
1510.53,406,6,1,0,2,0,1,0
3719.32,35,6,2,0,4,0,1,0
1253.83,137,3,0,0,4,0,1,0
997.14,225,5,2,0,1,1,1,0
786.0,90,6,0,0,1,0,1,0
804.01,7,6,3,0,1,0,1,0
233.27,46,6,1,0,3,0,1,0
1428.32,417,4,2,0,3,0,1,0
1053.28,133,6,1,1,1,0,1,0
2310.83,304,3,0,0,1,0,1,0
1204.14,146,3,0,0,4,0,1,0
931.97,517,2,1,0,2,1,1,0
458.89,431,5,1,0,2,0,1,0
1178.68,118,6,1,0,3,0,1,0
2294.42,68,8,0,0,0,0,1,0
349.56,165,7,0,1,3,0,1,0
1196.88,202,6,0,0,1,0,1,0
1384.43,124,5,0,0,3,0,1,0
534.82,310,5,2,0,2,0,0,0
609.2,36,10,2,0,1,1,0,1
1381.07,73,4,0,0,1,0,1,0
353.04,208,2,1,0,3,0,1,0
1556.08,50,5,1,0,0,0,1,0
447.93,104,6,1,0,0,0,1,0
3174.34,597,8,2,0,3,0,1,0
11359.71,176,6,3,0,1,0,0,1
463.7,535,4,0,0,1,0,1,0
1870.96,230,4,3,0,0,1,1,0
530.2,232,8,2,0,3,0,0,1
3105.58,161,7,1,0,1,0,1,0
309.43,27,2,3,0,1,0,1,0
1773.28,132,6,0,0,1,0,1,0
458.06,52,8,3,0,4,0,1,0
891.6,1192,4,2,0,0,1,1,0
391.1,55,3,2,0,0,0,1,0
2495.76,47,7,3,1,1,0,1,0
474.86,176,6,1,0,2,0,1,0
1904.48,128,3,0,0,1,0,1,0
777.36,3,5,1,0,2,0,1,0
978.02,24,6,0,0,1,0,1,0
1271.25,299,4,1,0,1,0,1,0
511.92,118,4,0,0,1,0,1,0
1353.39,28,3,0,0,0,0,1,0
5066.14,112,7,0,0,2,0,1,0
503.66,52,5,1,0,2,0,1,0
3539.75,45,5,1,0,1,0,1,0
4905.43,569,5,0,0,1,1,1,0
484.85,80,5,0,0,0,0,1,0
255.94,8,1,0,0,2,0,1,0
1483.21,633,4,0,1,4,0,1,0
634.34,285,6,0,0,3,0,1,0
7105.35,52,9,1,0,1,0,1,0
1135.48,94,5,0,0,1,0,1,0
491.67,356,2,2,0,1,0,1,0
348.22,79,7,0,0,2,0,1,0
3261.38,150,6,2,0,1,0,0,0
619.44,137,2,0,0,0,0,1,0
1145.77,92,4,0,0,1,1,1,0
2852.08,183,3,2,0,1,0,1,0
675.69,115,7,3,0,0,0,1,0
1047.41,3,6,3,0,2,0,1,1
1078.61,303,5,0,0,0,0,1,0
2171.83,21,2,0,0,1,0,1,0
1979.79,112,4,0,0,2,0,1,0
879.97,156,1,3,1,0,1,1,1
1168.7,220,4,1,0,5,1,1,0
756.14,95,9,2,0,1,0,1,0
250.23,239,5,0,0,2,0,1,0
1418.85,25,3,1,0,0,0,1,0
7274.95,190,4,2,0,1,0,0,0
453.18,315,4,1,0,3,0,1,0
506.22,396,5,0,0,3,0,1,0
459.1,155,4,0,0,3,0,1,0
2263.33,67,7,1,0,4,0,1,0
1717.26,32,6,0,0,1,0,1,0
935.86,76,7,0,0,2,1,1,0
437.9,139,7,1,0,0,0,0,0
1202.76,39,6,1,1,1,0,1,0
229.38,548,9,2,1,0,0,1,0
1265.76,409,2,1,0,0,1,0,0
2621.56,6,3,2,0,1,1,1,0
313.81,148,3,0,0,2,0,1,0
236.86,280,0,0,1,0,0,1,0
5321.11,50,2,2,0,1,0,1,0
594.81,133,5,2,0,0,0,1,0
3415.05,93,7,2,0,3,0,1,0
940.12,39,8,1,0,2,0,1,0
932.66,171,2,0,1,1,0,0,1
1700.05,911,6,0,0,1,0,1,0
453.05,81,5,2,0,3,0,1,0
1252.0,144,10,0,0,3,0,1,0
748.83,71,3,0,0,3,0,1,0
292.8,377,4,1,1,1,1,1,0
1536.84,359,3,2,0,3,0,1,0
842.77,35,10,0,1,0,0,1,0
937.27,414,3,2,0,3,0,1,0
326.96,29,9,1,0,3,0,1,0
5385.15,18,8,0,0,1,0,1,0
2635.2,190,3,1,0,3,0,1,0
2876.0,87,7,0,0,1,0,1,0
807.99,136,7,4,0,2,0,1,0
194.57,190,1,1,0,3,1,1,0
7730.41,9,6,0,0,1,0,1,0
1031.64,62,5,1,1,1,0,1,0
518.63,111,3,1,0,3,0,1,0
1663.7,55,5,0,0,0,0,1,0
3523.19,9,4,1,1,1,0,1,0
1071.64,16,6,2,0,2,0,1,0
3938.58,291,3,0,1,3,0,1,0
3238.94,436,6,1,1,4,0,0,0
373.76,29,6,1,0,3,0,1,0
559.03,51,1,0,1,0,0,1,0
2857.03,190,6,1,0,3,0,0,0
72.78,555,2,1,0,2,0,1,0
944.39,64,6,0,0,2,0,1,0
262.22,347,4,0,1,1,0,0,0
680.92,126,4,0,0,1,0,1,0
813.36,564,7,1,0,2,0,1,0
766.44,26,7,2,0,2,0,1,0
631.27,654,4,0,0,4,0,1,0
366.08,104,6,0,1,1,0,1,0
10849.9,550,10,0,1,2,0,1,0
7097.25,110,4,2,0,6,0,1,0
343.07,135,6,0,0,1,0,1,0
5335.39,294,6,2,1,3,0,1,0
735.49,230,6,3,0,1,0,1,0
1247.86,173,8,2,0,1,1,1,0
1029.39,97,7,0,1,1,0,1,1
566.94,283,5,0,1,2,0,1,0
2933.21,532,5,0,0,1,0,0,0
1243.75,1,5,1,0,2,0,1,0
680.92,159,4,0,0,2,1,1,0
297.5,361,5,2,1,1,0,1,0
448.72,190,6,1,1,2,0,1,0
212.43,290,6,1,0,1,0,1,0
1110.12,405,2,1,1,0,0,1,0
331.4,250,5,1,0,5,0,1,0
840.87,227,10,1,0,4,0,0,0
4316.08,602,4,0,0,1,0,1,0
3638.4,358,6,0,0,0,0,0,0
1061.8,304,3,0,1,3,0,1,1
1005.17,16,4,1,0,4,0,1,0
7185.89,49,7,1,0,2,0,1,0
1845.96,146,9,4,0,3,0,1,0
790.13,222,7,1,0,1,0,1,0
263.48,65,5,0,0,0,0,0,0
1625.99,17,1,3,1,5,0,1,0
2513.23,67,4,3,0,4,0,1,0
583.09,265,5,2,0,4,0,1,0
1467.33,377,3,1,0,4,0,1,0
762.37,439,6,0,0,1,0,1,0
912.3,85,8,5,0,1,0,1,0
91.12,83,4,0,0,0,0,1,0
878.5,93,4,3,0,3,0,1,0
2891.03,84,3,0,0,1,1,1,0
583.24,197,4,1,0,7,0,1,0
1155.77,79,5,0,1,2,0,1,0
514.94,3,6,0,0,2,0,1,0
1572.53,104,3,1,0,1,0,1,0
883.13,45,8,0,1,4,0,1,0
428.7,5,3,2,0,4,0,1,1
4157.01,114,2,0,0,3,0,1,0
2776.46,41,7,0,0,1,0,1,0
598.9,108,5,1,0,3,0,1,0
1804.05,58,1,2,1,1,0,1,0
1876.97,166,5,0,0,2,0,1,0
2084.54,845,5,0,0,4,0,1,0
201.49,142,9,0,0,1,0,1,0
3000.72,187,5,0,0,4,0,1,0
620.36,453,3,1,0,3,0,1,0
766.76,84,8,1,1,1,0,1,0
15334.83,32,3,1,0,4,0,1,0
1483.08,59,6,1,1,1,0,1,0
745.22,92,9,2,0,2,1,1,0
120.87,186,3,3,0,6,1,1,0
4401.78,1,10,1,0,1,1,1,0
285.66,345,4,1,0,3,1,1,0
402.04,14,4,0,1,1,0,1,0
787.33,415,5,0,0,1,0,1,0
4520.65,537,2,2,0,3,0,1,0
2376.16,830,1,1,1,0,1,1,0
936.51,298,5,1,0,5,0,1,0
1492.63,27,5,0,0,3,0,1,0
601.61,220,3,1,1,1,0,1,0
1260.99,40,3,1,0,1,0,1,0
1180.08,409,6,0,0,2,0,0,0
2889.3,68,2,2,0,1,0,1,0
2884.71,71,5,1,1,5,0,1,0
1797.19,449,6,1,0,1,0,1,0
763.3,2,5,1,0,2,0,1,0
2302.66,38,8,0,1,1,1,1,0
1000.28,98,10,4,0,1,0,1,1
371.7,217,3,0,1,3,1,1,0
732.68,187,2,1,0,4,0,1,0
1193.36,199,11,1,0,1,0,1,0
2724.98,381,2,2,0,1,0,1,0
912.76,23,4,1,0,2,1,1,0
327.28,132,8,0,0,2,1,1,0
1160.66,232,5,1,0,3,0,1,0
1228.39,181,6,1,0,2,0,0,0
1320.59,107,5,2,1,4,1,1,0
2751.42,3,4,1,1,1,0,1,0
3037.9,11,7,0,0,4,0,1,0
605.34,22,2,0,1,0,0,1,0
592.21,75,1,1,0,0,0,1,0
387.53,22,4,0,0,1,0,1,0
2205.73,99,3,3,1,3,0,1,0
4669.56,35,4,1,0,3,0,1,0
800.25,271,1,0,0,3,0,0,0
861.41,369,3,0,0,4,0,1,0
4754.19,88,7,0,0,1,0,1,0
1818.12,128,5,2,0,3,0,1,0
1696.35,552,3,2,0,0,1,1,0
333.31,138,5,3,0,1,0,1,0
2161.87,956,1,0,0,3,0,1,0
433.05,27,3,0,0,1,0,1,0
352.83,356,6,0,0,5,0,1,0
775.28,123,4,1,0,6,0,1,0
610.46,4,4,0,0,2,0,0,1
878.66,645,10,0,0,2,0,1,0
259.57,603,5,1,0,3,1,1,0
2860.68,86,8,1,0,2,0,1,0
3386.95,554,7,1,0,2,0,1,0
156.44,27,3,1,0,2,1,1,0
2917.43,205,5,1,0,2,0,1,0
487.59,38,3,1,0,3,0,1,0
2583.69,50,5,2,0,1,0,0,0
1024.08,272,3,1,0,2,0,1,0
1128.65,85,3,0,0,2,0,1,0
911.33,1,2,0,1,2,0,1,0
3685.38,96,4,0,0,3,0,1,0
317.48,46,1,1,0,3,0,1,0
2013.92,206,3,1,0,1,0,0,0
3298.85,38,1,1,0,1,0,1,0
2244.73,332,11,0,0,3,0,1,0
11211.54,55,3,1,0,0,0,1,0
646.16,89,5,2,0,0,1,1,0
2856.36,63,5,2,0,1,0,1,0
986.25,185,7,0,0,1,0,1,0
3764.63,19,7,3,0,2,0,1,0
1088.23,117,1,0,0,0,0,1,0
744.06,73,2,3,0,0,0,1,0
4048.38,387,5,0,0,3,0,0,0
670.78,13,4,0,0,2,0,1,0
267.01,318,9,1,0,2,0,1,0
654.03,33,9,1,0,2,0,1,0
2036.59,16,5,0,1,4,0,1,0
4411.8,40,8,3,0,1,0,1,0
1225.53,19,7,0,0,1,0,1,0
4097.77,132,7,3,0,6,0,1,0
281.98,799,5,1,0,2,0,1,0
703.97,6,1,0,1,4,0,1,0
821.74,111,4,1,0,0,1,1,0
977.93,87,2,0,0,1,0,1,0
1192.84,74,5,1,0,5,1,1,0
2188.37,72,2,2,1,0,1,1,1
702.88,405,7,0,0,4,0,1,0
1260.2,3,5,0,0,1,0,1,0
1048.25,268,8,0,0,1,0,1,0
434.46,52,6,1,1,0,1,1,0
978.81,87,3,2,0,2,0,1,0
949.88,98,4,2,0,3,0,1,0
929.75,65,6,0,1,0,1,1,1
1132.02,17,5,1,0,2,0,1,0
1182.84,21,5,2,0,1,0,1,0
711.73,63,3,1,1,0,0,1,1
3915.56,310,2,1,0,3,1,1,0
340.54,26,7,0,0,4,0,1,0
533.27,244,3,2,0,3,0,1,0
17676.01,61,4,0,0,2,1,1,0
388.39,386,5,0,0,1,0,1,0
283.23,100,6,0,0,1,0,1,0
2285.81,33,10,0,0,5,0,1,0
137.4,766,5,1,0,3,0,1,0
866.73,34,3,1,0,1,0,1,0
9375.22,150,5,0,1,1,0,1,0
233.94,151,2,5,0,3,0,1,0
151.11,83,6,0,0,1,0,0,0
244.89,544,4,0,0,1,0,1,0
2692.86,334,2,3,0,3,0,1,0
3377.11,318,6,1,1,3,0,0,0
656.82,657,2,1,0,1,0,1,0
2171.58,109,0,1,0,2,0,0,0
4403.94,18,3,1,0,2,1,1,0
6550.83,261,1,2,0,1,0,1,0
857.19,86,5,4,1,3,1,1,1
109.79,38,2,1,0,1,0,1,0
482.57,118,5,1,1,4,0,1,0
715.65,467,7,0,0,4,0,1,0
846.46,33,8,0,0,2,0,1,0
908.81,339,4,1,0,2,0,1,0
3357.31,97,10,0,0,0,0,1,0
3922.28,26,7,1,0,2,0,1,0
923.64,339,7,2,0,1,0,1,0
3289.48,628,7,2,0,1,0,1,0
1568.16,61,5,1,0,4,0,1,0
1169.7,65,6,0,0,2,1,1,0
2714.99,89,7,3,0,4,0,1,1
1178.8,302,1,1,0,0,0,1,0
8585.34,1,5,1,0,2,0,1,0
260.24,45,5,1,1,1,0,1,0
655.13,220,4,2,0,2,0,1,0
966.31,93,5,1,0,1,0,1,0
1701.82,72,8,0,0,2,1,1,0
3896.99,370,8,1,0,1,1,1,0
1070.2,448,2,0,0,2,1,1,0
264.48,532,7,1,0,2,0,0,0
2546.6,57,5,0,0,1,0,1,0
2333.11,438,9,0,1,1,0,1,0
157.3,240,4,0,0,2,0,1,0
1092.47,30,6,2,0,1,0,1,0
223.6,169,5,1,0,3,0,1,0
564.17,4,6,0,0,1,0,1,0
444.61,221,6,1,1,0,0,1,0
2463.32,238,2,0,0,3,0,1,0
1232.54,280,9,2,0,2,0,0,0
303.2,34,8,0,0,3,0,1,0
2644.05,178,9,2,0,3,0,1,0
261.44,35,4,1,0,1,0,1,0
1525.56,527,5,2,0,1,1,1,0
485.89,202,2,0,0,0,1,1,0
760.76,18,4,3,1,1,0,1,0
1815.78,37,3,3,0,1,0,1,0
1847.24,196,4,2,1,0,0,1,0
4175.42,116,5,3,0,0,0,0,0
1010.04,239,4,0,0,2,0,1,0
1489.88,59,6,1,0,1,0,0,0
707.87,193,7,1,0,1,0,1,0
1315.52,35,6,1,0,6,0,1,0
1701.88,141,5,0,0,0,0,1,0
993.95,569,8,0,0,2,0,1,0
180.59,178,4,1,0,3,0,1,0
1527.63,9,5,0,0,2,0,1,0
1579.02,807,7,1,0,2,0,0,0
555.48,30,2,2,1,1,0,1,1
303.57,227,2,2,0,3,0,1,0
4797.64,136,5,2,1,3,0,1,0
1792.64,62,0,2,0,1,0,1,0
872.11,35,3,3,0,4,0,1,0
351.77,35,7,1,0,0,0,1,0
482.12,351,7,1,0,2,0,0,0
4034.31,371,2,0,0,0,0,1,0
1258.48,112,7,0,1,4,0,1,0
632.33,19,5,0,0,2,1,0,0
1825.65,388,8,1,1,2,0,1,1
485.71,120,5,4,0,1,0,1,0
4918.91,103,6,1,0,3,0,1,0
4242.04,94,3,0,0,5,0,1,0
687.75,81,8,0,0,0,0,1,0
584.83,134,5,0,0,1,0,1,0
79.99,166,9,3,0,1,0,1,0
249.24,113,5,5,0,3,0,1,0
287.3,408,6,2,0,3,1,1,0
1255.38,68,4,0,0,1,0,1,0
791.37,155,6,2,1,1,0,1,0
285.62,64,8,0,1,0,0,1,0
827.85,251,6,0,0,0,0,1,0
1817.72,19,8,1,0,0,0,1,0
1859.08,37,6,0,0,3,0,1,0
164.08,290,3,0,1,5,0,1,0
964.62,36,2,1,1,2,1,1,0
274.97,176,5,0,1,2,0,1,0
2701.95,632,1,1,0,0,0,1,0
2402.21,133,0,0,0,3,0,1,0
446.74,37,2,2,1,2,0,1,0
509.77,69,4,2,0,2,0,0,0
691.41,312,3,2,0,0,0,1,0
115.26,78,6,2,1,2,0,1,0
1534.51,231,3,2,0,2,0,1,0
834.77,270,6,0,0,2,1,1,0
2893.36,125,8,3,0,1,0,0,0
365.62,275,10,0,0,3,0,1,0
590.45,68,5,1,0,4,0,1,0
243.1,130,6,2,0,3,1,1,0
401.7,208,3,1,1,1,0,1,0
336.3,33,7,1,1,0,0,1,0
2968.98,57,4,2,1,3,0,1,0
545.52,190,7,3,0,2,0,1,0
1241.62,191,6,0,0,3,0,1,0
749.37,122,4,0,0,2,0,1,0
308.13,285,3,0,0,3,0,1,0
926.76,118,4,2,0,6,0,1,0
1996.4,383,5,1,0,2,0,1,0
327.75,239,10,1,0,1,0,1,0
2462.94,68,7,1,0,2,0,1,0
468.85,90,7,0,0,3,0,1,0
676.56,198,4,1,0,0,1,1,0
1864.38,404,5,0,1,3,0,1,0
564.85,35,6,3,0,2,0,0,0
1138.62,130,8,2,0,2,1,1,0
800.56,22,2,1,0,1,0,1,0
1248.09,58,5,1,0,3,0,1,0
101.42,208,6,2,0,4,0,1,0
175.97,14,2,0,0,0,1,1,0
2030.36,195,2,1,0,4,0,1,0
3093.88,415,5,0,1,2,0,1,0
441.21,627,0,1,0,2,0,1,0
859.17,43,4,1,1,0,0,0,0
1472.5,248,11,0,1,1,0,1,0
2193.42,469,2,0,1,1,1,1,0
144.36,17,6,3,0,3,0,1,0
452.13,96,2,2,0,2,0,1,0
786.36,453,4,0,1,4,0,1,0
2215.29,40,7,0,0,1,0,1,0
13338.77,488,3,0,0,2,0,1,0
873.05,134,7,1,0,1,0,1,0
268.55,18,4,2,0,8,0,1,0
1639.7,107,5,5,0,2,0,1,0
4109.25,71,6,0,0,0,1,1,0
1221.72,59,7,1,0,0,0,0,0
442.9,140,4,0,0,2,0,1,0
2858.33,118,3,1,1,0,0,0,0
2129.29,118,4,2,1,3,0,1,0
393.04,16,1,1,0,1,0,1,0
1605.88,291,5,1,1,2,0,1,1
2972.82,118,7,0,0,0,1,1,0
3575.61,309,5,1,0,2,0,1,0
1026.13,313,1,2,0,4,0,1,0
766.57,68,2,3,0,4,0,0,0
3741.62,1,5,2,1,2,0,1,0
326.96,435,4,0,1,4,0,0,0
1700.33,257,6,2,0,3,0,1,0
278.65,20,2,2,1,1,0,1,0
3182.35,217,3,2,0,1,0,1,0
847.21,3,4,1,0,0,1,1,0
3899.42,5,8,2,0,4,0,1,0
1792.58,134,9,0,0,3,0,1,0
322.72,18,5,0,1,0,0,1,0
4557.95,600,10,0,0,2,0,1,0
5173.19,403,5,1,1,3,1,1,0
2649.92,188,4,1,0,0,0,1,0
512.04,11,10,2,1,2,0,1,0
807.53,70,9,2,0,4,1,0,0
1268.29,83,7,1,0,1,0,1,0
542.56,118,9,0,0,0,0,1,0
5957.14,33,5,0,0,3,0,1,0
1266.9,155,6,1,1,2,0,1,0
73.45,103,6,5,0,0,0,1,0
1539.72,529,0,2,0,4,0,1,0
774.21,495,3,0,0,5,0,1,0
1017.47,150,3,1,0,1,0,1,0
758.53,186,4,0,0,0,0,1,0
2457.86,26,5,2,0,1,0,1,0
3359.97,45,4,0,0,1,0,0,0
1455.42,415,4,2,0,1,0,1,0
781.09,216,2,2,0,1,0,1,0
1052.23,37,8,2,0,1,1,1,0
1118.34,152,4,3,0,3,0,1,0
491.55,491,4,3,0,2,0,1,0
1956.53,76,2,2,0,2,0,1,0
1737.22,37,9,1,0,3,0,1,0
5117.6,512,3,2,0,2,0,0,0
3848.16,111,4,1,0,3,0,1,0
552.43,97,4,0,0,0,0,1,0
2490.65,56,5,2,0,1,0,1,0
423.71,399,7,1,0,0,0,1,0
2199.38,336,7,3,1,1,0,1,0
654.18,92,8,1,0,2,1,1,0
394.16,5,5,2,0,2,0,1,0
1451.05,106,5,1,0,2,0,1,0
75.6,35,6,2,0,6,1,1,0
190.38,27,8,0,0,2,0,1,0
918.29,89,9,2,0,1,0,1,0
1190.87,18,12,1,0,4,0,1,0
758.0,568,6,0,1,4,0,1,0
226.01,8,3,1,0,0,0,1,0
484.01,92,8,1,0,2,0,1,0
1621.67,31,5,1,0,1,0,0,0
1962.12,210,5,0,0,2,0,1,0
1078.99,14,3,0,0,2,0,0,0
3487.13,142,6,2,0,2,0,1,0
1631.73,266,4,0,0,2,0,0,0
519.33,539,4,3,0,1,0,1,0
828.4,215,5,0,1,2,0,1,0
269.65,18,4,1,1,4,0,1,0
984.23,16,8,0,0,0,0,0,0
3334.58,236,8,2,0,1,1,1,0
2176.1,43,4,0,0,3,1,1,0
4456.01,106,4,1,0,2,0,1,0
810.07,676,3,1,0,4,0,1,0
4213.71,308,3,0,0,1,0,1,0
903.88,337,1,0,0,1,0,1,0
4777.08,354,2,1,0,3,0,1,0
1072.92,173,3,0,0,3,1,1,0
2224.38,245,7,1,0,0,0,1,0
4793.96,80,7,2,0,3,0,1,0
903.77,1164,4,3,1,1,0,1,0
1364.29,59,2,2,1,0,0,1,0
3979.31,160,3,2,1,2,0,1,0
960.06,59,5,0,0,5,0,1,0
292.69,21,4,0,1,3,0,1,0
9348.84,150,3,1,0,0,0,1,0
685.56,78,9,0,0,3,0,0,0
1285.31,157,3,2,0,1,0,1,0
3484.25,147,3,0,0,2,0,1,0
596.75,140,4,1,0,4,0,1,0
400.27,23,1,3,0,3,0,1,0
1413.38,104,5,4,1,2,0,1,0
182.53,300,6,0,0,2,0,1,0
822.29,68,3,2,1,0,0,1,0
1401.14,105,1,0,0,5,1,1,0
837.19,122,8,0,0,2,0,1,0
234.29,357,6,2,0,4,0,1,0
5400.13,191,7,2,0,2,1,1,0
1216.26,19,3,0,0,2,0,1,0
4587.78,360,4,1,0,5,0,1,0
845.53,321,8,2,0,4,0,0,0
454.86,252,6,1,0,1,0,1,0
1435.37,112,5,1,0,4,0,1,0
883.78,255,4,2,1,0,0,1,0
337.73,117,7,0,0,2,0,1,0
4768.49,240,2,0,0,2,0,1,0
588.59,381,13,1,1,2,0,1,0
174.12,398,7,1,0,0,0,1,0
4138.82,109,9,0,0,5,0,1,0
662.29,353,8,0,0,2,0,1,0
597.15,19,3,1,0,2,0,1,0
187.66,19,3,3,0,2,0,1,0
6253.78,143,4,2,0,2,0,1,0
302.03,189,4,0,1,0,0,1,0
1162.64,29,4,0,0,3,0,1,0
2731.54,115,7,0,0,3,0,1,0
1671.9,17,1,1,0,4,0,1,0
1033.13,165,8,1,0,0,0,1,0
200.0,347,4,4,0,4,0,0,0
487.98,240,6,2,0,6,0,1,0
1323.19,85,5,0,1,0,0,1,0
499.11,914,2,0,1,2,0,1,0
1343.94,195,5,0,0,3,1,1,0
2168.4,303,7,0,0,4,1,1,0
2871.25,199,1,1,0,0,1,1,1
321.76,818,6,0,1,3,0,0,0
9863.99,310,9,0,0,3,0,1,0
2362.51,131,7,0,0,1,0,1,0
1094.75,82,4,1,0,0,0,1,0
3260.18,206,2,3,0,2,0,1,0
11677.37,160,4,0,0,1,0,1,0
260.16,178,7,1,1,2,0,1,0
875.45,75,4,4,0,3,0,1,0
101.65,100,1,2,1,4,0,0,0
1329.62,146,5,2,0,2,1,1,0
1580.34,329,4,0,0,4,0,1,0
1054.52,259,4,0,1,1,0,1,0
569.9,22,3,0,1,2,0,1,0
141.24,50,7,1,0,2,0,1,0
1593.25,4,3,3,0,2,0,1,0
4700.55,1,4,1,1,2,0,1,0
607.27,45,5,1,0,1,1,1,0
1702.85,289,8,3,0,3,0,1,0
228.57,423,7,2,0,1,0,1,0
1732.31,89,6,0,0,3,0,1,0
739.98,149,8,2,0,3,0,1,0
511.62,220,5,0,0,2,0,1,0
512.67,550,3,1,0,2,0,1,0
739.81,439,3,0,1,0,0,1,0
1607.5,10,1,0,1,2,0,1,1
295.25,51,6,0,0,1,1,1,0
737.22,9,9,1,0,0,0,1,0
1052.08,172,5,1,0,3,0,1,0
365.39,223,5,2,1,3,0,1,0
6612.16,66,4,0,0,2,0,1,0
467.08,346,6,0,0,0,0,1,0
561.47,108,5,3,0,1,0,1,0
412.28,1156,6,1,0,0,0,0,0
6624.17,1,4,1,0,3,0,1,0
1906.27,20,2,0,0,4,0,1,0
429.84,64,1,1,0,4,0,1,0
3315.06,4,1,3,0,5,0,1,0
1340.37,274,5,1,0,3,0,1,0
1418.36,9,4,0,0,4,0,1,0
777.06,248,6,3,0,2,0,1,0
518.32,9,6,1,1,0,0,1,0
1537.27,52,4,0,0,0,0,1,0
635.82,331,5,1,1,1,0,0,0
6746.34,543,8,2,0,1,0,1,0
308.19,96,3,3,0,1,0,1,0
5095.72,630,4,2,0,0,0,1,0
981.11,177,1,1,1,5,0,1,0
1478.95,96,7,1,0,2,1,1,0
2522.88,292,6,1,0,2,0,1,0
583.91,63,5,1,0,5,0,1,0
2602.55,55,3,0,0,6,0,1,0
73.15,192,9,0,0,2,0,1,0
533.79,89,5,1,0,2,0,1,0
435.26,26,6,2,0,3,0,1,0
313.09,12,5,1,0,2,0,1,0
884.52,279,9,2,0,1,0,1,0
1612.84,202,3,0,0,4,0,1,0
2214.23,95,7,1,0,2,0,1,0
1395.32,407,5,3,1,3,0,0,0
563.58,95,6,1,0,1,0,1,0
1586.07,223,4,0,0,1,0,0,0
1241.76,431,8,1,0,2,0,1,0
2796.31,330,9,1,0,2,0,1,0
2384.96,128,4,0,1,4,0,1,0
1130.57,205,4,0,0,2,0,1,0
447.08,96,2,1,0,1,0,1,0
570.81,187,6,1,1,3,0,1,0
632.84,53,5,1,0,1,0,1,0
800.1,102,2,2,0,3,0,1,0
1433.75,42,4,1,0,1,1,1,0
2242.11,7,4,1,0,2,0,1,0
1041.98,159,3,3,0,0,0,1,0
1114.46,359,10,1,0,1,0,1,0
1265.61,4,5,0,1,0,0,1,1
654.65,39,5,1,0,0,0,1,0
434.68,110,6,0,0,1,0,1,0
189.53,197,2,3,0,3,0,1,0
547.22,33,4,1,0,2,0,1,0
1760.13,10,0,1,0,5,0,1,0
542.99,131,8,1,0,1,0,1,0
864.54,307,5,0,0,1,0,1,0
1748.36,6,4,0,0,1,0,1,0
1845.84,77,5,0,0,2,0,1,0
372.59,196,5,2,0,3,0,1,0
2972.2,25,2,0,0,1,0,1,0
3385.82,48,5,0,0,3,0,1,0
354.3,138,4,0,1,5,0,1,0
481.14,551,3,1,0,2,0,1,0
3608.66,60,2,1,0,2,1,1,0
946.86,120,3,0,0,3,0,1,0
119.13,91,3,1,0,0,0,1,0
270.51,409,7,0,0,0,0,1,0
854.6,13,4,2,1,5,0,1,0
342.73,150,3,2,0,1,0,1,0
725.29,336,3,2,1,5,1,0,0
1132.74,797,5,0,0,2,0,0,0
4732.72,215,8,0,0,1,0,1,0
820.2,86,5,2,1,2,0,1,0
3205.24,95,3,1,0,4,0,1,0
4576.82,78,4,1,1,3,0,0,0
4602.29,166,4,2,0,0,0,0,0
1457.9,242,9,2,0,2,0,0,0
153.96,308,7,1,0,1,0,1,0
1738.58,96,2,0,1,1,1,1,0
3128.78,227,8,0,1,0,0,0,0
1011.24,446,6,0,0,1,1,1,0
6276.6,456,7,1,1,1,0,1,0
2591.09,219,5,3,0,4,1,0,1
1935.8,182,4,0,0,2,0,0,0
3249.9,136,5,1,0,4,0,1,0
1530.53,36,1,0,0,4,1,1,0
90.67,23,6,1,0,2,0,1,0
665.71,119,7,1,0,4,0,1,0
3630.65,31,12,1,0,0,0,1,0
489.02,154,10,1,0,2,0,1,0
877.02,186,6,2,0,3,0,1,0
385.74,134,2,1,1,0,1,1,0
6528.44,6,4,1,1,0,0,1,0
5892.83,10,3,1,0,2,0,1,0
453.11,21,2,0,0,2,0,1,0
1270.67,30,2,2,0,1,0,1,0
555.3,826,5,0,1,0,0,1,0
2028.28,76,5,1,0,3,0,1,0
1825.63,62,9,0,0,4,0,1,0
2469.34,9,6,1,1,4,0,1,0
1528.31,181,7,2,0,0,0,1,0
20648.67,190,4,1,1,2,0,0,1
392.32,34,4,0,0,3,0,1,0
198.22,452,6,0,1,3,0,1,0
740.19,290,5,0,1,1,0,1,0
228.61,47,3,0,0,1,0,1,0
246.54,119,10,2,0,5,1,1,0
402.9,110,7,0,0,1,1,1,0
436.07,77,3,0,0,4,0,1,0
422.16,306,7,2,1,2,0,1,0
1841.28,20,4,0,1,4,0,1,0
661.04,96,7,0,0,5,1,1,0
916.43,100,6,1,0,1,0,0,0
2681.77,113,13,3,0,1,0,1,0
509.63,355,4,2,0,3,1,1,0
841.73,44,10,4,0,0,1,1,1
1580.92,19,7,2,1,0,0,1,0
157.34,173,2,1,0,0,0,1,0
101.0,34,6,2,0,2,0,1,0
1550.17,14,5,0,0,2,0,0,0
1793.66,100,4,2,0,3,0,1,0
8640.54,44,3,0,0,2,1,1,0
1284.46,80,7,2,0,1,1,1,0
2489.26,54,5,0,0,0,1,1,0
901.92,17,4,1,1,1,0,1,0
1476.2,147,6,2,0,2,0,1,0
5809.54,4,1,3,0,1,0,1,1
131.11,610,2,4,0,3,0,1,0
1658.41,75,3,0,0,1,0,0,0
9279.72,213,7,0,0,0,0,1,0
1453.94,299,8,1,1,2,0,1,0
5713.42,58,6,0,0,2,0,1,0
584.52,248,8,1,1,1,0,1,1
1062.05,321,5,1,0,1,0,1,0
1134.02,49,2,1,0,2,0,1,0
119.39,880,10,1,1,3,1,0,0
340.98,3,4,2,0,5,0,1,0
366.18,44,5,0,0,0,0,1,0
2495.06,272,3,1,1,0,1,1,0
2623.21,38,8,0,0,3,0,1,0
1516.31,215,4,1,1,2,0,1,0
2500.14,348,6,1,0,0,0,1,0
930.62,575,4,0,0,3,1,0,0
3647.99,115,4,1,0,0,0,1,0
1106.31,637,4,1,1,3,0,1,0
1161.96,95,6,0,0,2,0,1,0
840.85,44,4,0,1,1,0,1,0
2174.27,129,3,2,0,5,0,1,0
719.68,188,5,0,0,3,0,1,0
2911.52,110,3,0,0,2,0,1,0
353.49,150,5,1,0,2,0,1,0
365.43,96,3,1,0,3,0,1,0
2180.76,133,5,1,1,2,0,1,0
1003.71,548,7,1,1,0,0,1,0
696.53,124,5,0,0,3,0,1,0
2670.6,52,2,0,0,1,0,0,0
597.49,255,7,2,0,1,0,1,0
897.67,74,6,1,0,2,0,1,0
4443.63,304,2,3,0,3,0,1,0
5110.96,10,8,2,1,1,0,1,0
5283.79,72,9,2,0,2,0,1,0
827.06,17,10,1,1,1,0,1,0
3754.47,16,7,1,1,2,0,1,0
424.56,193,4,2,1,2,0,1,0
442.79,87,6,1,1,0,1,1,0
104.54,369,6,0,0,1,0,1,0
5842.23,130,5,2,0,0,0,1,0
462.21,63,4,0,1,2,1,1,0
966.29,229,7,1,0,0,0,1,0
441.28,176,6,0,1,2,0,0,0
2197.7,289,3,1,0,3,0,1,0
753.23,185,4,1,0,1,0,1,0
297.43,32,5,2,0,1,0,1,0
1705.58,199,2,0,0,0,1,1,0
261.46,89,4,1,0,0,0,1,0
474.66,111,4,0,0,4,1,1,1
133.37,458,4,0,0,2,0,1,0
264.02,80,3,1,0,1,0,0,0
1310.98,170,2,0,0,1,0,1,0
153.77,81,6,2,0,0,0,1,0
249.35,17,8,2,1,3,0,1,1
1094.04,108,6,0,0,2,0,1,0
636.76,163,8,3,0,1,0,1,0
8038.81,94,2,1,1,6,0,1,0
6862.98,89,7,2,0,2,0,1,0
460.39,309,6,3,1,3,0,1,1
1914.36,5,6,1,0,2,0,1,0
2319.91,63,8,2,0,0,0,1,0
603.36,300,4,0,0,1,0,1,0
245.79,455,4,1,0,1,0,1,0
1083.23,95,4,2,1,2,0,1,0
922.56,395,10,1,0,5,0,1,0
709.27,39,3,0,1,4,0,1,0
1706.7,45,2,1,0,2,0,1,0
517.64,336,8,0,0,0,0,1,0
346.54,420,10,0,0,1,0,0,0
1223.03,45,4,0,1,1,0,0,0
1613.19,11,4,0,1,4,0,1,0
338.1,17,7,1,0,2,0,1,0
2774.12,54,4,1,1,3,0,1,0
186.7,257,7,2,0,2,0,1,0
615.16,128,3,2,0,1,0,1,0
847.25,109,3,0,0,2,0,0,0
580.43,157,3,1,0,1,0,1,0
623.24,397,5,0,0,1,1,1,0
7122.93,17,5,1,0,2,0,1,0
468.3,213,6,1,0,1,0,1,0
12597.1,470,6,2,0,1,0,1,0
1697.86,43,2,0,0,3,1,1,0
1202.38,327,7,0,0,0,0,1,0
1765.59,215,4,0,0,1,0,1,0
13765.6,2,2,2,0,2,0,1,0
406.02,47,7,0,0,3,0,0,1
357.66,167,8,1,0,1,0,1,0
515.5,125,6,0,1,2,0,1,0
1132.46,135,11,0,1,1,0,1,0
195.24,47,7,0,0,2,1,1,0
1121.41,202,5,1,0,2,0,1,0
5964.3,55,10,0,0,3,0,1,0
1275.9,88,3,0,0,5,1,1,0
818.37,82,6,0,0,2,0,1,0
591.01,200,4,0,0,1,0,1,0
2693.27,17,4,2,0,0,0,1,0
480.18,41,6,0,0,1,0,1,0
6949.3,40,2,1,1,7,1,1,1
7580.69,20,7,4,0,0,0,1,0
1417.64,41,9,0,0,0,0,1,0
1084.08,168,6,0,0,2,0,0,0
3073.77,237,7,1,0,3,0,1,0
3277.38,194,5,0,0,2,0,1,0
489.81,116,3,1,1,0,0,0,0
647.71,9,5,3,1,0,0,1,0
292.26,574,4,0,1,5,0,1,0
1650.88,33,6,0,1,2,0,1,0
2135.87,198,3,0,0,1,0,1,0
284.31,439,5,0,0,2,0,1,0
695.62,215,5,2,0,5,0,1,0
285.07,44,5,0,0,3,0,1,0
446.39,68,2,3,1,1,0,1,1
1902.68,5,1,0,1,3,0,1,0
526.64,170,6,1,0,2,1,0,0
811.74,170,5,1,0,4,0,1,0
215.44,232,7,0,0,1,0,1,0
1322.12,1,2,0,0,3,0,1,0
1049.14,306,3,1,0,2,0,1,0
529.03,241,3,1,0,2,0,0,0
907.77,27,9,0,1,2,0,1,0
1313.3,76,7,4,1,4,0,1,0
485.48,183,6,3,0,3,0,1,0
250.57,123,5,2,0,1,0,0,0
6671.33,22,1,1,0,2,0,1,0
582.15,16,3,2,1,2,0,1,0
995.49,273,5,0,0,1,1,1,0
3013.45,30,10,2,0,1,0,1,0
37386.13,33,3,1,1,3,0,1,0
315.93,319,5,2,0,2,0,1,0
1719.57,170,4,1,0,2,1,1,0
540.47,167,11,4,0,2,0,1,0
639.83,117,3,1,1,4,1,1,1
533.68,151,2,2,0,4,0,1,1
355.79,165,5,0,0,0,1,1,1
1052.27,618,3,1,1,2,0,0,0
251.01,45,6,1,0,3,0,1,0
2826.54,43,5,0,0,3,0,0,0
1158.64,10,2,1,0,3,0,1,0
1673.1,193,8,0,0,3,0,1,0
688.02,143,5,0,0,3,0,1,0
759.6,21,4,0,0,5,0,1,0
1462.0,81,3,0,0,2,0,1,0
342.39,35,1,0,1,1,0,1,0
766.63,72,2,1,0,5,0,1,0
464.23,543,3,0,0,6,0,1,0
450.08,206,8,0,0,2,0,1,0
132.98,1,7,1,0,2,0,1,0
4185.27,52,4,0,0,4,0,1,0
551.95,1,7,0,0,1,0,1,0
3510.02,225,7,1,0,1,1,1,0
3193.24,114,3,1,0,1,0,1,0
303.08,921,6,1,0,4,0,0,1
369.29,238,3,2,0,3,0,1,0
14192.98,131,5,1,0,3,0,1,0
6316.53,293,3,0,0,1,0,1,0
1062.61,219,2,0,0,0,0,1,0
1418.53,50,9,0,0,3,0,0,0
583.56,136,4,0,0,1,0,1,0
1689.78,146,5,1,1,3,0,1,0
535.3,108,7,0,0,5,0,1,0
143.69,35,10,3,0,1,0,1,0
292.49,45,1,2,1,0,0,1,0
1120.01,59,7,2,0,4,0,1,0
353.87,1,5,1,1,0,0,1,1
1025.28,447,5,2,0,4,0,1,0
374.41,208,10,2,1,2,0,1,0
501.52,210,4,2,0,3,1,1,0
2573.87,152,11,0,0,1,0,1,0
1404.56,210,3,2,0,4,0,1,0
1086.09,721,6,0,1,1,1,1,1
2641.13,87,1,0,0,4,0,1,0
1773.32,224,7,2,0,2,0,1,0
4659.03,80,4,1,0,2,0,1,0
692.38,346,6,1,0,5,0,1,0
713.63,351,7,2,0,4,0,1,0
298.54,418,6,1,0,2,0,1,0
714.1,1,2,0,0,4,1,1,0
2877.77,63,2,0,0,4,0,1,0
4023.82,25,2,0,0,1,0,1,0
2864.95,108,3,1,0,1,0,1,0
182.33,123,3,0,0,3,1,1,0
3239.41,53,4,2,0,2,0,1,0
174.42,231,2,1,0,3,1,1,0
2692.21,56,3,0,0,3,0,1,0
759.16,346,4,0,1,0,0,1,0
2213.95,35,5,1,1,3,0,1,0
289.33,82,4,2,0,1,0,1,0
3537.47,175,0,1,1,1,0,1,0
253.41,167,0,1,1,3,0,1,0
562.02,14,9,2,0,1,0,1,0
404.2,337,6,2,1,3,0,1,0
189.75,164,8,0,0,0,0,1,0
1205.35,367,3,1,0,2,0,1,0
6674.76,363,5,0,0,1,0,1,0
15786.42,142,6,1,0,0,0,1,0
1208.52,434,7,2,1,0,0,1,0
3349.88,339,2,0,0,4,0,0,0
1383.12,571,2,1,1,0,0,1,0
1806.02,342,8,0,0,4,0,0,0
778.88,309,4,0,1,1,1,1,0
1332.85,114,3,0,0,1,0,1,0
1877.09,42,4,1,0,1,0,1,0
614.95,434,1,1,0,2,1,1,0
1014.86,230,4,1,0,1,0,1,0
1034.39,59,6,0,0,1,0,1,0
2505.9,75,8,1,1,3,0,1,0
377.65,208,3,0,0,2,0,0,1
1041.54,116,5,0,0,3,1,1,0
7420.53,15,9,2,0,3,0,0,0
3512.42,27,2,3,0,3,0,1,0
4226.71,246,4,2,0,1,0,1,0
1123.76,71,7,1,0,1,1,0,0
1511.71,127,6,0,0,4,1,1,0
2987.63,261,5,2,0,0,0,1,0
5220.01,250,6,2,0,3,0,1,0
155.77,32,5,1,0,2,0,1,0
294.29,18,7,0,0,3,0,1,0
4062.05,160,4,1,0,4,0,1,0
831.4,243,7,0,1,4,1,1,0
560.19,29,3,0,0,0,0,1,0
312.89,83,5,0,0,5,0,1,0
629.54,367,1,0,0,4,0,0,1
269.79,519,3,0,0,1,1,1,0
8875.89,108,7,1,0,0,0,1,0
1072.3,14,5,0,0,1,0,1,0
1034.89,53,5,1,0,1,0,1,0
1974.51,47,7,1,0,3,0,1,0
2870.8,49,3,0,0,1,0,1,0
2823.94,122,5,1,0,1,0,0,0
3208.7,157,7,0,0,2,1,1,0
583.56,23,5,0,0,4,0,1,0
814.14,396,3,0,0,4,0,1,0
2366.18,174,1,0,0,1,0,1,0
647.17,163,1,1,0,5,0,1,0
1091.05,785,4,0,0,2,0,1,0
1633.96,178,5,1,0,1,0,1,0
2404.71,476,6,1,0,1,1,0,0
185.36,60,6,2,0,1,0,1,0
2241.15,49,3,1,0,2,0,1,0
868.07,130,3,1,0,2,0,1,0
2224.88,127,7,1,0,1,0,1,0
2384.95,46,5,1,1,2,0,1,0
5474.82,216,5,0,0,1,1,1,0
4244.82,5,3,1,0,1,0,0,0
4215.7,211,3,2,1,2,0,1,0
4645.57,109,5,1,0,2,0,1,0
1467.59,210,2,1,0,0,0,1,0
1132.5,116,3,2,1,1,0,1,0
2624.95,681,4,1,1,1,0,1,0
2280.34,73,5,0,0,1,0,1,0
805.07,728,2,3,0,1,0,0,0
1643.89,12,6,0,0,3,0,1,0
1058.81,207,4,3,0,4,0,1,0
466.88,108,11,1,1,3,1,1,0
3985.67,310,2,3,0,3,1,1,1
1158.87,280,6,1,0,0,1,1,0
8507.54,289,4,0,0,1,1,1,0
215.83,17,8,1,1,1,0,1,0
628.43,311,5,1,1,1,0,1,0
1133.02,43,7,3,1,0,0,1,0
3419.95,4,2,1,0,0,1,1,1
1635.12,44,4,1,0,2,0,1,0
1495.88,117,4,1,1,1,0,1,0
355.22,243,5,2,0,1,1,0,0
344.83,44,7,1,0,4,0,1,0
1513.99,21,3,1,0,4,0,0,0
280.31,186,6,0,0,2,0,0,0
644.27,743,5,1,1,2,0,0,1
1809.7,165,6,1,0,3,1,1,0
410.62,211,3,1,0,1,0,1,0
5460.83,148,6,1,0,0,0,1,0
3729.15,274,5,3,1,2,0,1,1
227.83,669,4,1,1,0,0,1,0
431.66,141,5,0,1,4,0,1,0
111.52,97,8,2,0,2,0,1,0
501.4,354,3,0,0,3,0,1,0
2359.93,629,5,0,0,2,0,1,0
724.95,24,3,1,0,0,0,1,0
1738.53,155,7,1,0,1,0,1,0
239.29,283,7,0,0,2,0,1,0
2435.67,137,5,1,0,0,0,1,1
629.48,94,2,1,1,3,0,1,0
1110.06,191,5,0,0,3,0,1,0
999.37,56,3,0,0,2,0,1,0
307.49,77,3,0,0,0,0,1,0
346.17,875,6,2,1,2,0,1,1
2886.48,182,1,0,0,2,0,1,0
1634.34,371,6,2,0,5,0,1,0
3133.95,296,6,2,1,5,0,1,0
1517.26,190,6,0,1,1,1,1,0
1265.21,330,8,2,0,0,0,1,0
195.19,60,7,1,0,3,0,1,0
836.84,182,6,0,0,1,0,1,0
1067.01,160,3,2,0,3,0,1,0
7731.88,175,6,1,0,1,0,1,0
2179.73,33,4,2,0,2,0,1,0
5095.24,58,5,2,0,2,0,1,0
1993.28,60,4,3,0,1,0,1,0
538.45,165,6,0,0,7,0,1,0
1232.9,647,3,1,0,5,0,1,0
1388.84,554,3,0,0,0,0,1,0
428.74,46,4,1,0,1,0,1,0
746.66,65,6,2,0,3,0,1,0
892.68,6,4,1,0,2,0,1,0
5462.27,91,5,1,0,1,0,1,0
136.9,323,9,0,0,3,0,1,0
3662.2,445,6,1,1,1,0,1,0
429.75,48,5,1,0,0,0,0,0
278.08,55,6,1,0,0,0,1,0
3568.65,44,3,2,0,10,0,1,0
2279.93,77,7,0,0,1,0,1,0
3844.96,294,5,2,0,1,1,1,0
2442.32,187,6,2,0,1,0,1,0
8602.82,277,2,1,0,0,0,1,0
1917.4,157,2,0,0,1,0,1,0
937.79,53,2,1,0,3,1,1,0
1545.23,46,6,1,1,2,0,1,1
3802.71,1,8,1,1,2,0,1,0
503.02,273,6,1,0,3,0,1,0
571.41,338,3,2,1,3,0,1,0
805.16,263,7,0,0,3,0,1,0
133.68,13,6,4,0,0,0,1,0
1259.01,258,5,1,0,0,1,1,0
166.31,8,4,1,0,1,0,1,0
1156.39,20,9,0,0,1,0,1,0
2605.27,104,4,1,1,3,0,1,0
680.7,116,7,0,1,3,0,1,0
5867.1,304,7,2,0,2,0,1,0
254.55,204,7,1,0,2,0,1,0
3609.27,29,2,1,0,5,0,1,0
2154.12,46,6,1,0,2,0,1,0
197.15,60,2,1,1,2,1,1,0
16494.7,23,3,1,0,1,0,1,0
1028.91,61,3,1,0,2,0,1,0
456.01,234,3,2,0,2,0,1,0
268.52,49,5,2,0,4,0,1,0
880.05,324,6,0,0,0,0,1,0
965.45,114,5,1,0,1,0,1,0
1215.18,70,4,1,0,3,0,1,0
814.2,95,4,1,0,0,0,1,0
2065.7,222,5,2,1,5,1,1,0
744.24,130,6,2,0,1,1,1,1
158.39,1,6,1,0,2,0,0,0
944.48,459,4,1,0,3,1,1,0
102.77,12,6,0,0,2,0,1,0
1562.08,502,5,1,0,3,0,1,0
411.87,5,5,0,0,0,0,1,0
1291.24,265,4,1,0,1,0,1,0
4080.91,137,4,3,0,1,0,1,0
424.64,126,3,2,0,1,0,1,0
3169.27,13,6,1,0,3,1,1,0
710.96,49,11,0,0,2,0,1,0
6330.88,270,5,0,0,2,0,1,0
761.16,399,3,1,0,2,1,1,0
473.19,135,7,0,0,2,0,1,0
2180.35,78,7,2,1,2,0,1,0
709.25,11,3,0,0,2,0,1,0
472.74,206,4,0,0,4,0,1,0
680.05,58,6,2,0,0,0,0,0
1048.79,10,7,0,0,4,0,1,0
4197.23,197,2,1,0,2,0,1,0
158.52,119,10,0,1,0,0,1,0
1122.24,2,4,1,0,0,0,1,0
2048.58,21,4,1,0,0,0,1,0
1330.68,216,2,1,0,1,0,1,0
4063.77,11,4,0,1,2,0,1,0
1018.06,361,4,2,1,4,0,1,0
911.83,67,5,0,0,4,1,1,0
1982.93,16,5,0,0,2,0,1,0
1211.14,256,5,0,0,3,0,1,0
742.18,133,4,2,0,1,0,1,0
1837.47,65,3,0,0,0,1,1,0
571.05,93,4,0,0,2,0,1,0
595.16,3,5,2,0,3,0,1,0
646.78,195,6,0,0,2,0,1,0
4243.18,81,4,2,1,2,0,1,0
43.77,225,7,0,0,4,0,1,0
1628.8,178,6,0,0,1,1,1,0
1134.87,189,2,1,1,3,0,1,0
204.21,283,2,2,0,3,0,1,0
1494.77,179,4,0,0,2,1,1,0
1764.73,97,5,0,1,3,0,1,0
1977.6,88,5,2,0,1,1,1,0
77.34,22,3,1,0,2,0,1,0
4300.08,272,8,2,0,2,0,1,0
524.4,257,4,2,1,1,1,1,0
2178.88,50,9,0,1,3,0,1,0
2300.94,357,1,0,0,2,0,1,0
456.37,160,2,0,0,3,0,0,0
2122.73,117,1,3,0,1,0,1,0
745.84,3,6,0,0,3,0,1,0
138.19,86,6,0,0,1,0,1,0
3525.37,184,6,0,0,3,0,1,0
505.2,16,7,0,0,0,0,1,0
466.62,110,7,0,1,1,1,1,0
732.84,904,6,0,0,4,0,1,0
1439.77,226,3,3,1,2,0,1,0
1035.59,142,7,4,0,2,0,1,0
1897.07,137,5,2,0,2,0,1,0
287.3,8,6,1,0,1,0,0,0
521.97,567,5,3,0,3,0,1,0
976.53,474,8,0,0,4,0,1,0
7316.5,206,9,1,0,1,1,0,1
978.66,18,5,2,0,2,1,0,0
3246.14,41,6,2,0,4,0,1,0
1139.74,36,4,1,1,3,0,1,0
676.1,131,1,1,0,1,0,1,0
856.86,41,4,2,0,2,0,1,0
926.65,214,4,0,0,2,0,1,0
2005.49,141,3,4,0,2,0,1,0
4335.58,3,4,0,0,3,0,1,0
1571.33,245,2,0,1,2,0,1,0
3594.2,37,4,2,0,2,1,0,0
417.89,313,6,1,1,0,0,0,0
724.42,78,5,1,0,2,0,1,0
531.5,74,6,1,0,0,0,1,0
1501.84,2,8,2,1,3,0,1,0
765.89,792,5,0,0,3,0,1,0
2275.09,170,3,1,0,1,0,0,0
432.25,98,7,1,0,3,0,1,0
1144.85,18,2,1,0,1,0,1,0
2179.52,216,3,2,0,1,0,1,0
139.03,59,3,0,1,1,1,1,0
9151.12,800,5,0,1,5,0,1,0
826.21,541,5,1,0,0,1,0,0
144.74,239,6,3,0,3,0,1,0
1284.46,637,6,1,0,5,1,1,0
1133.93,20,3,2,0,3,0,1,0
1010.4,59,7,0,0,3,0,0,0
2954.81,52,5,0,0,1,0,1,0
2315.65,13,2,2,1,1,0,1,0
1477.16,645,1,0,1,3,0,1,0
1720.13,11,2,1,0,2,0,1,0
987.96,349,2,2,0,0,0,1,0
6473.62,263,4,1,0,3,1,0,1
249.84,84,5,0,0,2,0,1,0
1260.99,3,6,1,0,6,0,1,0
1170.31,1,4,1,1,1,0,1,0
2473.23,41,6,1,0,2,0,1,0
471.61,122,6,2,0,4,0,1,0
191.78,110,5,1,0,2,0,1,0
1282.83,158,3,1,0,1,0,1,0
1452.77,266,2,1,0,3,0,1,0
4863.92,85,3,0,1,2,0,1,0
307.86,31,6,1,0,1,0,1,0
3479.67,289,7,1,0,0,0,1,0
11700.82,72,9,1,1,1,0,1,0
751.62,60,2,1,0,4,0,1,0
301.59,260,5,2,1,2,0,1,0
729.99,489,3,0,0,2,0,1,0
1112.1,443,4,1,0,2,0,1,0
1927.13,26,9,1,0,2,1,1,0
607.05,125,9,3,0,2,0,1,0
5193.68,17,8,0,0,2,1,1,0
359.77,583,7,0,1,2,0,1,0
192.63,43,8,1,0,0,1,1,0
3316.65,39,4,3,0,3,0,1,0
112.77,395,4,0,0,4,0,1,0
894.15,618,5,0,1,3,0,0,1
24777.25,215,4,1,0,0,0,1,0
1083.51,23,6,4,0,2,1,1,1
357.53,119,5,1,0,1,0,1,0
1035.46,305,8,1,0,2,0,1,0
1042.31,152,2,1,0,2,0,1,0
1287.75,25,1,0,0,4,0,1,0
2126.56,33,2,0,0,1,0,1,0
387.95,359,0,1,0,3,0,0,0
5928.63,134,5,1,1,5,1,0,0
1401.24,220,5,0,0,0,0,1,0
2268.32,84,6,2,0,1,0,1,0
585.14,136,2,1,0,2,0,1,0
3969.45,679,4,1,0,5,1,1,0
848.06,72,2,1,1,3,0,1,0
1447.44,202,4,0,0,0,0,1,0
431.34,34,8,3,0,1,0,1,0
404.67,23,3,0,0,1,0,0,0
2182.45,275,3,1,0,0,0,1,0
703.73,334,3,0,0,1,0,1,0
466.93,198,3,3,0,2,0,1,0
576.41,30,3,0,0,1,0,0,0
2206.04,49,5,0,0,0,0,1,0
584.62,435,5,2,0,1,0,1,0
974.91,61,4,1,0,1,1,1,0
1113.24,307,4,0,0,1,0,1,0
161.2,60,7,2,0,4,1,1,0
251.86,504,2,2,0,1,0,0,0
1534.99,442,3,2,0,1,1,1,0
524.78,7,2,1,0,4,0,1,0
3154.94,264,6,3,0,1,0,1,0
2883.64,33,5,0,0,3,0,1,0
2251.09,43,7,1,0,7,0,0,0
6766.72,110,7,2,1,2,0,1,0
1009.2,154,5,0,1,5,0,1,1
2098.3,70,5,1,0,2,0,1,0
611.31,154,4,0,0,0,0,0,0
12738.32,33,3,1,1,1,0,1,1
7971.55,4,4,1,0,4,0,1,0
1109.74,152,6,1,0,0,0,1,0
1614.19,131,5,2,0,1,0,1,0
4269.69,210,0,4,0,3,0,1,0
946.58,188,6,3,0,2,0,1,0
568.71,409,11,1,0,2,0,1,0
2628.03,110,7,0,0,1,0,1,0
1186.12,1,4,1,0,8,0,1,0
1316.85,179,6,1,1,2,0,1,0
476.15,202,5,0,1,3,1,1,0
196.83,132,5,0,0,2,0,1,0
1388.73,210,4,2,0,3,0,1,0
2710.7,70,5,2,0,2,1,0,0
874.97,29,5,1,0,3,0,1,0
4612.06,196,6,1,0,2,0,1,0
542.44,50,5,1,0,2,0,1,0
381.95,109,5,2,0,1,0,1,0
1025.33,121,3,1,1,4,1,1,0
1009.7,116,11,1,0,5,0,1,0
2368.4,164,7,3,0,2,1,1,0
505.24,5,2,0,0,2,0,1,0
4307.42,823,5,1,1,2,1,1,0
7839.4,226,7,2,0,2,1,1,0
1054.54,99,3,0,0,2,0,0,0
3826.52,38,9,1,1,0,0,1,0
381.27,15,6,0,0,4,0,1,0
3213.84,200,3,2,0,3,0,1,0
3125.27,68,4,1,0,3,0,0,0
2600.44,46,9,1,1,1,0,1,0
1079.7,86,7,2,0,2,0,1,0
57.15,161,5,0,1,1,1,1,1
577.25,200,2,1,0,0,0,1,0
586.45,186,6,0,0,0,0,1,0
412.3,358,3,0,0,1,0,1,0
1239.23,44,3,1,0,3,0,1,0
721.29,182,5,0,0,0,0,1,0
480.77,19,3,2,0,4,0,1,0
380.39,142,6,1,0,4,0,1,0
536.19,157,5,2,0,2,0,1,0
3366.06,43,8,0,0,1,0,1,0
566.22,89,5,1,0,4,0,1,0
655.28,316,7,1,0,3,0,1,0
694.58,28,1,2,1,1,0,1,1
1539.16,102,5,1,0,1,0,1,0
1730.65,485,3,0,0,3,0,1,0
52.21,126,3,0,0,0,0,1,0
3046.15,232,2,1,0,1,0,1,0
4611.77,315,3,2,0,3,0,1,0
383.68,41,6,0,1,4,0,1,0
414.76,44,3,2,0,2,0,1,0
699.07,255,4,1,0,4,0,1,0
514.91,251,3,1,0,0,0,1,0
1371.87,11,8,1,0,1,0,1,0
156.57,70,6,1,0,4,0,1,0
358.55,91,3,1,0,3,0,1,0
5111.24,317,6,1,0,3,1,1,0
433.45,98,1,1,0,1,0,1,0
3802.55,468,5,1,0,2,0,0,0
1564.53,1023,5,1,0,2,0,1,0
179.6,273,8,1,0,2,1,1,0
2070.05,197,3,1,0,3,0,1,0
974.9,89,5,0,0,3,0,1,0
695.43,12,4,2,1,2,0,1,0
1401.02,153,4,0,0,5,0,1,0
1762.76,80,3,1,0,3,1,1,0
2225.18,77,7,2,0,2,0,1,0
3562.62,209,9,1,1,4,0,1,0
1649.35,112,4,1,0,0,0,1,0
277.1,251,7,0,0,0,0,1,0
682.9,91,7,1,0,6,0,1,0
20807.07,29,5,1,0,1,0,1,0
2263.1,111,4,1,0,1,0,1,0
11722.76,542,6,2,0,4,0,1,0
4426.81,291,6,0,0,0,0,1,0
1396.61,41,4,0,1,1,0,1,0
1482.38,89,4,1,0,1,0,1,0
1057.24,473,4,0,0,1,0,1,0
192.9,23,8,2,0,4,0,1,0
1116.6,52,3,2,0,2,0,0,0
3680.02,54,1,0,0,3,1,1,0
602.06,152,4,1,0,1,0,1,0
1655.66,95,2,1,0,3,1,1,0
2569.82,14,4,1,0,2,1,1,0
441.56,178,6,0,0,2,0,1,0
698.33,18,5,0,0,2,0,1,0
396.27,167,7,1,0,1,0,1,0
481.95,127,8,1,0,1,0,1,0
302.59,122,5,0,0,0,0,1,0
445.66,12,4,2,0,1,0,1,0
4534.43,183,3,0,0,6,1,1,0
439.01,101,4,1,0,2,1,1,0
1244.46,95,8,1,0,4,0,1,0
663.24,163,5,0,1,3,0,1,0
3564.81,167,9,0,0,3,0,1,0
4069.04,2,2,0,0,3,1,1,0
2602.09,24,3,0,0,1,0,1,0
1489.41,48,6,1,0,2,0,1,0
870.39,203,5,3,0,1,0,1,0
332.99,154,5,0,0,1,0,1,0
7658.17,255,4,0,1,0,0,1,0
513.03,242,7,0,0,0,0,0,0
2129.51,345,6,1,0,2,0,1,0
3163.92,85,6,2,0,1,0,1,0
629.37,76,9,1,0,6,1,1,0
3096.45,320,3,0,0,3,0,1,0
2354.81,48,6,0,1,4,0,0,1
6173.15,111,7,1,0,1,1,1,0
685.85,38,7,1,0,1,0,1,0
303.12,441,6,3,0,1,0,1,0
661.5,94,3,1,0,6,0,0,0
1351.34,42,4,0,1,6,0,1,0
1162.37,211,4,1,1,2,0,1,0
739.93,50,6,2,0,3,0,1,0
162.52,517,1,3,0,2,0,1,0
1755.45,82,5,1,0,3,0,1,0
7882.06,196,6,2,0,1,0,1,0
1744.55,76,7,0,1,2,0,1,0
2016.53,296,2,0,0,1,0,1,0
1943.89,409,3,1,0,2,0,1,0
1631.16,279,1,2,0,4,0,1,0
2784.06,339,4,0,1,3,0,0,0
1628.43,19,10,0,0,3,0,0,0
802.17,464,3,0,0,2,0,1,0
494.73,176,2,1,1,2,0,1,0
854.94,366,2,1,0,2,0,1,0
1501.36,207,4,1,0,4,0,0,0
799.44,40,7,2,1,4,0,1,0
1501.68,169,4,0,0,3,0,1,0
1701.3,17,4,1,0,1,0,1,0
2522.94,214,9,0,1,3,0,1,0
3955.23,94,7,0,0,3,0,1,0
1185.6,29,5,1,0,6,0,1,0
296.55,697,8,0,0,4,1,1,0
776.58,416,2,0,0,0,0,1,0
1146.03,403,3,1,0,1,0,1,0
174.9,279,4,1,0,3,0,1,0
4396.94,211,7,2,0,3,0,1,0
1264.43,191,3,1,0,4,0,1,0
1605.76,20,9,0,1,1,0,1,0
4296.37,415,4,3,0,1,0,1,0
583.97,383,3,1,0,1,1,1,0
1946.99,247,6,1,0,1,0,1,0
982.53,471,5,3,0,1,0,0,1
912.25,144,4,0,1,3,0,0,0
506.64,106,9,1,0,1,0,0,0
5799.94,619,2,0,0,0,0,1,0
753.33,112,3,0,1,0,0,1,0
2207.17,184,6,2,0,2,0,1,0
168.17,84,5,1,0,3,1,1,0
3568.81,182,1,0,0,6,0,1,0
3140.73,229,6,0,0,2,1,1,0
1208.86,176,7,1,0,0,0,1,0
873.98,130,6,1,0,3,0,1,0
1635.98,64,3,2,0,3,0,1,0
10816.1,185,3,0,0,4,0,1,0
188.06,430,7,0,1,1,0,1,0
2397.13,1,3,1,0,2,0,1,0
440.71,25,1,1,0,0,0,1,0
1075.01,22,7,1,0,3,0,1,0
855.87,461,4,1,0,2,0,1,0
714.57,195,7,0,1,0,0,1,0
1085.22,545,2,2,1,1,0,1,0
352.77,157,1,1,0,2,0,1,0
3069.23,111,2,3,1,3,0,1,0
182.34,282,6,2,0,2,0,1,0
1881.39,31,5,0,0,1,0,1,0
791.13,86,4,3,0,0,0,1,0
340.04,113,5,0,0,1,0,1,0
1342.63,63,6,0,0,1,0,1,0
231.15,83,4,1,0,3,0,1,0
1141.06,14,3,2,0,4,0,1,0
264.31,39,4,2,0,3,0,1,0
1739.36,73,3,1,0,3,0,1,0
435.13,286,6,1,0,3,0,1,0
698.55,36,5,1,1,2,0,1,0
1471.37,76,5,2,1,2,0,1,0
506.47,12,2,0,1,2,1,0,1
1034.88,146,3,2,1,2,0,1,0
241.33,170,6,2,0,1,0,1,0
2060.85,361,4,0,0,4,0,1,0
6405.51,307,4,0,0,2,0,1,0
17893.79,60,5,1,0,0,1,1,0
1201.31,26,8,0,1,1,0,1,0
2411.98,30,3,1,0,2,0,1,0
184.82,625,6,1,1,2,1,1,0
4928.23,201,5,3,0,1,0,1,0
2383.27,7,0,1,0,1,0,1,0
675.91,26,3,3,1,1,0,1,1
3778.87,119,11,0,0,0,0,1,0
850.24,41,2,2,0,1,0,1,0
693.66,293,4,2,0,2,0,1,0
1763.99,153,3,2,0,1,1,1,0
378.66,170,5,1,0,2,0,1,0
3046.12,111,4,3,0,4,1,1,1
381.46,53,2,3,1,2,1,1,1
383.73,160,2,1,0,0,0,1,0
441.56,227,4,0,0,0,0,1,0
2343.73,83,4,2,0,2,0,1,0
591.83,126,6,2,0,1,0,1,0
284.86,329,3,2,0,5,0,0,0
598.44,28,4,1,0,1,0,1,0
1062.05,141,2,0,0,2,0,1,0
336.64,77,1,1,0,0,1,1,0
346.65,218,10,2,0,3,0,1,0
9057.03,3,3,0,0,2,0,1,0
463.79,199,3,1,0,0,0,1,0
793.9,19,5,2,0,0,0,1,0
759.58,12,4,0,0,1,0,1,0
719.56,232,3,0,0,1,0,1,0
2041.31,184,4,2,0,0,0,1,0
2830.31,405,3,0,0,2,1,1,0
807.58,131,8,1,0,0,0,1,0
318.47,135,5,1,1,2,0,1,0
3922.33,220,5,0,0,4,0,1,0
996.91,70,5,1,0,2,0,1,0
6187.72,6,3,0,0,1,0,1,0
116.1,47,4,2,1,0,0,1,0
1333.29,48,5,1,0,2,0,1,0
7469.67,73,5,1,0,2,0,1,0
770.27,517,4,2,0,2,0,1,0
875.25,294,4,1,0,3,0,1,0
1473.67,494,0,1,0,1,1,1,0
627.16,1184,5,0,0,1,0,1,0
802.66,102,5,0,0,0,0,1,0
782.26,46,2,0,0,1,0,1,0
585.57,147,3,2,0,3,0,1,0
3747.55,383,2,1,0,1,0,1,0
1739.02,112,5,0,1,2,0,1,0
1408.99,126,2,0,0,4,0,1,0
2461.61,25,3,1,0,4,0,1,0
841.89,98,1,1,0,4,0,1,0
505.63,88,8,2,0,2,0,1,0
600.27,78,5,0,1,2,0,1,0
1098.59,392,10,0,0,0,0,1,0
380.23,11,9,0,0,3,1,1,0
664.97,644,6,1,1,1,0,1,0
654.51,1,3,2,0,2,0,1,0
9177.92,524,10,1,0,5,0,1,0
68.46,142,9,1,1,2,0,1,0
916.33,218,4,0,0,5,1,1,0
6159.15,37,7,1,0,1,0,0,0
1238.73,191,2,2,1,0,0,1,0
2329.52,384,6,0,0,2,0,1,0
1211.76,27,7,1,1,3,0,1,0
562.65,24,1,0,0,2,0,1,0
116.52,65,4,1,0,0,0,1,0
1346.76,31,1,0,0,1,0,1,0
504.92,21,3,1,0,2,0,1,0
492.58,204,9,1,0,0,0,1,0
665.82,43,8,0,0,1,1,1,0
6278.34,197,4,4,0,1,0,1,0
12147.0,356,3,1,0,2,0,1,0
1362.68,190,7,0,0,2,0,0,0
688.99,22,6,1,0,3,0,1,0
337.91,153,5,1,1,2,0,1,0
1752.05,90,4,2,0,3,0,1,0
6521.8,75,2,0,0,0,0,1,0
856.33,69,4,1,0,4,0,0,0
101.6,477,1,1,0,0,0,1,0
2143.19,244,4,4,0,1,0,1,0
2937.75,25,11,2,0,2,0,1,0
224.56,116,6,2,0,4,0,1,0
1308.3,68,2,1,0,3,0,0,0
1721.97,686,2,3,0,3,0,1,0
1019.32,687,6,2,0,0,0,1,0
497.32,69,5,0,0,1,1,1,0
3028.85,78,8,2,0,3,0,1,0
732.61,164,3,2,0,2,0,1,0
248.34,117,5,2,0,0,0,0,0
141.25,43,4,2,0,3,0,1,0
3869.38,194,7,1,1,3,0,1,0
2031.77,73,5,0,0,2,0,1,0
1197.48,190,6,1,0,4,0,0,0
706.08,87,9,1,1,3,0,1,0
646.13,216,7,1,0,1,0,1,0
374.0,198,6,0,0,2,0,1,0
712.33,127,7,2,1,1,0,1,0
131.62,219,8,1,0,1,0,1,0
525.28,111,9,3,0,1,0,1,0
803.57,22,4,1,1,3,0,1,0
2018.04,36,3,0,0,2,1,1,0
1053.71,50,5,0,0,2,0,1,0
2428.24,11,9,3,0,2,0,1,1
4226.52,223,3,3,0,1,0,1,0
3159.5,82,5,1,0,3,0,0,0
1755.5,17,4,2,0,1,0,1,0
1109.72,308,3,2,0,0,0,1,0
411.25,207,8,1,0,1,0,1,0
2298.34,108,2,1,0,4,0,1,0
5882.56,51,5,0,0,1,0,1,0
1543.96,29,8,0,0,4,0,1,0
7459.62,110,3,0,0,2,0,1,0
238.51,389,6,0,0,2,1,1,0
345.79,37,6,0,0,4,0,1,0
2579.11,151,6,0,0,2,0,1,0
1428.37,587,5,0,0,1,0,1,0
4079.71,182,8,1,1,2,1,1,0
1079.8,104,3,1,1,1,0,1,0
460.37,226,4,0,1,1,0,1,0
885.73,313,6,0,0,4,0,1,0
236.82,160,1,2,0,0,0,1,0
354.75,369,5,3,0,1,0,1,0
2899.94,130,8,3,0,3,0,1,0
2624.87,318,5,2,1,2,1,1,0
1576.57,546,7,0,1,1,0,1,0
196.16,125,3,2,0,2,0,1,0
766.32,167,6,3,1,2,1,1,1
322.14,169,4,1,0,3,0,1,0
3556.5,273,4,1,0,2,0,1,0
611.72,311,3,2,1,2,1,1,0
370.28,4,9,4,0,2,0,1,0
1129.8,237,8,1,0,2,0,1,0
578.16,275,6,0,0,2,0,1,0
4835.52,216,5,0,0,1,0,1,0
525.94,225,1,2,0,8,1,1,0
270.64,7,2,2,0,2,0,1,0
127.37,105,5,0,0,2,0,1,0
1063.39,306,2,1,1,2,0,1,0
625.2,489,4,4,1,3,0,1,0
262.72,46,14,0,0,4,0,1,0
3601.93,155,4,1,0,0,0,1,0
2137.19,293,4,2,0,1,0,1,0
1066.12,251,3,1,1,0,0,0,0
4291.22,173,3,1,1,0,0,1,0
2127.15,3,3,0,0,1,0,0,1
481.61,231,4,2,0,1,0,1,1
387.91,267,4,2,0,1,1,1,0
2484.88,230,5,0,0,0,0,1,0
1630.05,261,5,0,0,0,0,1,0
1299.52,101,7,1,0,1,0,1,0
470.36,913,7,1,0,4,0,1,0
2014.14,265,3,0,0,1,0,1,0
515.17,155,6,2,1,1,0,1,0
990.31,489,5,2,1,0,0,1,0
4660.81,429,4,0,0,0,0,1,0
566.32,303,8,2,0,0,0,1,0
227.47,149,1,2,0,1,0,1,0
382.78,134,2,1,0,3,0,1,0
2964.01,71,6,1,0,3,0,1,0
1414.78,51,4,2,1,2,0,1,0
964.03,129,3,2,1,0,0,1,0
659.12,155,4,2,0,3,0,1,0
1781.77,50,3,2,0,1,0,1,0
469.14,460,5,0,0,1,0,1,0
1488.71,146,5,0,0,2,1,0,0
527.81,134,3,1,0,0,0,1,0
446.9,102,5,1,0,0,0,1,0
579.7,10,8,0,0,0,0,1,0
753.4,385,4,1,0,2,0,1,0
1044.37,68,7,4,0,1,1,1,0
1387.77,185,4,1,0,2,0,1,0
27.43,168,4,1,0,5,0,1,0
488.99,158,5,0,0,3,0,1,0
741.32,134,5,0,0,2,1,1,0
4939.71,36,5,1,1,3,0,1,0
372.41,59,4,1,0,5,0,1,0
1290.51,133,7,0,1,2,0,1,0
4890.4,280,2,1,0,4,0,1,0
295.02,101,8,0,0,3,0,1,0
1626.16,41,4,2,0,1,0,1,0
491.63,16,6,1,0,3,0,1,0
662.07,195,5,0,1,10,0,1,0
491.22,99,2,1,1,1,0,1,0
527.5,24,5,2,0,2,0,1,0
16679.11,202,5,0,0,0,1,0,0
2551.55,41,7,1,0,2,0,1,0
3300.2,128,9,1,0,1,1,1,0
1793.62,65,4,1,0,1,0,1,0
220.03,483,4,1,0,1,0,1,0
1627.76,46,4,2,0,2,0,1,0
3206.48,98,4,1,0,0,0,1,0
467.13,577,4,3,0,2,1,1,0
2879.37,69,4,1,0,4,0,1,0
2217.94,186,3,0,0,3,0,1,0
6988.63,68,4,0,0,0,0,1,0
722.14,21,7,2,0,3,0,1,0
365.91,177,7,2,1,2,0,1,0
763.85,445,2,1,0,1,0,1,0
4608.1,108,6,1,0,5,0,1,0
176.2,177,7,1,1,0,0,1,0
138.6,168,5,1,0,2,0,1,0
1199.18,96,5,2,0,0,0,1,0
704.45,171,2,1,1,1,0,0,0
1105.14,54,8,0,0,2,1,1,0
2822.31,85,3,1,0,4,0,1,0
631.08,105,4,1,0,1,0,1,0
168.51,359,6,2,0,1,0,1,0
8471.66,77,1,4,0,2,0,1,0
404.55,181,6,3,0,0,0,1,0
380.3,43,2,1,1,2,0,1,0
3306.75,52,10,0,1,2,0,1,0
746.59,188,4,2,0,0,1,0,0
1029.28,258,7,0,0,4,0,1,0
1777.19,111,6,1,0,2,0,1,0
3240.82,73,3,2,1,1,1,1,0
785.67,433,4,0,0,2,0,1,0
5013.81,26,2,1,0,2,0,1,0
129.57,229,12,0,1,0,1,1,0
2344.41,210,4,2,1,1,1,1,1
473.65,210,7,2,1,1,0,1,0
4325.45,493,5,2,0,5,0,1,0
1264.01,234,3,0,0,3,1,1,0
559.53,64,6,0,0,1,0,1,1
2127.79,78,4,4,0,0,1,1,0
2678.97,89,5,1,1,3,0,1,0
2083.69,5,4,0,0,1,0,1,0
391.62,440,4,0,0,3,0,1,0
675.86,13,1,0,0,5,0,1,0
1092.18,216,7,1,0,2,1,1,0
1052.31,235,5,1,0,1,0,1,0
2320.98,334,4,1,0,3,0,1,0
146.22,145,7,1,0,4,1,1,0
1532.0,232,4,1,0,2,0,0,0
820.59,64,3,2,0,1,0,1,0
474.14,246,4,0,1,2,1,1,0
521.92,75,6,0,0,2,0,1,0
884.89,419,3,1,0,2,0,0,0
29.93,32,8,2,1,1,0,1,0
543.87,68,6,1,0,2,1,1,0
456.77,124,6,0,0,1,0,1,0
1868.3,269,5,0,0,3,0,0,0
490.03,248,2,3,0,2,1,1,1
884.38,42,6,0,0,0,0,1,0
5127.0,28,6,1,0,1,0,1,0
2964.17,65,3,0,0,3,1,1,0
2703.42,119,2,0,0,2,0,1,0
665.23,139,3,0,0,1,0,1,0
1887.54,100,3,1,0,2,0,1,0
867.92,195,6,1,0,2,1,1,0
901.36,100,4,1,0,2,0,1,0
1651.91,526,3,0,1,3,0,1,0
603.66,54,11,2,0,1,1,0,0
4880.5,177,2,0,1,2,0,1,0
934.37,170,5,0,0,3,1,1,0
2035.22,59,4,1,0,2,0,0,0
4701.33,95,2,1,0,1,0,1,0
3076.83,81,11,0,0,5,1,1,0
268.03,34,6,1,1,0,0,1,0
1711.11,116,11,1,0,0,0,1,0
2567.58,87,9,3,0,0,0,1,0
2675.42,35,5,0,0,0,0,1,0
360.22,107,6,1,0,2,0,1,0
568.48,98,7,1,0,3,0,1,0
2964.78,25,8,0,0,0,0,1,0
511.96,25,4,0,0,4,0,1,0
812.65,187,10,2,1,2,0,1,0
5302.19,220,8,2,0,0,0,1,0
1045.45,509,5,1,0,4,1,1,0
530.18,16,9,1,0,0,0,1,0
455.95,22,5,1,0,0,0,1,0
1529.54,9,1,2,0,2,0,1,0
289.12,136,5,0,0,4,0,1,0
856.34,175,10,2,0,3,0,1,0
1530.32,93,7,2,0,2,1,1,0
4020.45,287,7,0,0,2,0,1,0
2137.83,208,3,1,0,2,0,1,0
536.97,766,9,1,0,3,0,1,0
3563.22,26,6,0,1,4,0,1,0
812.8,10,6,1,0,4,0,1,0
318.71,57,0,0,0,1,0,1,0
923.3,3,4,3,0,0,0,1,0
4620.09,485,6,1,0,0,1,1,0
1293.67,65,7,1,1,2,1,0,0
1110.45,144,4,0,0,2,0,1,0
5637.59,68,3,1,0,3,0,1,0
262.08,50,8,0,0,2,0,1,0
303.2,29,4,1,0,1,0,1,0
217.93,69,2,1,0,4,0,1,0
1591.84,172,4,1,0,1,0,1,0
1295.29,641,4,0,1,2,0,1,0
5129.36,146,6,0,1,2,0,1,0
1398.95,136,6,0,0,4,0,1,0
732.05,6,5,0,0,1,0,1,0
1098.6,329,4,0,0,5,0,1,0
1233.62,8,4,2,0,2,0,0,0
206.07,426,7,0,0,2,0,1,0
16487.07,139,3,2,0,5,0,1,0
1844.33,33,4,0,0,2,0,1,0
1352.9,108,5,2,0,2,1,1,0
2028.73,953,1,2,1,1,0,1,1
2229.23,65,5,1,0,1,0,0,0
952.84,56,8,0,1,1,0,1,0
583.33,22,4,1,1,1,0,1,0
1997.1,163,2,1,0,2,0,1,0
1612.77,16,4,0,1,1,1,1,0
487.9,261,4,2,0,2,0,1,0
4532.53,452,4,1,0,2,0,1,0
1470.49,483,5,1,0,1,0,1,0
2275.19,20,7,0,0,1,0,1,0
4411.28,147,6,1,0,3,0,1,0
1120.9,18,6,1,0,4,0,1,0
1505.61,152,11,1,1,3,1,1,1
2465.2,303,4,2,0,3,0,1,0
531.2,138,4,1,0,3,0,1,0
1157.54,370,6,0,0,0,0,1,0
1243.33,291,3,2,0,2,0,1,0
421.55,58,3,0,0,1,0,1,0
11132.64,179,3,3,0,0,0,0,0
268.46,1,5,0,1,2,0,1,1
299.43,90,6,0,0,3,0,1,0
4081.53,48,1,1,0,1,0,1,0
2237.84,497,8,3,0,2,0,1,0
393.09,93,4,0,0,3,0,1,0
2012.81,191,6,0,1,1,0,1,0
4759.27,237,6,0,0,3,0,1,0
1063.94,267,6,0,0,1,0,1,0
14747.41,239,2,2,1,3,0,1,0
195.57,61,3,0,0,2,0,1,0
2194.75,208,6,2,0,4,1,0,0
3521.1,143,2,2,0,2,0,1,0
2674.04,163,4,0,0,1,0,1,0
893.95,1,5,1,0,0,0,1,0
820.21,53,8,0,0,6,1,1,0
1709.82,480,4,2,1,1,1,0,0
2479.36,61,7,0,0,3,0,1,0
2003.14,103,3,0,0,2,0,1,0
3102.79,37,2,3,0,1,0,1,0
395.89,26,3,1,0,3,0,1,0
873.26,42,7,0,1,3,0,0,0
428.37,145,9,2,0,0,0,1,0
745.37,452,9,3,0,1,0,1,0
3026.68,71,8,0,0,3,0,1,0
1221.68,70,5,1,0,1,0,0,0
14866.4,149,5,1,0,4,1,1,0
1330.63,79,3,0,1,2,0,1,0
1164.09,434,4,0,1,0,0,1,0
1219.48,85,5,1,1,1,0,1,0
579.51,121,7,0,1,1,0,1,0
1035.01,137,3,1,0,3,0,1,0
3387.3,274,2,0,0,0,0,1,0
1229.02,149,8,1,0,4,0,1,0
495.98,49,3,1,0,1,0,1,0
434.81,23,9,1,0,2,1,1,0
699.1,499,2,1,0,3,1,1,0
1180.7,291,7,0,0,3,0,1,0
3617.67,4,5,1,0,1,0,1,0
287.01,310,5,0,0,2,0,0,0
796.46,160,4,1,0,1,0,1,0
1266.88,131,4,1,0,2,1,1,0
175.26,2,3,1,1,2,1,1,0
476.47,273,7,0,1,4,0,1,0
555.63,39,6,1,0,1,0,1,0
494.74,234,9,1,0,1,0,1,0
1328.61,2,2,2,0,3,0,1,0
933.97,286,1,4,0,3,1,1,0
629.37,4,6,2,0,1,0,1,0
1682.38,48,5,2,0,1,0,1,0
6143.04,56,8,0,0,2,0,1,0
5649.13,30,5,1,0,3,0,1,0
160.33,118,6,0,0,7,0,1,0
1952.9,60,5,1,1,1,0,1,0
917.8,900,3,0,1,1,0,1,0
1280.69,156,3,1,0,2,0,1,0
736.36,150,5,0,1,1,0,1,0
1233.47,44,1,1,0,1,0,1,0
1275.9,94,1,0,0,4,0,1,0
614.65,23,4,4,0,2,0,1,0
447.48,258,3,0,0,7,0,1,0
700.16,72,3,4,0,4,0,1,0
1386.11,250,5,3,0,2,0,1,0
1996.19,83,7,1,1,0,0,1,0
2574.34,807,5,0,0,0,1,1,0
669.02,33,8,2,0,1,1,1,1
1456.58,1,4,2,0,4,1,1,0
2871.25,162,4,0,1,2,0,1,1
3517.81,550,7,0,0,1,0,0,0
1033.98,187,4,1,0,1,1,1,0
879.25,16,3,1,0,1,0,0,0
1327.59,139,2,2,0,2,0,1,0
347.34,432,6,1,0,1,0,1,0
903.6,1,8,0,1,2,0,1,0
2309.04,32,3,0,0,5,0,1,0
2083.8,303,0,2,1,1,0,1,0
836.92,403,7,1,1,3,0,1,0
1363.37,221,9,0,0,1,0,1,0
480.75,859,10,0,0,2,1,1,0
2216.07,17,8,0,0,2,0,1,0
1014.53,142,5,1,1,4,0,1,0
832.18,207,6,0,1,2,0,1,0
763.78,218,6,2,0,2,1,1,0
1029.79,283,3,2,0,2,0,1,0
700.73,449,6,2,0,3,0,1,0
2117.82,80,4,2,0,2,0,1,0
738.57,7,5,0,0,5,0,1,0
5393.58,81,4,0,0,2,1,1,0
4746.73,200,5,0,1,3,1,1,1
449.64,43,8,0,0,0,0,1,0
1175.8,298,8,1,0,1,0,1,0
572.12,44,5,0,1,2,0,1,0
791.04,1,4,1,0,3,0,1,0
8122.78,127,5,1,0,1,0,0,0
806.28,233,7,0,0,2,0,0,0
1572.19,77,3,1,0,2,1,1,0
1884.32,248,5,1,1,0,1,1,0
403.17,103,6,1,0,3,0,1,0
466.34,33,5,1,0,0,0,1,0
328.32,17,7,0,0,1,0,1,0
452.16,223,9,1,0,0,0,1,0
63.43,87,5,3,0,0,0,1,0
1890.47,439,10,0,0,2,1,1,0
8554.34,139,5,2,1,5,0,1,0
1271.33,77,13,2,0,1,0,1,0
266.06,77,4,1,0,2,1,1,0
576.64,25,4,1,0,3,0,1,0
693.06,162,9,0,0,3,0,1,0
396.4,157,5,1,1,0,0,1,1
2591.99,289,7,5,0,1,1,1,0
2465.77,40,3,4,0,2,0,1,0
345.35,61,8,2,0,4,0,1,0
2264.44,18,2,2,0,0,0,1,0
5048.33,63,4,1,1,2,1,1,0
7350.75,100,3,1,0,1,0,1,0
19248.95,598,6,3,0,2,0,0,1
444.97,190,8,2,1,1,1,1,0
18475.86,274,6,2,1,0,0,1,0
769.54,70,3,1,0,4,1,1,0
606.4,28,4,2,0,1,0,1,0
1520.92,53,5,2,0,2,0,0,0
612.74,53,5,3,0,2,0,1,0
1634.42,157,0,2,0,0,0,1,0
292.93,75,6,2,0,4,0,1,0
863.72,350,4,1,0,2,0,1,0
3966.27,804,5,1,1,0,0,1,0
1035.81,75,7,1,0,1,0,1,0
1263.44,219,6,1,0,2,0,1,0
1763.86,192,4,1,1,1,0,1,0
3535.68,38,3,1,0,4,0,1,0
209.51,450,7,0,1,4,0,1,0
1967.51,40,4,1,0,1,0,1,0
838.71,240,8,1,1,3,0,1,0
1295.48,76,8,0,0,2,1,1,0
3165.13,82,1,0,0,1,0,1,0
332.23,109,8,0,0,2,0,1,0
398.36,359,4,2,1,2,0,1,0
158.31,27,3,0,0,2,0,1,0
633.23,10,3,1,0,1,0,1,0
4148.21,92,6,1,0,2,0,1,0
972.06,10,5,0,0,1,0,1,0
287.11,209,4,2,1,2,0,1,0
674.74,257,9,4,1,1,0,1,0
247.68,347,6,0,0,3,0,1,0
355.96,245,4,1,0,2,0,1,0
1617.79,446,6,0,0,1,0,0,0
339.04,248,5,1,1,0,0,1,0
3336.36,495,6,1,0,3,0,1,0
1021.35,38,2,0,0,2,1,0,0
1194.63,124,4,0,1,3,0,1,0
830.17,918,5,0,0,3,1,1,0
2375.23,205,4,0,1,2,0,1,0
2399.85,379,3,1,1,2,0,1,0
1533.11,5,7,0,0,1,0,1,0
1929.06,369,5,1,0,5,0,1,0
887.06,215,7,1,0,3,0,1,0
1885.98,33,5,1,1,2,0,1,0
782.21,4,6,1,0,0,0,1,0
1099.08,54,10,2,0,3,0,1,0
833.27,445,6,0,0,2,0,1,0
694.21,198,6,0,0,2,0,1,0
550.53,453,7,1,0,6,0,1,0
1750.56,106,8,2,0,5,0,1,0
4066.78,496,2,1,0,1,0,1,0
3537.24,111,10,1,0,0,0,1,0
312.13,41,8,1,1,5,0,1,0
3980.66,29,8,0,0,1,0,1,0
797.79,915,10,0,0,1,0,1,0
1999.66,73,3,3,0,0,0,1,0
443.1,31,9,1,0,2,0,0,0
1263.93,1,6,3,0,1,0,1,1
1500.75,60,7,2,0,1,0,0,0
248.49,395,4,0,0,0,0,1,0
2014.78,137,4,0,0,3,0,1,0
4213.02,180,4,0,1,2,0,1,0
920.9,460,4,1,1,3,0,1,0
4273.41,129,6,0,0,4,0,1,0
907.15,327,3,0,0,3,0,1,0
2564.67,70,8,0,1,4,0,1,0
119.27,679,6,0,0,4,0,1,0
12317.52,14,6,1,0,2,0,1,0
4892.5,232,3,0,1,1,0,1,0
824.99,194,5,1,0,1,0,1,0
152.61,38,2,0,0,1,0,1,0
1462.68,88,6,0,0,2,0,1,0
258.8,67,4,1,0,3,0,1,0
1711.03,17,6,2,0,1,1,1,0
1655.02,158,1,1,1,4,0,0,0
427.77,911,7,0,0,1,0,1,0
3364.27,147,9,2,0,2,0,1,0
2454.25,141,5,2,0,4,0,1,0
2909.75,7,2,2,1,0,0,1,0
1106.39,26,4,3,0,1,0,1,1
266.26,129,4,0,0,2,0,1,0
2915.72,758,6,2,0,2,1,0,0
836.84,376,4,0,1,2,0,1,0
273.2,74,4,2,0,3,0,1,0
4238.82,140,5,0,0,1,0,1,0
8949.99,144,5,0,0,1,0,1,0
1052.32,208,9,0,0,0,0,1,0
9500.7,209,2,1,1,0,0,1,0
1201.49,280,4,1,0,0,0,0,0
749.6,4,3,0,1,1,0,0,0
583.79,517,3,0,0,3,0,1,0
5636.86,13,2,1,0,2,0,1,0
502.63,116,3,0,0,3,0,0,0
2287.62,453,5,1,0,2,0,1,0
626.93,120,5,1,0,1,0,1,0
692.07,11,7,0,0,0,1,1,0
3072.51,46,6,1,0,2,0,1,0
749.92,155,3,0,0,3,0,1,0
731.58,16,8,0,0,2,0,1,0
3404.33,99,7,2,0,2,0,1,0
5417.54,71,5,0,0,1,0,1,0
2089.52,303,7,1,0,3,1,1,0
569.77,21,6,2,0,3,0,1,0
658.12,206,2,0,0,0,0,1,0
1187.87,93,9,0,0,1,0,1,0
1511.61,159,5,0,0,2,0,1,0
408.35,41,3,2,1,3,0,1,0
2259.81,169,2,2,1,2,0,1,0
1194.54,201,2,4,0,2,0,1,0
197.21,13,8,0,0,0,0,1,0
433.15,313,5,0,0,0,1,1,0
662.4,355,2,1,0,1,1,1,0
1019.58,11,1,3,0,2,0,1,0
7253.79,166,8,0,0,2,0,1,0
1391.55,162,6,1,0,0,0,1,0
473.06,2,5,0,0,0,0,0,0
1367.35,75,5,1,1,3,1,0,0
771.17,624,5,2,0,3,0,1,0
1517.41,145,5,0,0,2,0,1,0
1959.74,487,3,0,0,3,0,1,0
3674.71,202,5,2,1,1,0,1,0
1070.32,5,6,1,1,1,0,1,1
5647.46,14,5,0,0,4,0,1,0
2719.01,230,7,2,0,1,1,1,0
540.54,145,3,0,1,2,0,1,1
9995.15,24,6,1,0,2,0,1,0
1520.8,171,3,2,0,5,0,1,0
475.74,299,5,1,0,2,0,1,0
5726.8,251,2,2,0,1,0,1,0
8758.48,50,3,0,0,2,0,1,0
1061.01,53,7,1,0,1,0,1,0
662.72,618,7,1,0,1,0,1,0
923.0,393,7,0,1,1,0,1,0
2241.12,68,10,0,1,2,0,1,0
3935.75,312,5,0,0,2,0,0,0
1940.09,31,6,1,0,2,1,0,1
1214.06,39,6,2,0,1,0,1,0
4905.01,35,4,1,0,3,0,1,0
802.04,16,5,3,0,2,1,1,1
3074.57,347,3,3,0,3,0,1,0
822.16,155,7,0,0,2,0,1,0
1687.53,53,4,1,0,2,0,1,0
978.91,339,5,3,0,5,0,1,0
1037.06,292,8,0,0,2,0,1,0
751.91,19,3,0,1,2,1,1,0
4208.47,185,7,1,0,2,1,1,0
526.93,230,4,1,1,2,0,1,0
523.1,226,4,1,1,4,0,1,0
9145.28,231,3,0,0,1,0,1,0
2915.65,33,3,0,1,1,0,1,0
100.98,68,3,1,0,2,0,1,0
623.12,334,6,3,0,5,0,1,0
179.11,411,6,0,0,0,0,1,0
423.82,58,6,0,1,5,0,1,0
47.54,4,2,1,0,2,1,1,0
956.24,353,6,0,0,1,0,0,0
350.04,85,5,0,1,0,1,1,0
1164.33,71,5,2,0,1,0,1,0
215.91,76,3,1,0,2,0,1,0
1191.43,96,3,3,0,2,0,1,0
724.21,85,4,3,0,2,0,1,0
4924.38,150,2,0,1,0,0,0,0
4497.86,14,7,0,0,1,0,1,0
2405.1,640,9,3,0,3,1,1,0
791.07,496,6,0,0,1,0,1,0
7985.48,490,0,1,0,2,0,1,0
232.05,380,5,1,0,0,0,1,0
269.47,194,10,2,1,1,0,1,1
1008.5,44,7,1,0,4,0,1,0
10446.67,9,5,0,1,1,0,1,0
895.75,18,6,2,0,2,0,1,0
913.02,70,4,1,0,4,0,1,0
259.33,126,3,0,0,0,0,1,0
2824.06,899,3,1,0,4,0,1,0
2844.6,102,5,3,1,0,0,1,0
2414.08,133,4,4,0,2,1,1,0
584.51,213,3,2,1,3,0,1,0
540.93,35,3,2,0,1,1,1,0
300.93,486,8,2,0,1,0,1,0
1192.58,135,3,2,1,3,0,1,0
372.26,58,6,0,0,3,0,1,0
337.84,492,3,3,0,0,0,1,0
717.88,176,8,1,0,1,1,1,0
672.39,118,6,1,0,5,0,1,0
640.35,156,6,0,0,5,0,1,0
1748.38,248,4,0,1,2,1,1,1
1186.84,30,3,1,0,4,0,1,0
822.09,360,5,1,0,2,0,1,0
1316.87,577,3,0,0,2,0,1,0
406.86,150,4,1,1,1,0,1,0
1218.38,206,3,2,0,1,1,1,0
1274.87,353,3,1,0,3,1,1,0
243.95,84,3,1,0,0,0,1,0
2968.15,888,3,2,0,5,0,1,0
454.21,205,4,0,0,2,0,1,0
1200.28,99,7,3,0,1,0,1,0
3513.65,203,4,1,0,2,0,1,0
2767.44,132,0,1,0,3,0,0,0
1134.94,21,4,0,0,1,1,1,0
763.19,286,5,2,0,2,1,1,0
2828.53,149,5,0,0,5,0,1,0
2153.17,285,6,1,0,2,0,1,0
590.89,30,5,1,0,2,0,1,0
495.27,139,4,1,0,1,1,1,0
138.05,261,4,1,0,1,0,1,0
1279.25,800,4,1,0,0,1,1,0
1009.59,388,8,1,0,3,0,1,0
3415.88,359,3,2,0,2,1,0,0
1570.35,51,4,0,0,2,0,1,0
4163.99,327,6,1,0,1,1,1,0
546.01,33,8,0,1,1,0,1,0
3422.58,39,4,0,1,1,0,1,0
646.18,20,6,0,0,4,0,1,0
2386.53,350,8,2,1,2,0,1,0
254.99,20,7,0,0,7,0,1,0
1387.33,26,5,1,0,1,0,0,0
150.7,50,8,0,0,2,0,1,0
839.55,153,6,1,0,0,0,1,0
1703.35,381,3,2,0,5,0,1,0
651.34,97,7,2,0,1,0,0,0
383.59,142,3,0,0,4,0,1,0
2555.79,32,5,1,0,1,0,1,0
988.84,55,2,0,0,4,0,1,0
672.11,25,5,2,0,2,0,1,0
1143.55,94,4,0,0,3,0,1,0
15316.24,160,4,0,0,1,0,1,0
3475.53,60,2,2,1,3,0,1,0
3507.2,336,5,1,1,2,0,0,0
1695.18,715,4,0,0,2,0,1,0
1295.28,23,9,0,0,3,0,0,0
99.87,3,6,1,0,0,0,1,0
556.14,280,6,0,0,1,0,1,0
678.19,38,4,0,0,3,0,1,0
168.19,78,10,2,0,0,0,0,1
344.67,90,3,3,0,1,1,1,0
151.28,447,5,2,0,2,0,1,0
1055.4,193,4,0,0,2,0,0,0
2486.83,7,8,2,0,1,0,1,0
3316.86,2,10,1,0,2,0,1,0
1660.35,40,5,1,1,0,0,1,0
418.47,68,4,2,0,2,1,1,0
158.85,119,6,3,0,0,0,1,0
189.26,327,9,0,1,2,0,0,0
308.28,68,3,0,0,2,0,1,0
450.85,85,3,1,1,2,0,1,0
934.72,71,5,1,0,0,0,1,0
397.75,1,5,1,0,3,0,1,0
1539.14,559,3,1,1,3,1,1,0
869.33,26,3,1,0,2,0,1,0
1108.26,61,7,0,0,3,0,1,0
3429.78,24,1,0,0,2,0,1,0
336.89,121,3,1,0,4,0,1,0
1666.87,484,6,1,0,2,0,1,0
1081.42,19,4,2,0,2,0,1,0
785.65,104,4,1,0,3,0,1,0
2657.81,4,4,0,1,1,0,0,1
2641.27,265,1,0,0,4,1,1,0
425.6,184,6,4,0,3,0,1,0
914.01,216,4,0,0,3,0,1,0
1452.75,115,2,1,0,0,0,1,0
834.63,428,7,1,0,3,0,1,0
1968.49,94,6,0,0,2,0,1,0
1452.72,129,6,1,1,2,0,1,0
6853.82,213,5,1,0,2,0,1,0
237.39,132,4,0,0,1,0,1,0
970.26,37,5,2,0,0,0,1,0
442.08,68,8,1,0,2,0,1,0
2006.42,17,6,1,0,2,1,1,0
217.64,102,6,0,0,2,0,1,0
1550.47,169,4,1,0,3,0,0,0
584.03,22,4,2,0,2,0,1,0
526.28,179,5,1,0,6,0,1,0
258.14,402,3,1,1,3,0,1,0
688.78,74,6,0,0,0,0,0,0
3243.8,45,7,1,0,1,0,1,0
1069.36,402,4,0,0,3,0,1,0
2054.28,211,6,3,1,1,0,1,0
5794.37,20,3,2,0,1,0,1,0
1427.61,94,4,1,0,4,0,1,0
627.16,201,7,0,0,3,0,1,0
1749.79,153,2,1,0,3,0,1,0
636.32,173,5,1,0,8,0,0,1
662.21,150,7,1,1,5,0,1,0
239.87,287,1,2,0,6,1,1,0
2769.04,69,4,0,0,2,0,1,0
745.46,221,7,2,0,4,0,1,0
1315.67,849,6,1,0,1,0,1,0
389.18,88,4,0,1,1,1,1,0
1695.86,281,7,1,0,5,0,1,0
511.86,50,4,2,0,3,0,1,0
951.74,59,3,2,0,3,1,1,0
2638.13,491,5,1,0,2,0,0,0
2418.15,4,6,0,0,2,0,1,0
1072.74,44,5,0,0,2,0,1,0
187.14,118,3,2,1,1,0,1,0
21868.68,92,4,1,0,4,0,1,0
6284.61,178,5,2,0,3,0,1,0
2258.99,38,6,0,0,4,0,1,0
516.36,13,1,0,0,4,0,0,0
978.88,82,4,3,0,3,0,1,0
636.88,133,7,0,0,2,0,1,0
3881.03,148,7,3,0,1,0,1,1
1425.82,165,9,2,0,2,0,1,0
500.61,143,2,0,0,0,1,1,0
684.88,50,5,1,0,2,0,1,0
3365.02,260,6,1,0,0,0,1,0
5432.19,16,4,3,0,0,0,1,0
5056.0,39,6,3,0,2,0,1,0
2337.96,242,6,0,0,1,0,1,0
851.82,59,3,3,0,2,0,1,0
42.88,122,4,1,0,1,0,1,0
1476.1,71,6,1,0,1,0,1,0
1094.63,127,3,1,0,3,0,1,0
1261.41,76,4,1,0,3,0,1,0
1157.36,927,4,2,0,1,0,1,0
291.12,79,5,0,0,1,0,1,0
1914.88,177,6,0,1,1,0,1,0
2063.62,394,3,0,0,3,0,1,0
2169.69,182,9,1,0,3,0,1,0
2825.89,150,4,2,0,2,0,1,0
2006.31,151,2,0,1,4,0,1,0
727.76,123,4,0,0,1,0,1,0
1021.64,296,2,0,0,4,0,0,0
1201.26,9,4,0,0,0,0,1,0
1221.33,389,7,3,1,5,0,1,0
2975.65,158,6,1,0,2,0,1,0
2087.39,340,7,2,1,1,0,1,0
8754.68,1,5,1,0,3,0,1,0
9961.36,366,4,1,0,3,1,1,0
1187.55,23,8,0,0,1,0,1,0
23.65,229,4,2,0,4,0,1,0
3777.56,96,5,0,0,4,0,1,0
638.82,205,7,3,0,2,1,1,0
492.02,178,1,1,1,2,0,1,0
736.24,32,10,0,0,0,1,1,0
701.6,130,6,1,1,3,0,1,0
2022.86,58,6,0,0,4,0,0,0
230.57,147,7,1,0,1,0,1,0
373.26,241,4,0,0,4,0,1,0
1545.59,15,4,1,0,2,0,1,0
2044.57,130,7,0,0,3,0,1,0
2082.95,173,4,0,0,1,0,1,0
499.18,63,5,1,0,0,0,0,0
412.29,550,2,1,0,3,0,1,0
660.74,132,5,1,0,3,0,1,0
1393.92,36,5,0,0,2,0,1,0
4843.91,20,5,0,0,1,1,0,0
141.54,140,2,0,0,3,0,1,0
879.43,84,7,1,0,5,0,1,0
289.26,38,3,1,1,1,0,0,0
210.14,5,4,1,0,2,1,1,1
2884.07,150,4,2,1,1,0,1,0
1890.55,164,9,1,0,3,0,0,0
1718.89,27,9,1,0,1,1,1,0
2754.6,165,3,2,0,2,0,1,0
678.77,546,4,1,0,2,0,1,0
711.49,689,6,0,0,0,0,1,0
9756.91,394,7,0,1,1,0,1,1
856.99,296,7,0,0,3,1,0,0
2287.31,42,8,1,1,0,0,1,0
1103.65,30,4,3,0,3,0,1,0
172.73,105,5,0,0,2,0,1,0
141.94,173,2,0,0,3,0,1,0
614.63,342,0,0,0,1,1,1,0
3152.97,47,5,0,0,1,0,1,0
2412.19,117,4,0,1,0,0,1,0
2735.52,187,3,2,0,0,0,1,0
408.69,106,6,0,0,1,0,1,0
5518.56,108,5,2,0,4,0,1,0
417.84,45,4,2,0,5,0,1,0
1356.72,777,2,2,0,5,0,1,0
1085.34,116,0,0,0,2,0,1,0
921.61,136,2,2,0,2,1,1,0
4182.2,44,6,1,0,3,0,1,0
541.8,129,3,0,0,2,0,1,0
284.4,53,2,2,0,2,1,1,0
1118.78,40,4,2,1,2,0,1,0
735.22,58,5,1,0,1,0,1,0
32124.78,1,5,1,1,2,0,1,0
2157.07,151,4,1,0,4,0,1,0
728.26,88,8,2,0,2,0,1,0
381.42,412,2,1,0,1,0,1,0
167.29,7,5,2,1,0,0,1,0
393.38,7,5,0,0,0,0,1,0
1230.21,390,2,0,0,3,0,1,0
4570.27,24,5,0,1,2,0,1,0
3366.7,1,6,1,0,4,1,1,0
1378.97,35,4,0,0,2,0,1,0
793.8,312,4,1,1,1,0,1,0
1434.85,292,2,2,1,4,0,1,0
652.86,74,7,0,1,4,0,1,0
6114.17,198,5,3,0,1,0,1,0
907.61,127,3,0,0,0,0,1,0
1005.92,423,6,0,0,3,1,1,0
119.6,10,6,0,0,0,0,1,0
901.96,301,4,0,0,2,0,1,0
2531.29,33,0,3,0,2,0,0,0
377.01,89,5,2,0,2,0,1,0
517.64,38,5,0,0,2,0,1,0
2422.88,218,5,0,0,2,1,1,0
250.47,204,6,1,0,1,0,1,0
3158.34,142,4,1,1,4,0,1,0
644.1,215,2,3,0,4,0,1,0
743.55,183,3,1,1,0,0,1,0
356.42,269,7,0,0,0,0,0,0
1600.46,49,6,0,0,3,0,1,0
12834.24,100,5,2,0,0,0,1,0
2395.86,29,5,1,0,2,0,1,0
462.07,101,5,1,0,1,0,1,0
3413.93,217,4,0,0,3,0,1,0
798.97,211,8,2,0,3,0,1,0
4335.04,222,5,1,0,0,0,1,0
2456.95,66,5,1,0,4,0,1,0
57.79,195,5,2,0,3,0,1,0
401.79,82,1,1,0,4,0,1,0
2819.7,520,3,1,0,3,0,1,0
1276.22,75,4,0,0,2,1,1,0
393.96,166,7,0,0,0,0,1,0
581.97,249,6,0,1,1,0,1,0
163.0,426,4,2,0,1,0,1,0
1003.88,103,4,1,1,1,0,1,0
10003.49,80,5,2,0,3,0,1,0
2452.67,101,5,2,0,1,1,1,0
9802.74,70,6,3,0,0,0,0,0
2650.22,190,5,1,1,4,1,0,0
3064.01,485,5,1,0,2,1,1,0
7895.74,24,7,3,1,2,0,1,0
1599.21,148,4,1,0,2,0,1,0
909.39,410,4,1,0,3,0,1,0
3079.92,18,7,1,0,2,1,1,0
4693.06,122,4,2,0,1,0,1,0
678.6,360,6,2,0,1,0,1,0
532.95,415,6,1,0,1,0,1,0
1259.99,130,4,1,0,0,0,1,0
2518.7,4,11,0,0,5,0,0,1
2435.95,20,4,1,0,3,1,1,0
263.97,159,5,1,0,2,0,1,0
7417.56,23,4,0,0,1,0,1,0
577.57,29,8,2,0,4,0,1,0
841.29,266,3,2,0,4,0,0,0
444.68,250,2,1,0,4,1,1,0
16290.36,333,2,1,1,2,1,1,0
1396.98,20,2,2,0,3,0,1,0
468.26,39,7,0,0,1,0,1,0
2601.71,322,6,0,0,4,0,1,0
2366.43,229,10,2,0,1,0,1,0
908.93,295,4,2,0,2,0,1,0
2541.75,824,8,0,0,2,0,1,0
480.44,359,7,1,1,3,0,1,0
669.87,132,4,2,0,1,0,0,0
146.9,66,2,2,0,0,0,1,0
291.79,151,6,0,0,4,0,0,0
6685.06,183,4,0,1,1,0,0,0
5661.41,73,4,0,1,1,0,1,0
1171.21,265,6,0,1,3,0,1,0
5784.47,17,4,0,0,1,0,1,0
934.42,272,6,4,0,3,0,1,0
859.71,5,4,1,0,2,0,1,0
1160.39,124,5,0,0,0,0,1,0
967.85,355,5,3,0,0,0,1,0
884.31,16,4,1,0,3,0,1,0
3440.59,131,3,1,0,0,0,1,0
1274.28,31,5,0,0,4,0,1,0
2236.08,405,3,1,0,3,0,1,0
3075.99,321,5,1,0,2,1,1,0
1616.77,489,4,2,0,2,0,1,0
415.6,374,1,2,0,1,1,1,0
283.48,240,9,1,0,1,1,1,0
1272.55,36,5,0,0,0,0,1,0
924.03,64,3,1,0,3,0,1,0
1196.78,123,7,1,1,2,0,1,0
1079.17,160,5,0,1,2,0,1,0
14524.23,274,3,0,0,3,1,0,0
289.97,46,6,0,0,1,0,1,0
149.91,24,4,2,0,3,0,1,0
1529.01,118,4,0,0,3,0,1,0
752.63,30,5,0,0,3,0,1,0
1504.28,212,4,0,0,0,1,1,0
1966.25,154,2,1,0,2,0,1,0
3960.42,243,1,1,0,0,0,1,0
242.93,11,3,2,0,1,0,1,0
628.47,601,2,3,0,2,0,1,0
1683.72,1,6,1,1,3,1,1,1
2369.57,70,3,1,0,3,0,1,0
9832.51,204,2,3,1,0,0,1,1
2851.8,8,2,1,0,1,0,1,0
1036.09,15,5,0,0,1,0,1,0
450.14,14,2,0,0,3,0,1,0
623.73,156,7,2,1,3,1,0,0
606.25,407,4,0,0,1,0,1,0
2111.67,145,6,0,0,3,0,1,0
1417.99,166,2,0,0,3,0,0,0
291.88,76,6,0,0,1,0,1,0
709.17,3,11,1,0,3,0,1,0
2637.4,3,8,2,0,3,0,0,0
1558.79,394,4,1,0,0,0,1,0
1936.51,19,4,0,0,3,0,1,0
1608.28,1523,4,1,0,3,0,1,0
5577.14,32,9,3,0,5,0,1,0
1388.59,202,4,1,0,1,0,1,0
745.44,535,8,1,0,2,0,1,0
438.89,80,5,1,0,3,0,1,0
1407.56,238,4,0,0,3,1,1,0
95.52,77,3,0,1,2,1,1,0
912.06,65,4,2,0,3,0,1,0
892.62,40,6,2,0,1,0,1,0
280.21,309,4,0,0,3,0,1,0
433.43,53,6,2,0,0,0,1,0
2464.29,59,6,0,0,1,0,1,0
1381.21,1238,5,0,0,3,0,1,0
1214.14,71,5,2,0,1,0,1,0
1489.73,98,8,0,0,2,1,1,0
1203.06,829,6,1,0,1,0,1,0
3800.4,82,6,0,0,0,0,1,0
1240.7,82,4,0,0,1,0,1,0
255.13,316,6,0,1,3,0,1,0
5597.81,67,0,1,1,2,1,1,1
1588.17,47,3,0,0,3,1,1,0
608.35,99,5,0,0,3,1,1,0
313.12,217,6,1,0,1,0,0,0
1629.31,7,7,1,0,1,1,1,0
975.38,84,3,0,0,2,0,1,0
5293.03,76,5,2,0,3,0,1,0
775.95,50,9,2,0,2,0,1,0
474.67,191,4,0,0,4,0,1,0
2685.97,61,3,0,1,1,0,1,0
2766.34,167,7,0,0,5,0,1,0
1298.09,126,5,0,0,0,0,0,0
2156.75,44,3,2,0,0,0,1,0
1056.07,55,4,2,1,0,0,1,0
1385.57,33,4,5,0,5,1,1,0
3515.69,10,4,1,0,0,1,0,0
2049.43,173,5,1,0,3,0,1,0
925.86,201,3,1,0,0,0,1,0
4240.19,32,2,1,0,0,0,1,0
103.04,171,5,0,0,1,0,0,0
8536.22,723,7,3,1,1,0,1,0
199.15,13,5,1,0,0,0,0,0
585.76,121,4,1,0,0,0,1,0
1052.67,237,5,2,0,4,0,1,0
947.21,8,6,0,0,4,0,1,0
3000.13,271,4,1,0,1,1,1,0
380.76,699,6,2,0,3,0,1,0
1423.35,16,2,0,0,1,0,1,0
615.1,310,2,1,0,1,0,1,0
1473.12,85,6,0,0,1,1,0,0
1027.85,28,4,3,1,3,0,1,0
1203.44,122,6,1,1,0,0,1,0
632.75,13,6,1,1,1,0,0,0
658.48,132,3,3,0,3,1,1,0
1461.58,3,7,2,0,0,0,1,0
2817.81,234,8,2,0,3,0,1,0
602.88,120,5,0,1,3,0,1,0
460.0,110,7,0,0,3,0,1,0
2025.27,39,3,0,0,4,0,1,0
1061.56,80,2,1,0,2,1,1,0
2516.18,36,5,2,0,1,0,1,0
443.28,239,6,2,0,2,0,1,0
185.04,39,9,2,0,2,0,1,0
643.55,172,5,1,0,4,0,1,0
509.61,59,4,0,0,1,0,1,0
1013.55,192,3,2,0,4,0,1,0
580.07,139,5,0,1,2,0,1,0
2300.81,99,4,0,1,0,0,1,0
822.09,201,3,1,0,3,1,0,0
1274.71,96,5,0,0,1,0,1,0
1283.87,310,4,1,0,1,1,0,0
1332.69,235,2,0,0,2,0,1,0
1070.49,140,5,2,0,0,1,1,0
1827.31,377,1,2,0,3,0,1,0
494.89,317,2,0,0,1,0,1,0
4444.48,136,8,1,0,2,0,0,0
865.63,12,3,1,0,0,0,1,0
295.44,150,6,0,0,1,0,1,0
1323.55,79,4,0,0,3,0,1,0
468.16,139,3,1,0,3,1,1,0
2133.11,187,4,0,0,1,1,1,0
9992.65,186,4,0,0,2,0,1,0
499.41,201,6,2,0,1,1,1,0
1529.0,204,4,1,0,3,0,1,0
189.52,20,4,3,0,0,0,1,0
1726.59,38,5,0,0,0,0,1,0
452.27,179,2,2,0,5,0,1,0
587.08,94,6,0,0,2,0,1,0
364.57,259,5,2,1,1,0,1,0
2280.5,24,7,1,0,2,0,1,0
3002.81,38,5,0,0,3,1,1,0
1122.58,147,3,3,0,3,0,1,0
462.0,125,3,0,0,2,0,1,0
5375.05,55,5,1,0,1,0,0,0
517.8,94,4,0,0,3,0,1,0
126.21,6,5,2,0,2,0,1,0
1734.35,6,4,1,0,2,0,1,0
363.3,17,1,1,0,1,0,1,0
2947.19,154,7,3,0,0,0,1,0
749.09,358,8,2,0,3,0,1,0
2005.63,54,4,1,1,0,0,1,0
4453.74,6,6,2,0,5,0,0,0
327.39,221,6,0,0,2,0,1,0
622.7,348,4,1,0,4,0,0,0
1016.71,26,3,1,0,1,0,1,0
5102.83,87,4,2,0,1,0,1,0
567.71,31,5,1,1,0,0,1,0
605.16,20,7,0,0,1,0,1,0
1768.95,188,3,0,0,1,0,1,0
615.71,616,9,4,0,2,0,1,0
1277.33,204,1,0,0,2,0,1,0
232.4,753,3,0,0,4,0,0,0
10039.98,102,4,1,0,0,0,1,0
284.94,410,8,0,0,0,0,1,0
794.92,41,9,1,0,1,0,1,0
1061.59,22,3,1,0,1,1,1,0
7425.6,218,4,0,0,0,1,1,0
291.53,83,6,3,0,2,1,1,0
7972.11,68,5,0,0,2,1,1,0
2338.29,200,5,4,0,1,0,1,0
1664.19,73,3,3,1,0,0,1,0
409.68,152,4,0,0,3,1,1,0
1941.35,64,7,1,1,5,0,1,0
531.93,275,7,0,0,2,0,1,0
3891.93,67,5,3,0,1,0,1,0
415.27,137,6,0,0,3,0,1,0
979.3,4,5,0,1,1,1,1,1
629.37,282,5,1,0,2,0,1,0
408.49,174,6,0,0,2,0,1,0
2301.51,38,9,1,0,0,1,1,0
1873.3,43,4,2,1,1,0,1,0
3673.9,54,6,1,1,4,0,1,0
184.96,154,8,2,0,2,0,1,0
3178.52,143,6,2,1,0,0,1,0
13432.72,57,4,0,0,1,0,1,0
698.1,213,5,1,1,1,0,1,0
7296.49,395,2,0,0,3,0,1,0
842.89,8,7,0,1,6,0,1,0
277.99,97,3,0,1,0,0,0,0
807.84,162,3,0,0,2,0,1,0
3128.17,158,6,1,0,1,0,1,0
474.29,3,8,0,0,0,0,0,0
601.64,42,5,1,1,2,0,1,0
1985.33,11,6,4,0,1,0,1,0
1099.99,151,7,0,0,1,0,1,0
1967.7,186,3,1,0,1,0,1,0
1391.07,31,9,1,1,2,1,1,0
1771.58,72,6,1,0,1,0,1,0
711.73,72,7,1,1,2,0,1,0
1382.61,308,9,0,0,2,0,1,0
433.82,38,10,0,0,0,1,1,0
3977.6,143,5,5,0,2,0,0,0
581.57,274,6,3,0,2,0,1,0
3390.89,318,8,0,0,1,0,1,0
868.17,197,3,0,0,1,1,1,0
1342.11,64,5,3,0,2,0,1,0
668.5,311,3,0,0,0,0,1,0
397.03,243,6,1,0,4,1,1,0
191.57,219,2,0,0,3,0,1,0
381.72,12,5,0,0,2,0,1,0
793.21,7,4,0,0,0,0,0,0
1355.44,213,5,1,1,1,0,1,0
3012.06,521,9,0,0,2,0,1,0
702.22,267,6,1,0,4,0,1,0
453.97,320,1,2,1,5,0,1,0
259.12,141,8,2,0,1,0,0,0
1772.35,65,8,2,0,1,0,1,0
4372.96,203,5,1,0,2,0,1,0
3890.65,224,5,2,1,1,0,1,0
2230.39,202,3,2,1,1,1,1,0
2076.72,527,9,0,0,5,1,1,0
5988.66,82,4,5,0,2,0,1,0
1528.56,7,5,3,1,0,0,1,0
2092.53,430,5,1,0,1,0,1,0
795.7,31,0,1,0,2,0,1,0
280.89,215,6,0,0,3,0,1,0
553.44,371,10,0,0,2,0,1,0
1086.63,66,5,1,1,4,0,1,0
1165.36,319,3,0,0,3,0,1,0
7527.26,72,6,0,0,3,1,1,0
1189.49,284,8,3,0,2,0,1,0
3564.73,13,8,3,0,5,0,1,0
709.76,191,6,0,0,1,1,1,0
802.98,203,4,0,0,2,0,1,0
290.32,121,5,2,0,3,0,1,0
522.0,209,2,0,1,1,0,1,0
1857.49,461,5,2,0,4,0,1,0
1104.96,238,9,0,0,1,0,1,0
2815.62,585,4,0,0,3,0,1,0
1314.56,107,7,0,0,1,0,1,0
770.89,135,3,0,1,4,0,1,0
9398.42,55,6,1,1,3,0,1,0
998.34,763,2,2,1,1,0,1,0
3508.7,10,3,2,1,1,0,0,0
734.21,79,4,1,0,2,0,1,0
2229.65,63,7,1,0,2,0,1,0
2773.92,87,3,2,0,1,0,1,0
1350.85,449,1,1,0,4,0,1,0
104.12,82,8,1,0,3,0,1,0
1116.83,447,4,2,0,3,0,0,0
3753.56,99,8,4,0,1,0,1,0
1858.42,347,5,0,1,4,0,1,0
1712.72,132,1,1,0,2,1,1,0
195.93,67,8,0,1,3,0,1,0
533.55,107,4,2,0,2,0,1,0
1654.67,99,4,2,0,1,0,1,0
1653.06,54,6,0,0,1,0,1,0
3694.74,61,7,0,0,3,1,0,0
948.74,37,3,0,1,3,0,1,0
1645.54,73,11,1,1,1,0,1,0
1114.74,176,11,0,0,3,0,1,0
408.73,87,8,0,0,2,0,1,0
114.92,224,3,0,0,1,0,1,0
1687.51,781,5,2,0,0,0,1,0
1304.99,85,2,1,1,1,0,1,0
591.01,111,3,1,1,1,0,1,0
217.2,32,8,0,0,0,0,1,0
2058.51,89,5,0,0,1,1,1,0
840.57,233,4,1,0,0,0,1,0
1913.85,44,7,2,0,1,0,1,0
7073.06,36,8,1,0,1,0,1,0
128.84,84,8,0,0,1,0,1,0
544.79,307,4,0,0,2,0,1,0
889.47,175,9,0,0,4,1,1,0
4697.69,568,3,1,0,4,0,1,0
213.49,422,5,1,0,1,0,1,0
7599.68,29,5,1,0,1,0,1,0
1256.21,7,5,0,0,2,0,1,0
996.25,91,1,1,0,2,0,1,0
899.59,132,1,2,0,0,0,0,0
708.92,130,1,1,0,1,0,1,0
3127.9,25,6,3,0,2,0,1,0
376.71,23,3,1,0,0,0,1,0
1549.08,8,6,1,0,0,0,1,0
746.82,342,5,0,1,3,0,1,0
511.77,531,9,1,0,0,0,1,0
14559.15,22,8,0,1,1,0,1,0
1667.45,43,3,0,0,3,0,1,0
2024.88,16,4,2,0,0,0,1,0
3421.3,377,8,1,1,2,0,1,0
264.71,573,12,0,1,0,0,1,0
6325.17,54,9,1,0,3,0,0,0
89.21,65,3,1,0,1,0,1,0
508.38,81,8,1,0,6,1,1,0
692.96,125,5,0,0,0,0,1,0
1962.01,206,6,1,0,3,0,1,0
1364.74,126,4,1,0,4,0,1,0
928.14,542,8,1,1,2,0,1,0
1083.56,18,6,0,1,1,0,1,0
412.39,288,3,2,1,1,0,1,0
245.37,73,5,0,1,1,1,1,0
2267.68,85,4,0,0,3,0,1,0
2194.49,222,6,0,0,1,0,1,0
5348.09,477,3,0,0,0,0,1,0
497.69,226,7,3,0,1,1,1,0
2192.54,269,8,3,0,2,0,1,0
825.75,250,3,1,0,1,1,1,0
3606.43,69,1,0,0,3,0,1,1
3047.15,254,7,4,0,1,0,1,0
1354.53,276,2,2,0,2,0,1,0
780.92,137,6,2,0,1,0,1,0
2866.74,138,3,1,0,2,1,1,0
2094.15,256,4,0,1,2,0,1,0
553.11,305,4,1,0,2,0,1,0
290.67,74,2,2,0,1,0,0,0
821.78,291,3,2,0,2,0,1,0
4991.11,302,6,4,1,3,0,0,0
3451.23,48,1,2,0,3,0,1,0
360.57,227,5,0,0,2,0,1,0
341.12,37,5,1,0,0,0,0,0
3923.28,17,5,1,1,1,0,1,0
352.26,153,4,0,0,2,0,0,0
1824.93,430,5,1,0,3,0,1,0
592.25,6,4,3,0,1,0,1,0
5525.04,315,1,1,0,3,1,1,0
507.54,127,1,1,1,1,0,1,0
3440.46,355,3,2,0,1,0,1,0
1319.3,333,3,0,0,1,0,1,0
1411.2,374,7,0,0,5,0,1,0
152.89,263,4,1,1,2,0,1,0
121.16,333,6,1,0,2,0,1,0
879.57,34,6,0,0,3,0,0,0
1403.75,65,7,0,0,2,0,1,0
355.95,49,4,0,0,2,1,1,0
369.19,244,4,1,0,0,0,1,0
1922.67,30,5,1,0,5,0,1,0
1925.33,36,2,1,0,2,0,1,0
955.52,380,2,0,0,1,0,1,0
2392.76,220,3,1,1,1,0,1,0
338.93,374,2,2,0,3,1,1,0
768.21,27,4,1,0,1,0,1,0
5698.04,91,8,2,0,3,1,1,0
1174.18,59,8,2,1,2,0,1,0
1244.28,1,5,0,0,2,0,1,0
11003.26,60,3,1,0,3,0,1,0
270.6,85,5,1,0,2,0,0,0
2431.91,17,3,0,0,1,0,1,0
5790.57,150,5,0,0,2,0,1,0
792.46,86,3,0,0,0,0,1,0
2590.56,8,10,3,0,1,0,1,0
410.75,219,5,1,1,1,0,1,0
551.85,235,8,0,1,4,0,1,0
1611.57,323,2,0,0,1,0,1,0
2437.11,119,3,0,1,0,0,1,0
3364.17,623,7,2,1,2,0,0,0
5269.17,441,6,2,0,7,0,1,0
1025.11,144,4,0,0,4,0,1,0
3617.77,105,4,0,0,3,0,1,0
778.75,1,8,3,0,3,0,1,0
2702.93,223,7,1,0,2,0,1,0
1349.5,149,3,1,0,1,0,1,0
1712.45,499,6,4,0,0,0,1,0
1674.9,162,2,3,0,1,1,1,0
220.37,889,1,3,0,4,1,1,1
356.34,346,9,0,0,3,0,1,0
1215.05,552,4,1,0,1,0,1,0
202.9,71,6,2,1,1,0,1,0
2517.98,29,13,0,1,3,0,1,0
2621.64,286,5,3,0,1,0,1,0
1521.07,277,6,0,0,1,0,1,0
357.4,42,6,2,1,4,0,1,0
4359.61,260,5,0,0,1,0,0,0
8410.28,156,6,0,0,3,0,1,0
1270.39,20,5,2,0,2,0,0,0
1827.19,125,5,1,0,0,0,1,0
1341.76,481,4,0,0,1,0,1,0
1863.79,127,4,3,0,3,0,1,0
973.06,279,1,1,1,2,0,1,0
1059.38,5,6,2,0,2,0,1,0
2712.75,234,4,0,0,3,1,1,0
11448.62,528,3,0,1,1,0,1,0
270.41,124,5,2,0,1,0,1,0
988.5,74,1,0,0,1,0,1,0
336.82,187,9,1,0,3,0,0,0
5388.51,446,5,1,1,1,0,1,0
609.27,35,5,1,0,2,0,1,0
258.99,93,4,1,0,1,0,1,0
2075.98,30,7,0,0,1,0,0,0
6274.89,123,8,1,0,3,0,1,0
2129.4,139,5,3,0,1,0,1,0
1345.87,519,7,1,0,1,0,1,0
1651.01,95,2,0,0,2,0,1,0
4513.56,150,6,1,0,1,0,0,0
457.51,389,3,0,0,0,1,1,0
980.59,69,1,1,0,0,0,1,0
697.37,201,1,1,0,1,0,1,0
341.09,254,1,0,0,2,0,1,0
789.68,72,3,2,0,1,1,1,0
3320.0,32,1,0,1,1,0,1,0
1932.56,125,5,0,1,1,0,0,0
2088.73,79,5,2,0,2,0,1,0
1269.62,55,5,2,0,2,0,0,0
1850.71,652,3,0,0,2,0,1,0
492.46,125,2,0,0,0,0,1,0
804.72,349,6,0,0,2,0,1,0
1328.76,39,6,0,0,1,1,1,0
1447.39,504,7,0,1,3,1,1,1
1510.49,284,8,1,0,1,0,1,0
954.96,297,5,2,1,3,0,1,0
751.88,88,2,0,0,0,0,1,0
25790.75,119,3,2,0,1,0,1,0
2715.65,161,4,0,0,4,0,1,0
1657.64,280,6,2,0,4,0,1,0
868.52,340,4,1,0,1,1,0,0
698.39,14,11,0,0,1,0,1,0
962.18,421,0,1,1,1,0,1,0
1469.72,499,5,1,0,3,0,1,0
167.26,161,6,0,0,2,1,1,0
228.29,37,4,1,1,1,0,1,0
580.05,307,3,1,0,4,0,1,0
1349.03,143,4,1,0,2,0,1,0
863.27,305,1,1,0,1,0,1,0
4808.41,303,6,0,1,2,0,1,0
249.04,16,2,0,0,1,0,0,0
517.32,168,4,2,0,1,0,1,0
5014.51,118,3,2,0,3,0,1,0
1250.28,525,7,2,0,3,0,1,0
2656.71,63,4,3,0,1,0,1,0
8529.17,41,4,4,0,3,0,1,0
547.96,409,6,2,0,2,0,0,0
992.96,28,3,1,0,3,0,1,0
835.12,208,6,1,0,0,0,1,0
155.31,64,2,2,0,2,0,1,0
804.0,151,4,0,0,0,0,1,0
2646.68,172,4,0,0,5,1,1,0
1882.94,97,5,2,0,1,0,1,0
2036.69,663,7,0,0,1,0,1,0
753.32,25,4,1,0,3,0,1,0
569.01,89,6,2,0,2,0,1,0
3902.04,101,5,2,0,2,0,1,0
666.93,179,5,4,0,1,0,1,0
1471.57,94,3,1,0,2,0,1,0
1291.21,18,4,0,1,4,1,1,0
4730.17,530,4,1,0,3,0,1,0
2896.95,96,5,0,0,3,0,1,0
300.29,75,6,2,0,3,0,1,0
334.44,106,4,0,0,1,0,1,0
1956.49,43,5,0,0,4,0,1,0
1028.3,19,8,1,0,0,0,1,0
695.64,28,4,3,0,1,1,1,0
3027.91,32,7,0,0,1,0,1,0
1322.74,39,5,2,1,0,0,1,0
1155.7,98,5,2,0,3,0,0,0
2391.86,176,3,1,0,2,0,1,0
753.62,178,3,1,0,3,0,1,0
5263.33,1,5,1,1,2,0,1,0
498.67,456,8,0,0,2,0,0,0
2115.25,311,9,3,0,3,0,1,0
4600.1,598,4,0,0,3,0,0,0
276.64,80,2,1,0,2,0,1,0
777.95,196,3,0,0,2,0,1,0
3436.5,33,3,0,0,2,0,0,0
3488.56,305,4,0,0,3,0,1,0
923.81,31,6,2,0,0,0,1,0
526.01,71,6,1,0,3,1,1,0
2852.46,121,8,1,1,1,0,1,0
3581.54,162,6,1,0,0,1,1,0
342.18,147,7,1,0,0,0,1,0
329.01,19,2,1,0,2,0,1,0
1373.69,98,5,0,0,2,0,1,0
2057.73,461,4,0,0,2,0,1,0
813.16,370,3,1,1,1,1,1,0
2163.09,160,3,1,0,0,0,1,0
539.08,152,1,1,1,3,0,1,0
132.33,21,1,1,0,2,0,0,0
717.73,40,3,0,0,1,0,1,0
1168.21,52,10,0,1,0,0,0,0
832.27,120,3,2,0,0,1,1,0
344.26,236,7,3,0,2,0,1,0
178.46,111,9,1,1,0,0,1,0
655.84,24,5,0,0,2,0,1,0
2690.97,104,6,0,0,3,0,1,0
3851.42,31,3,2,1,0,0,1,1
3596.49,250,6,1,0,3,0,1,0
484.97,32,3,0,1,0,0,1,0
345.95,118,6,4,0,1,0,1,1
1801.97,212,10,1,0,2,0,1,0
2069.58,46,7,1,0,3,0,1,0
1636.26,14,6,2,1,0,0,1,0
146.34,149,7,0,0,3,0,0,0
460.87,10,4,1,1,3,0,1,0
1064.55,159,9,0,1,2,0,1,0
1785.08,252,9,1,0,0,0,0,0
2362.1,71,4,1,0,1,0,1,0
1266.81,120,3,3,1,2,0,1,1
1526.58,475,3,0,0,1,0,1,0
1193.76,114,1,4,0,2,0,1,0
2176.82,1020,2,0,0,3,0,1,0
1499.47,30,4,0,1,1,0,1,0
1171.15,222,3,0,0,4,0,1,0
838.51,190,6,1,1,3,0,1,0
1189.5,370,7,1,0,3,0,1,0
1780.4,17,4,1,0,2,0,1,0
1432.93,59,2,1,0,4,0,1,0
1604.92,25,4,2,0,0,0,1,0
4199.5,486,3,1,0,1,0,1,0
1429.62,100,3,0,0,6,0,1,0
573.07,433,5,1,0,2,0,1,0
2653.43,62,4,2,0,2,0,1,0
279.72,24,4,2,0,1,0,1,0
371.89,63,3,1,0,1,1,1,0
1534.33,163,6,1,0,5,0,1,0
1837.93,335,4,0,0,2,1,1,0
315.75,87,4,1,1,0,0,1,0
747.84,443,4,1,0,4,0,1,0
598.19,50,6,1,0,0,0,1,0
674.06,212,7,1,0,1,0,1,0
2817.48,239,7,1,0,2,0,1,0
2222.76,57,9,0,1,3,0,1,0
1075.86,4,1,0,1,2,0,1,0
635.26,81,4,1,0,5,0,1,0
284.39,8,1,1,0,1,0,1,0
4537.74,415,5,0,0,1,1,1,0
1982.5,552,4,1,0,1,0,1,0
540.95,239,5,0,0,3,0,1,0
2252.06,233,5,0,0,1,0,1,0
1022.27,49,3,1,0,1,0,1,0
822.95,13,5,1,0,0,0,1,0
1694.62,291,3,2,0,2,0,1,0
522.44,147,8,0,0,1,0,0,0
777.62,206,6,1,0,3,0,0,0
1238.26,272,6,0,0,3,0,1,0
665.51,94,5,0,1,5,0,0,0
2141.12,28,6,1,0,2,0,1,0
7108.64,285,5,1,0,0,0,1,0
515.79,108,1,1,1,2,0,1,0
207.45,315,2,2,0,1,0,1,0
148.16,103,5,0,0,3,0,1,0
943.44,44,8,0,0,3,0,1,0
565.01,33,7,0,0,2,0,0,0
1350.0,245,3,1,0,1,0,1,0
1252.13,153,12,2,0,0,0,1,0
220.7,93,6,0,0,4,0,1,0
178.59,121,6,3,0,2,0,0,0
1474.29,143,4,3,1,2,1,1,1
1255.68,49,3,1,0,0,0,1,0
716.36,85,5,1,0,2,0,1,0
209.11,62,4,2,0,4,0,1,0
1757.05,88,4,0,0,0,1,1,0
3912.37,124,4,0,0,1,0,1,0
1448.06,34,8,0,0,1,0,1,0
469.9,90,5,1,0,1,0,1,0
1146.6,87,5,0,0,1,1,1,0
279.75,60,4,0,0,3,0,1,0
3158.84,1169,1,0,0,3,1,1,1
1190.16,13,3,1,0,2,0,1,0
187.14,185,4,2,0,1,0,1,0
811.86,34,12,0,0,4,0,1,0
1742.89,329,4,3,1,2,0,1,0
786.0,442,7,0,0,3,0,1,0
832.23,92,4,1,0,2,0,1,0
322.34,312,5,3,0,1,0,1,0
1932.44,51,4,1,0,1,0,1,0
573.37,27,1,0,0,1,0,1,0
126.92,68,3,1,0,1,0,1,0
756.53,75,4,1,1,0,0,1,0
2925.29,91,8,1,0,1,0,1,0
744.77,84,4,2,0,1,0,1,0
6235.32,95,8,1,1,3,0,1,0
1684.07,222,4,2,0,1,0,1,0
1538.8,50,8,4,0,1,1,1,0
964.49,3,5,3,1,2,0,1,1
1024.25,121,4,1,0,3,0,1,0
842.67,107,2,0,0,0,0,1,0
810.56,11,6,1,0,2,0,0,0
1864.72,25,9,1,0,1,0,0,0
430.16,128,3,0,0,2,1,1,0
373.94,48,10,0,1,0,0,1,0
356.67,378,5,0,0,1,1,1,0
8481.6,34,7,4,0,3,0,1,0
1863.74,3,8,0,0,2,0,1,0
1486.96,106,5,3,1,1,0,1,0
380.88,770,2,0,0,1,0,1,0
2045.39,180,4,3,0,1,0,1,0
975.97,78,6,0,0,5,0,1,0
1358.54,3,7,2,0,2,0,1,0
412.97,119,4,0,1,1,0,1,0
1287.26,41,7,0,1,1,0,0,0
717.78,187,6,4,1,4,0,1,1
509.99,157,5,4,0,2,0,1,0
2284.97,55,3,1,0,3,0,1,0
235.64,12,4,0,0,2,0,1,0
1929.04,253,3,2,0,3,0,1,0
2174.35,158,8,2,0,3,0,1,0
455.03,332,8,0,0,2,1,1,0
482.83,54,6,1,0,2,0,1,0
877.41,190,8,0,0,3,1,1,0
1453.95,22,6,0,0,0,1,1,0
941.19,62,4,1,1,2,0,1,0
1691.82,192,1,2,0,2,0,1,0
6393.13,314,5,4,0,4,0,1,0
660.03,69,4,1,0,3,0,1,0
197.32,288,2,2,0,4,0,1,0
2504.7,203,7,0,0,3,0,1,0
5903.58,77,4,2,0,3,0,1,0
1624.2,376,7,0,0,1,0,1,0
369.54,128,1,0,0,2,1,1,0
968.85,188,4,3,1,3,0,1,0
358.34,123,4,1,0,2,0,1,0
2085.69,108,2,2,0,4,0,1,0
283.92,339,3,0,0,2,0,1,0
812.3,62,5,0,0,0,0,1,0
401.68,6,6,4,0,3,0,0,1
1244.92,381,5,1,0,3,0,1,0
760.26,313,4,0,0,3,0,1,0
1308.66,82,2,1,0,0,0,1,0
1121.42,36,5,0,0,2,1,1,0
408.85,202,5,1,0,3,0,1,0
2052.63,14,7,0,1,0,0,0,0
1044.44,99,6,0,0,2,0,1,0
408.08,16,2,3,0,0,0,1,0
10310.59,163,4,0,0,0,0,1,0
1765.93,4,5,1,0,3,0,1,0
940.81,178,5,0,0,1,0,1,0
4515.2,201,0,0,0,2,1,1,0
6917.54,120,4,1,1,4,0,1,0
948.28,34,2,0,0,3,0,1,0
1552.15,19,5,2,0,2,0,1,0
408.3,67,8,0,0,1,0,1,0
946.53,112,8,0,0,1,0,1,0
898.69,185,4,0,0,2,0,1,0
1319.26,1,6,1,0,1,0,1,0
1529.6,223,5,0,0,0,0,1,0
1919.52,224,5,0,1,3,0,0,1
1390.81,105,6,0,0,4,0,1,0
326.77,75,2,1,0,2,0,1,0
429.03,332,8,0,0,0,0,1,0
634.98,276,5,2,0,1,0,1,0
826.96,736,10,1,0,2,1,1,0
3136.22,83,2,2,0,3,0,1,0
342.77,427,3,0,1,3,0,1,1
767.08,16,1,1,0,2,1,1,0
2844.12,95,4,1,0,1,0,0,0
812.51,112,4,0,0,2,0,1,0
1737.87,104,4,1,0,3,0,1,0
953.8,176,5,0,1,1,0,1,0
1417.69,33,8,2,0,0,0,1,0
872.64,362,7,1,0,2,1,1,0
2136.8,144,3,1,0,3,0,1,0
233.91,422,6,2,0,4,0,1,0
762.57,1,4,0,0,2,0,1,0
1475.24,178,4,2,0,1,1,1,0
1870.0,95,7,3,0,1,0,1,0
4880.25,126,4,2,0,2,0,0,0
741.72,245,6,1,1,1,0,1,1
4814.95,46,8,0,0,3,0,1,0
567.35,41,7,2,0,2,0,1,0
4140.81,218,3,1,0,4,0,1,0
2483.61,132,6,1,1,3,0,1,0
439.9,47,6,1,0,1,0,1,0
1490.76,119,3,1,0,4,0,1,0
1041.86,110,7,0,0,2,0,1,0
2049.98,211,3,0,1,0,0,1,0
877.19,1,9,2,0,3,0,1,1
806.54,159,6,2,0,1,0,1,0
4311.73,167,4,0,1,2,0,1,0
993.54,246,4,0,1,2,1,0,1
2505.95,396,4,3,0,0,0,1,0
875.37,104,5,0,0,3,0,1,0
5806.09,75,4,0,1,0,0,1,0
556.5,19,3,2,0,3,0,1,0
593.39,73,11,2,1,2,1,1,0
5036.75,12,7,0,0,2,0,1,0
702.79,292,5,2,0,1,0,1,0
5437.5,296,6,3,1,1,0,1,0
2675.36,97,5,2,0,1,0,1,0
939.5,54,5,1,1,0,0,1,0
178.88,22,6,0,0,3,0,1,0
1075.65,342,7,1,0,3,0,1,0
1213.94,377,1,0,0,2,0,1,0
3523.53,55,6,5,1,2,0,1,1
5369.27,175,4,0,0,4,1,1,0
552.81,53,3,1,0,3,0,1,0
2443.49,45,8,1,0,4,0,1,0
2357.61,3,11,0,0,2,0,1,0
3208.03,154,8,2,0,2,0,1,0
1805.68,29,5,2,0,2,0,1,0
157.2,2,5,2,0,1,0,1,0
938.78,19,6,0,0,4,0,1,0
345.26,67,4,1,0,2,0,0,0
895.51,199,4,1,0,4,0,1,0
2921.94,40,6,1,1,0,0,1,0
1487.94,393,6,0,1,0,0,0,1
3456.77,61,7,1,0,2,0,1,0
1543.42,72,6,3,0,2,0,1,0
299.37,44,7,0,0,5,0,1,0
88.16,52,5,1,0,3,0,1,0
1272.59,13,5,1,0,3,0,1,0
885.43,62,6,0,1,5,0,1,0
412.84,353,3,2,0,5,0,1,0
200.21,209,5,2,0,2,0,1,0
525.98,374,3,0,1,3,0,1,0
902.81,19,5,2,0,1,0,0,0
2134.27,109,7,0,0,0,1,1,0
1324.29,46,6,0,0,2,0,1,0
5475.66,229,7,1,1,6,0,1,1
389.32,632,5,2,1,2,0,1,0
2646.67,304,10,0,0,1,0,1,0
1149.75,6,8,1,0,5,0,1,0
2196.61,68,9,1,0,5,1,1,0
708.74,5,5,0,0,3,0,1,0
3202.48,7,5,0,1,2,0,1,0
1473.25,14,6,1,1,1,0,1,0
555.88,58,2,0,0,2,0,0,0
1083.53,65,3,0,0,3,0,1,0
863.03,92,3,1,0,0,1,1,0
1788.58,93,3,1,1,2,0,0,0
337.05,265,4,0,0,3,0,1,0
1064.91,27,5,0,0,2,0,1,0
1628.33,30,6,2,0,1,0,1,0
1133.45,177,8,1,0,2,0,1,0
4217.26,152,3,1,1,4,0,1,0
2378.02,30,8,1,0,2,0,1,0
1088.46,344,14,1,0,3,0,0,0
1361.97,71,3,1,1,3,0,1,0
1473.9,82,6,2,0,4,0,1,0
1641.39,98,5,1,1,2,0,1,0
176.68,70,4,0,0,1,1,1,0
811.17,146,5,1,0,2,0,1,0
248.53,88,4,1,0,1,0,1,0
3937.42,54,6,1,0,4,0,1,0
1031.89,422,4,0,1,4,0,1,0
903.85,66,5,1,0,0,0,1,0
2688.66,215,5,1,0,0,0,1,0
1672.92,76,3,1,0,0,0,1,0
354.73,102,3,0,0,1,0,1,0
1021.57,48,6,2,0,0,0,1,0
784.33,251,4,1,0,1,0,1,0
191.61,240,5,0,1,0,0,1,0
549.89,4,4,2,0,5,0,1,0
912.75,11,7,0,1,1,0,1,0
977.55,460,2,0,0,1,0,1,0
249.08,395,9,0,0,1,0,1,0
3469.15,126,3,1,0,3,0,1,0
990.19,122,2,2,0,0,0,1,0
1138.6,301,5,2,0,3,0,1,0
1637.03,26,3,0,0,2,0,1,0
498.66,190,5,1,0,0,1,1,0
1730.83,116,6,1,0,1,0,1,0
759.7,244,4,0,0,5,0,1,0
447.38,5,2,0,1,0,0,1,1
1945.84,161,2,2,0,2,0,1,0
4874.02,146,4,0,0,3,1,1,0
2263.87,330,4,3,0,5,0,1,0
2759.98,203,4,1,0,5,0,1,0
651.56,381,4,0,0,1,1,1,1
221.93,392,4,1,0,2,0,1,0
4866.54,94,3,0,0,2,1,1,0
8557.09,26,10,0,0,1,1,1,0
5129.72,179,5,0,0,4,0,1,0
783.85,372,1,0,0,5,0,1,0
345.63,14,2,1,0,7,1,1,0
377.78,146,4,2,0,1,0,1,0
203.62,21,4,1,1,1,0,1,0
984.98,4,4,1,0,2,0,1,0
5462.59,204,7,1,1,1,0,1,0
951.78,206,4,1,0,1,0,0,0
1483.74,165,5,1,0,3,0,1,0
4339.86,352,5,4,0,0,0,0,0
732.09,15,6,0,0,3,1,1,0
8396.17,20,5,0,1,1,1,1,1
8039.28,359,9,2,0,0,0,1,0
961.88,125,7,1,0,1,0,1,0
615.52,57,4,1,0,1,0,1,0
2202.26,241,0,2,0,0,0,1,0
774.7,404,4,1,1,3,0,1,1
344.97,210,2,1,0,1,1,1,0
3949.08,282,5,2,0,3,0,1,0
3701.33,59,6,0,0,0,1,0,0
1281.15,61,3,0,0,2,0,1,0
310.17,359,8,0,0,2,0,1,0
320.69,171,4,2,1,0,1,1,0
1220.76,48,7,1,0,1,0,1,0
665.23,133,3,0,0,2,0,1,0
779.7,208,3,0,0,2,0,1,0
3047.15,44,4,2,0,1,0,1,0
2282.85,191,4,2,0,3,1,1,0
4350.92,7,6,1,1,1,0,1,0
407.23,65,3,0,0,2,0,1,0
778.06,201,6,0,1,2,0,1,0
2342.52,29,4,0,1,3,0,1,0
1716.56,45,4,1,0,2,0,1,0
5076.52,380,5,0,0,3,0,1,0
1669.93,201,7,0,1,0,0,1,0
6961.21,124,8,0,0,2,1,0,0
1881.86,42,3,1,0,3,0,1,0
3172.16,75,5,0,0,0,0,1,0
793.53,153,4,1,0,6,0,1,0
1112.41,30,4,0,0,2,0,1,0
2726.96,118,5,1,0,2,0,1,0
5502.61,94,6,0,0,3,0,1,0
2273.87,116,7,2,0,1,0,1,0
1009.11,20,8,0,0,1,0,1,0
4347.41,20,5,1,1,5,0,1,0
122.49,598,9,1,0,1,0,1,0
264.48,698,6,3,0,3,0,1,0
2168.16,99,5,2,1,3,0,1,0
1112.21,280,5,1,0,0,0,1,0
2009.24,191,3,2,0,4,0,1,0
1169.59,22,8,1,1,1,0,1,0
1940.97,63,5,0,0,1,0,0,0
485.7,67,5,2,0,0,0,1,0
1940.08,163,2,0,1,4,0,0,0
2964.35,156,6,2,1,0,0,1,0
3716.55,462,1,2,0,0,0,1,0
8213.66,280,3,0,0,3,0,1,0
1399.82,349,5,2,0,1,1,1,0
1442.18,399,4,0,0,2,0,1,0
239.09,290,8,1,1,1,0,1,0
644.57,72,6,1,0,1,0,1,0
904.08,43,7,0,0,4,0,1,0
3134.8,152,2,2,0,2,0,0,0
595.26,210,5,1,0,1,0,1,0
2431.69,87,3,2,0,3,0,1,0
1094.86,339,4,1,0,1,1,1,0
918.58,581,3,3,0,3,0,1,0
1406.55,151,5,0,0,3,0,1,0
741.62,109,6,1,0,1,0,1,0
714.06,333,9,0,0,5,0,1,0
199.38,4,6,1,0,4,1,1,0
855.81,24,5,0,0,3,0,1,0
678.6,336,6,1,0,5,1,1,0
654.6,237,3,1,1,1,0,1,0
1663.82,96,6,0,0,5,0,1,0
2118.86,395,3,3,1,4,0,0,1
1383.25,77,7,4,0,0,1,1,0
2967.32,180,10,0,0,4,0,1,0
1949.96,181,6,0,0,4,0,1,0
816.43,36,3,0,0,5,0,1,0
690.31,60,4,1,0,5,0,1,0
1499.4,445,5,0,1,4,0,1,0
1946.46,36,6,1,0,2,0,1,0
4437.49,34,4,0,0,2,0,1,0
3608.95,117,3,0,1,2,0,1,0
638.12,17,7,1,0,1,0,1,0
990.29,405,4,1,0,3,1,1,0
2145.26,18,3,2,0,0,0,1,0
3190.71,172,3,3,0,2,0,1,0
2804.47,74,7,1,0,1,0,1,0
1028.77,293,5,1,0,3,0,1,0
312.93,160,4,1,0,5,0,1,0
403.86,88,6,1,0,3,1,1,0
1440.34,742,3,0,0,4,0,1,0
1544.14,12,5,1,1,2,0,1,0
365.52,155,4,3,1,4,0,1,0
1146.62,821,9,1,0,2,0,1,0
2061.57,211,10,1,0,2,0,1,0
346.81,242,7,1,1,2,0,1,0
3310.97,5,3,0,0,2,0,1,0
751.8,3,6,0,0,3,0,1,0
3856.88,6,6,0,0,1,0,1,0
643.26,862,1,0,0,4,1,1,0
392.83,699,6,2,0,0,0,1,0
693.58,73,8,1,0,3,1,1,0
997.1,61,4,0,0,3,0,1,0
743.61,28,7,1,0,0,0,1,0
883.59,71,4,1,0,2,0,1,0
1531.44,83,2,0,0,6,0,1,0
924.1,248,2,0,0,0,0,1,0
1026.48,362,4,1,0,3,0,1,0
198.5,247,4,2,0,3,0,1,0
1622.46,187,5,1,0,1,1,1,0
1003.05,261,6,1,1,5,0,0,0
5487.86,241,7,1,0,2,0,1,0
428.56,116,3,3,0,1,0,1,0
179.77,73,6,1,1,0,1,1,0
2034.63,59,9,1,1,2,1,1,0
1550.8,204,3,1,1,3,0,1,0
400.04,576,4,1,0,1,0,1,0
237.52,156,8,1,0,1,0,1,0
5102.05,438,5,1,1,1,0,1,0
4510.26,2,5,2,1,4,0,1,0
91.15,284,1,1,1,2,0,1,0
693.52,345,5,2,0,4,0,1,0
5791.76,179,4,1,0,1,0,1,0
681.26,489,11,1,0,1,0,1,0
671.42,160,7,2,0,2,0,1,0
826.53,49,4,0,0,0,0,1,0
357.49,43,4,3,0,3,0,1,0
199.38,146,1,0,0,5,0,1,0
3141.79,426,11,1,0,2,0,1,0
173.65,13,1,0,0,8,0,1,0
1404.27,166,8,0,1,1,0,1,0
2661.33,264,0,0,0,1,0,1,0
256.92,22,4,0,0,0,1,1,0
435.17,22,7,2,0,2,1,1,0
3689.25,82,8,0,1,2,0,1,0
1868.5,57,5,0,0,1,0,1,0
591.53,39,5,0,1,3,0,1,0
3649.15,39,4,1,1,3,0,1,0
3664.82,25,4,1,0,3,0,1,0
1435.19,169,1,3,1,1,0,1,1
445.79,209,7,2,0,3,0,1,0
725.28,218,8,2,1,6,0,1,1
1460.28,136,4,2,0,2,0,0,0
908.15,550,3,1,0,1,1,1,0
2804.43,382,3,2,0,1,0,1,0
237.51,569,3,1,1,3,0,0,0
246.1,88,4,1,0,2,0,1,0
1314.05,378,5,1,0,1,0,1,0
670.79,259,8,0,0,4,1,1,0
585.78,74,8,2,0,0,0,1,0
187.16,20,5,0,0,1,1,1,0
1118.28,206,7,2,0,1,1,1,0
1040.28,26,2,1,0,1,1,1,0
2107.97,62,2,2,1,2,0,1,0
1174.86,124,6,2,0,4,0,1,0
960.44,205,8,3,0,1,0,1,0
3558.17,469,4,1,0,2,0,1,0
295.16,161,4,2,1,1,1,1,0
1875.05,200,1,1,1,3,0,1,0
206.2,66,5,2,1,3,0,1,0
474.2,209,5,1,0,4,0,1,0
326.15,103,5,2,0,1,0,1,0
2396.93,349,5,1,0,0,0,1,0
1027.2,89,5,0,0,3,0,1,0
1081.92,113,6,0,0,3,0,1,0
362.59,102,2,0,0,3,0,1,0
812.65,299,5,0,0,2,0,1,0
511.08,553,3,1,0,0,0,0,0
1609.14,71,5,0,0,4,1,1,0
407.04,115,6,1,1,2,0,1,0
4145.56,220,5,2,0,3,1,1,0
205.29,406,5,4,1,4,0,1,0
489.55,122,4,0,0,0,0,1,0
5867.6,20,4,2,0,3,0,1,0
709.71,82,3,0,0,4,0,1,0
294.45,143,7,2,1,1,0,1,0
1365.22,97,4,2,0,4,0,1,0
681.71,37,3,0,0,0,0,1,0
475.39,6,7,4,0,4,0,1,0
366.55,209,3,0,0,0,0,1,0
17472.33,886,4,0,0,2,0,1,0
852.73,452,9,1,1,3,0,1,0
159.88,206,7,2,0,8,0,1,0
4883.95,331,2,3,0,2,1,1,0
2020.44,53,9,1,0,4,0,0,1
509.55,175,5,1,0,2,0,1,0
431.33,11,8,1,0,1,0,1,0
2150.54,221,3,3,1,4,0,1,0
856.69,630,4,1,0,0,0,1,0
159.82,354,5,4,0,2,0,1,0
6550.13,137,6,0,0,2,0,1,0
710.53,279,4,1,0,2,0,0,0
4893.05,518,5,1,0,5,0,1,0
3938.03,43,6,0,1,1,0,1,0
403.02,283,9,0,1,6,0,1,0
3081.56,56,1,3,0,1,0,1,0
571.67,377,7,1,0,4,0,1,0
169.58,18,6,0,1,2,0,0,0
717.23,35,3,0,0,5,0,0,0
1632.12,229,6,1,0,2,0,1,0
690.39,34,5,0,0,3,1,1,0
806.7,30,6,1,0,3,0,1,0
3441.17,145,2,1,1,2,0,1,0
1219.86,324,6,0,1,4,0,1,0
471.87,56,6,0,0,0,0,1,0
2212.84,331,1,0,1,1,0,1,0
1336.32,297,8,0,0,3,0,0,0
88.09,155,3,0,1,4,0,1,0
1683.03,187,5,0,1,4,0,1,0
1622.67,7,2,0,1,0,0,1,0
1118.92,82,4,0,0,5,0,0,0
2674.99,55,11,0,1,1,0,1,0
559.82,29,6,2,0,2,0,1,0
1535.33,88,2,1,0,3,1,0,0
228.84,78,4,0,0,2,0,1,0
1647.63,234,4,0,1,1,0,1,0
7731.51,164,4,0,0,2,0,1,0
405.51,439,3,2,0,1,0,1,0
512.96,28,3,0,1,0,0,1,0
539.15,11,2,3,1,3,0,1,0
1248.87,137,5,1,0,1,0,1,0
378.78,1,7,3,0,1,0,1,0
1671.12,278,5,0,0,0,0,1,0
2557.64,126,4,0,0,1,0,1,0
1871.22,120,5,0,1,2,1,1,0
187.09,81,6,1,0,6,0,1,0
2966.59,84,5,2,0,1,0,1,0
2799.98,101,8,0,0,1,0,1,0
2515.34,2,6,2,1,2,0,1,0
1592.15,15,3,2,0,0,0,1,0
1366.75,126,3,0,0,1,0,1,0
3079.09,29,1,0,0,4,0,1,0
7506.42,271,5,0,0,1,0,1,0
422.83,57,2,2,0,1,0,1,0
3223.19,18,7,0,0,1,0,1,0
1006.05,48,8,1,1,1,0,1,0
963.26,79,6,1,0,1,0,0,0
235.91,6,2,0,0,0,1,1,0
824.86,27,5,0,0,0,0,1,0
404.53,70,3,0,0,1,0,1,0
689.62,66,5,0,1,0,0,1,0
365.7,290,6,1,0,0,0,1,0
700.01,333,8,1,0,1,0,1,0
730.62,38,1,0,0,1,0,1,0
1208.04,23,5,2,1,1,0,1,0
218.16,181,6,2,0,4,1,1,0
258.39,293,7,1,0,0,0,1,0
1574.85,596,8,0,0,2,0,1,0
494.01,1,8,0,0,3,0,0,0
3211.62,96,5,0,0,4,0,1,0
1373.71,238,3,1,0,2,0,0,0
2011.75,317,7,4,0,2,0,1,0
4494.87,11,6,1,0,1,0,0,0
804.55,205,2,0,0,1,0,1,0
617.4,61,7,1,0,1,0,1,0
2622.03,13,4,2,0,1,1,0,0
1825.33,120,5,1,0,0,0,1,0
909.3,30,7,0,0,1,0,1,0
4409.24,240,6,0,0,2,0,1,0
886.92,243,5,2,0,1,0,1,0
1133.17,332,10,0,0,3,0,1,0
1120.16,85,4,4,0,2,0,1,0
430.7,2,6,0,0,2,0,1,0
1185.1,54,7,1,0,2,0,1,0
4432.68,113,5,0,0,3,0,1,0
1711.23,213,5,1,1,3,0,1,0
1131.23,86,2,0,0,2,0,1,0
932.84,138,5,1,0,2,0,1,0
1526.7,133,4,2,0,2,0,1,0
2321.03,32,4,2,0,1,0,0,0
2016.74,175,5,3,0,1,0,1,0
786.93,104,4,2,1,1,0,1,0
1517.44,296,9,1,0,1,0,1,0
1772.13,211,2,1,0,1,0,1,0
400.54,21,4,1,0,0,0,1,0
1297.55,120,1,2,0,1,0,1,0
126.3,218,6,0,0,1,0,1,0
1776.74,16,6,0,0,3,0,1,0
2122.49,283,6,1,1,1,0,1,0
2315.88,45,7,0,0,1,0,1,0
738.75,125,6,2,0,0,1,1,0
1493.75,508,6,0,0,1,0,1,0
4554.88,152,3,0,0,0,0,1,0
4508.72,99,7,1,0,1,0,1,0
1065.1,1,1,2,0,3,0,0,0
1260.57,25,8,0,0,1,1,1,0
3330.61,155,5,2,1,5,0,1,0
244.5,122,3,0,0,0,0,1,0
793.87,81,10,1,0,1,0,0,0
4169.58,462,8,1,0,0,0,1,0
2907.94,72,5,0,0,1,0,1,0
1586.47,138,7,1,0,1,0,1,0
243.27,151,5,1,0,0,0,1,0
1043.24,134,8,2,0,1,0,1,0
607.95,116,7,3,0,5,1,0,1
1526.97,73,7,1,1,1,0,1,0
488.16,430,10,0,0,2,0,1,0
393.18,107,5,0,0,2,1,1,0
139.09,135,7,0,0,5,0,1,0
3721.21,192,7,1,0,0,0,1,0
735.26,12,6,0,0,3,0,1,0
1283.24,273,6,2,0,0,0,1,0
1094.18,129,8,0,0,1,0,1,0
377.12,192,1,2,0,2,0,1,0
311.36,266,1,1,0,3,0,0,0
401.29,373,6,1,0,1,0,1,0
532.1,89,1,2,0,2,0,1,0
1582.25,300,3,1,0,2,0,1,0
494.86,53,6,1,0,1,1,1,0
6288.58,194,10,2,0,0,0,1,0
3063.0,19,3,0,1,4,1,1,0
2461.09,3,4,2,0,4,0,1,0
972.96,18,1,0,0,3,0,1,0
4985.46,69,8,2,1,2,0,1,0
881.83,5,3,1,0,3,0,1,0
1062.88,179,3,0,0,1,0,1,0
1299.81,68,5,1,0,1,0,1,0
2212.38,239,6,1,1,0,1,1,0
2073.32,8,4,1,0,0,1,1,0
681.89,43,3,1,0,2,1,1,0
643.55,94,8,1,0,0,0,1,0
2079.54,86,4,0,0,7,0,1,0
2242.25,25,3,0,0,1,0,1,0
740.0,925,5,2,0,2,1,1,0
224.26,60,7,0,0,1,0,1,0
891.3,229,3,2,1,2,0,1,0
2045.76,44,5,2,0,0,0,1,0
6670.28,378,3,1,1,3,0,1,0
330.97,88,5,3,0,4,1,1,0
715.82,416,4,0,0,0,0,1,0
742.93,75,3,1,1,5,0,1,0
4254.81,1,4,0,0,2,0,0,1
1058.98,131,6,2,1,5,0,1,0
442.6,133,5,0,0,2,0,1,0
1917.34,22,3,3,1,1,0,1,1
731.69,48,6,0,0,2,0,1,0
322.34,275,4,2,0,1,0,0,0
449.09,6,2,0,0,2,0,1,0
6210.78,121,6,0,0,0,0,1,0
1610.35,136,4,2,0,2,0,1,0
1221.41,210,4,0,0,1,0,1,0
854.15,6,8,2,0,0,0,1,0
1468.72,158,3,0,0,2,1,1,0
1451.33,1,1,0,0,0,0,1,0
1468.75,55,6,1,0,4,0,1,0
1230.09,124,5,0,0,2,0,1,0
2614.42,436,5,2,0,1,0,1,0
1122.27,24,7,0,0,1,0,1,0
412.43,33,3,0,0,1,0,1,0
594.41,199,7,0,0,3,0,1,0
151.56,84,3,1,0,1,0,1,0
8323.33,175,4,1,0,2,1,1,0
2598.67,1075,1,2,0,0,1,1,0
478.15,779,1,1,1,3,0,1,0
827.29,78,7,0,0,4,0,1,0
580.06,126,2,1,0,1,0,0,0
5128.39,423,8,1,0,0,0,1,0
265.1,17,1,2,0,1,0,1,0
1229.64,108,5,1,0,5,0,1,0
983.85,85,6,1,0,4,0,1,0
2506.99,62,9,1,0,3,1,1,0
988.3,927,6,0,0,0,1,1,0
189.01,238,8,2,1,2,0,1,0
853.1,88,7,0,1,3,0,1,0
414.82,317,4,0,1,6,0,1,0
1187.47,121,3,0,1,1,0,1,0
4601.68,371,5,1,0,4,0,0,0
192.59,55,4,0,0,1,0,1,0
492.64,45,6,0,0,2,0,1,0
631.0,51,2,0,1,1,0,1,0
748.72,139,7,0,0,2,0,1,0
2298.76,61,5,1,0,2,0,1,0
921.92,28,4,1,0,2,0,1,0
1662.04,940,4,0,0,2,0,1,0
586.53,415,3,0,1,0,0,0,0
1380.12,181,5,2,1,1,0,1,0
2387.01,399,5,1,0,3,1,1,0
527.26,493,8,1,0,3,0,1,0
2395.53,202,7,0,0,4,0,1,0
1155.6,131,3,2,0,3,1,1,0
3119.6,384,1,1,0,4,0,1,0
896.57,150,2,0,0,3,0,1,0
1605.59,24,6,0,0,2,0,1,0
1053.0,82,8,0,0,4,0,1,0
996.04,106,7,0,0,2,0,0,0
1420.74,493,4,0,0,3,0,1,0
1875.83,193,8,1,1,2,0,1,0
314.33,374,3,3,1,2,0,1,1
4599.18,255,5,0,0,0,0,0,0
170.77,66,6,3,1,1,0,1,0
552.91,228,3,0,0,2,0,1,0
997.98,39,2,0,0,2,0,1,0
1656.32,94,6,1,1,1,0,1,0
5303.77,295,3,0,0,4,0,1,0
171.01,170,4,2,0,3,0,1,0
660.04,314,3,1,0,1,1,1,0
130.73,52,6,1,0,2,0,1,0
1131.86,249,4,1,0,0,0,0,0
1438.97,40,8,1,0,1,0,1,0
5381.89,141,5,0,1,4,1,1,1
1237.24,102,3,1,0,2,0,1,0
3115.13,146,3,0,0,2,0,1,0
1966.16,26,6,1,0,1,0,0,0
709.64,80,4,0,0,1,0,1,0
268.01,197,4,3,0,4,0,1,0
1443.75,147,4,1,0,2,0,1,0
246.63,143,4,0,0,0,0,1,0
4004.63,128,8,0,1,5,0,1,0
932.56,518,4,0,0,2,0,1,0
3623.43,490,1,0,0,1,1,1,0
678.43,80,8,0,0,1,0,1,0
1434.9,78,8,2,0,1,0,1,0
1352.01,145,6,2,0,0,0,1,0
1048.33,18,4,2,0,6,0,1,0
711.48,64,4,0,0,1,0,1,0
1623.69,47,9,0,0,2,0,1,0
434.34,45,5,2,0,0,0,1,0
327.2,183,7,0,1,1,0,1,0
3800.27,87,5,2,1,2,0,1,0
2269.17,33,4,1,1,2,0,1,0
1171.33,393,2,1,0,1,1,1,0
5797.27,373,5,1,0,4,0,1,0
839.02,357,3,1,0,2,0,1,0
4116.27,89,4,0,1,3,0,1,0
1307.11,10,4,1,0,2,0,1,0
393.57,20,4,2,0,1,0,1,0
6960.73,58,3,1,1,3,0,0,0
2953.4,44,4,1,0,1,0,1,0
971.63,372,4,0,0,2,0,1,0
2269.17,773,4,3,0,3,0,1,0
732.38,305,8,0,1,2,0,0,0
2512.79,235,2,4,0,3,0,1,0
100.38,159,4,2,0,1,0,1,0
395.52,264,4,0,0,1,0,1,0
2919.77,528,6,2,0,0,0,1,0
854.35,165,7,0,0,2,0,1,0
1349.57,30,4,2,0,3,0,1,0
285.21,32,5,1,0,2,0,1,0
6959.53,157,6,0,0,2,0,1,0
3606.63,73,8,3,0,3,0,1,0
897.23,433,6,0,0,1,0,1,0
731.65,170,3,0,0,2,0,1,0
3070.53,203,5,1,1,1,1,1,0
7962.28,1,3,0,0,0,0,1,0
2846.26,124,1,2,1,0,0,0,0
9621.95,101,6,2,1,2,0,1,0
436.0,220,1,2,0,2,0,1,0
483.29,86,8,3,0,1,0,0,0
333.97,675,3,2,0,2,0,1,0
1705.75,199,3,0,0,3,0,0,0
1307.15,194,5,0,0,3,0,1,0
942.04,453,5,1,0,2,0,1,0
2463.3,961,4,0,0,1,0,1,0
3760.58,39,2,3,0,1,0,1,0
238.49,299,9,1,1,1,1,1,0
603.67,31,8,1,0,4,0,0,0
2490.26,109,6,1,0,4,0,1,0
686.95,19,6,2,0,1,0,1,0
493.63,175,6,2,0,2,1,1,0
3036.73,113,3,1,0,2,0,1,0
302.02,178,5,1,0,2,0,1,0
811.12,203,7,1,1,3,0,1,0
1523.31,173,3,2,0,2,0,1,0
617.81,62,9,1,0,1,0,1,0
2399.84,326,7,0,0,1,0,0,0
620.87,144,5,0,1,0,1,1,0
4485.56,121,8,0,0,1,0,1,0
967.05,782,3,1,0,2,1,1,0
2145.81,60,7,2,0,6,0,1,0
2312.36,135,9,3,0,3,0,1,0
585.5,206,4,0,0,1,0,1,0
140.68,24,3,2,0,3,0,1,0
1573.02,78,5,1,0,0,0,1,0
1178.84,291,9,1,0,1,0,1,0
1911.85,48,2,0,0,2,1,1,0
874.34,122,7,2,0,1,0,0,0
713.06,179,3,1,1,4,0,1,0
8172.03,200,4,0,0,1,0,1,0
251.55,234,7,2,0,0,0,0,0
2284.61,361,1,4,0,0,1,1,0
617.33,89,7,0,0,0,0,1,0
783.85,220,2,0,0,5,0,1,0
798.63,237,2,1,1,0,0,1,0
491.06,64,7,1,0,4,0,1,0
1941.52,620,8,1,1,0,0,0,0
4405.65,360,5,2,0,2,0,1,0
1754.63,61,7,3,0,2,1,1,0
1216.07,202,6,1,1,1,0,1,0
408.94,227,3,2,0,1,0,1,0
1838.72,101,4,1,0,6,0,1,0
9474.41,358,5,0,0,3,0,1,0
749.42,210,6,0,1,2,0,1,0
752.96,193,2,2,1,3,0,1,0
625.72,44,2,1,0,2,0,1,0
672.22,94,2,2,0,4,0,1,0
70.44,102,3,0,0,2,1,1,1
1644.24,238,5,0,0,3,1,1,0
470.81,173,5,0,1,1,0,0,0
219.15,16,6,0,0,1,0,1,0
2328.99,66,7,0,0,2,0,1,0
371.66,115,5,2,1,1,1,1,0
781.59,240,3,1,1,1,0,1,0
4752.58,244,1,5,0,0,0,1,0
267.95,121,5,1,1,4,0,1,0
236.84,22,4,0,0,3,0,1,0
1435.55,62,5,2,0,3,0,0,0
3461.6,52,3,1,0,3,1,1,0
227.16,273,4,0,0,1,0,1,0
1648.61,35,7,2,0,1,0,1,0
1960.59,112,3,0,0,3,0,1,0
139.89,199,6,0,0,1,0,1,0
2436.95,602,5,4,0,3,0,1,0
2634.91,1292,8,1,0,2,0,1,0
802.89,550,5,1,0,0,0,1,0
3836.62,228,6,2,1,0,0,1,0
3416.79,246,8,0,0,4,0,1,0
1215.75,256,5,2,0,1,0,1,0
698.23,357,5,1,0,4,0,1,0
414.54,545,6,2,0,2,0,1,0
1056.2,106,5,0,0,3,0,1,0
1938.67,96,4,3,0,3,0,1,0
793.0,111,5,0,0,4,0,1,0
121.81,194,8,2,0,4,0,1,0
3899.93,268,6,0,0,1,0,1,0
1326.4,367,6,0,0,4,0,1,0
750.23,109,4,4,0,3,1,1,0
2584.17,81,4,0,0,2,0,1,0
5037.37,737,5,0,0,3,1,1,0
66.56,47,6,1,0,4,0,1,0
1693.01,45,7,2,0,2,0,1,0
263.31,226,6,2,0,2,1,0,0
1806.43,35,1,0,1,1,0,1,0
1246.29,91,3,0,0,3,1,1,0
2070.88,62,2,0,0,0,0,1,0
665.64,33,3,1,0,4,0,0,0
168.47,156,4,1,0,2,1,1,0
698.99,84,6,0,0,3,0,1,0
1647.23,111,8,1,0,4,0,1,0
3027.2,39,8,1,0,2,1,1,0
339.74,262,6,1,0,1,0,1,0
3062.73,68,5,1,0,0,0,1,0
573.71,75,10,0,0,2,0,1,0
1575.69,52,3,2,0,1,0,1,0
658.59,102,6,0,0,4,0,1,0
1315.76,112,5,2,1,1,1,1,0
2675.46,135,7,0,0,1,1,1,0
321.5,617,5,1,0,0,0,1,0
555.63,423,5,1,0,2,0,1,0
1319.44,169,1,0,0,3,0,1,0
12107.54,7,9,1,0,6,0,1,0
462.58,170,7,1,0,2,1,1,0
8434.91,16,3,1,0,1,0,1,0
8139.01,223,7,2,0,2,0,1,0
994.95,88,4,1,0,5,0,1,0
813.91,327,2,0,0,1,0,1,0
548.91,514,3,3,0,1,0,0,0
1024.33,97,5,1,0,1,0,1,0
268.62,111,6,1,1,1,0,0,0
1016.13,160,5,2,0,4,0,1,0
4899.46,39,6,2,0,1,0,1,0
595.21,471,6,1,0,0,0,1,0
862.02,102,8,0,0,1,0,1,0
200.11,32,6,2,0,5,0,1,0
1594.1,258,3,0,0,4,0,1,0
1428.64,44,4,3,1,0,0,1,1
1168.76,27,6,0,0,1,0,1,0
882.87,148,5,2,0,1,0,1,0
818.31,200,5,1,0,4,0,1,0
1811.48,151,6,0,1,4,0,1,0
1065.48,192,5,0,0,3,0,0,0
1502.63,22,5,2,0,4,0,1,0
1359.65,116,6,2,0,1,1,1,0
3372.56,79,9,1,0,1,0,1,0
2158.12,652,1,3,0,1,0,1,0
1329.9,9,6,0,0,3,0,1,0
5006.15,63,8,1,1,3,0,1,0
1669.48,512,2,1,1,2,0,1,0
4043.89,738,5,4,0,3,0,1,0
2012.12,313,4,0,0,4,0,1,0
173.83,14,7,3,0,2,0,1,0
4043.37,148,3,3,0,0,0,1,0
1255.36,91,5,2,0,3,0,1,0
1041.11,295,6,1,0,1,0,1,0
1452.95,10,5,1,1,0,0,1,0
776.67,39,5,0,0,3,0,1,0
1376.13,120,1,4,0,4,0,1,0
606.75,30,1,1,0,4,0,1,0
3921.67,212,3,1,0,1,0,1,0
978.88,309,2,1,0,5,0,1,0
748.01,219,6,2,1,1,0,1,0
434.88,104,4,2,0,1,0,1,0
1434.79,379,4,2,0,2,1,1,0
1322.27,26,5,1,1,5,0,1,0
1617.16,54,2,0,0,2,0,1,0
392.58,121,7,0,0,6,0,1,0
221.15,11,5,2,0,2,0,1,0
2049.99,18,5,0,0,2,0,1,0
4839.86,91,3,0,0,0,0,1,0
392.94,518,9,1,0,1,0,1,0
5374.61,430,2,1,0,1,0,1,0
1456.67,112,5,0,0,2,0,1,0
1088.92,27,8,2,0,1,1,0,0
736.9,35,8,0,0,1,0,1,0
274.65,85,4,0,0,0,0,1,0
2944.6,42,10,2,0,2,0,0,1
504.92,15,3,1,0,2,0,1,0
502.8,201,2,1,0,3,0,1,0
2956.99,156,5,1,0,2,0,1,0
166.84,61,12,1,1,1,0,1,0
238.99,271,5,1,0,0,1,0,0
1076.93,269,3,2,0,1,0,1,0
1470.39,121,9,0,0,2,0,1,0
1780.65,18,8,0,0,2,0,1,0
810.95,451,8,1,0,1,1,1,0
13771.68,198,2,1,0,1,0,1,0
873.15,51,4,0,1,3,0,1,0
870.63,169,5,1,0,2,1,1,0
494.24,93,7,1,1,3,0,1,0
1241.29,181,2,0,0,0,1,1,0
2028.32,115,1,1,1,3,0,1,0
3654.0,119,2,0,0,2,0,1,0
247.33,239,5,0,0,4,1,1,0
857.49,171,8,1,0,3,1,1,0
1714.2,14,5,0,0,1,1,1,0
1972.5,12,5,3,0,4,0,1,0
1103.84,65,3,0,0,2,0,1,0
1886.4,101,4,1,0,2,1,1,0
488.35,57,6,2,1,1,0,1,0
5207.76,189,5,1,0,7,0,1,0
2959.06,39,5,2,0,3,1,1,0
285.74,219,6,1,0,2,0,1,0
374.24,267,4,1,0,1,0,1,0
384.94,23,6,0,0,0,0,0,0
2160.23,189,2,2,0,2,0,1,0
303.47,585,3,0,0,3,0,1,0
787.59,38,3,1,0,1,0,1,0
1727.97,432,7,0,0,0,0,1,0
1026.42,167,3,1,0,2,1,1,0
1420.68,160,3,0,0,0,0,1,0
377.74,9,6,0,0,2,0,1,0
1987.94,248,6,1,0,2,0,1,0
593.95,117,4,3,0,1,0,0,0
792.65,229,1,0,0,1,0,1,0
1390.94,298,3,2,0,2,0,1,0
1215.7,133,7,0,0,0,0,1,0
1123.25,55,4,2,0,4,0,1,0
517.69,27,5,1,0,1,0,1,0
812.77,31,7,1,0,1,0,1,0
1099.03,363,9,1,1,3,0,1,0
277.25,23,11,3,0,1,0,0,1
690.54,87,4,1,0,3,1,1,0
1615.95,73,4,0,0,1,0,0,0
305.69,361,8,0,0,2,0,1,0
3486.25,116,5,0,1,6,0,1,0
3903.44,1015,11,0,0,4,0,1,0
315.72,240,5,1,0,3,0,1,0
4262.54,342,4,1,0,3,1,0,0
949.96,18,5,2,0,4,0,1,0
1666.56,52,4,0,0,1,0,1,0
667.37,26,6,1,1,2,1,1,0
2760.16,112,3,2,0,1,0,1,0
1645.98,228,5,0,0,1,0,1,0
485.82,33,6,0,0,4,0,1,0
342.0,25,4,0,1,1,0,1,0
254.6,171,3,1,0,2,0,1,0
1323.38,47,5,1,0,3,0,1,0
1943.94,117,5,1,0,4,0,1,0
2102.68,9,2,1,0,1,0,1,0
974.59,205,4,1,0,2,1,1,0
344.81,140,7,2,0,2,0,1,0
554.42,187,5,0,0,3,0,1,0
3471.52,57,0,0,0,3,0,1,0
675.44,58,5,1,0,2,0,1,0
1265.75,290,2,2,0,4,0,1,0
374.04,228,5,1,0,3,0,1,0
1535.46,156,4,2,0,4,0,1,0
693.89,178,8,1,1,4,0,1,0
3123.51,17,9,2,1,5,0,1,0
2376.91,349,5,4,1,1,0,1,0
668.0,264,5,2,0,0,0,1,0
966.17,160,6,0,0,3,0,1,0
632.0,451,2,0,0,4,0,1,0
265.22,33,8,0,0,2,0,1,0
465.24,208,4,0,0,0,0,1,0
1337.05,593,7,0,0,1,1,1,0
1518.17,66,3,0,1,1,0,1,0
1272.26,2,5,1,0,3,0,1,0
811.0,238,4,0,0,7,0,1,0
2787.96,1,4,0,0,0,0,1,0
1168.58,370,5,0,0,4,0,1,0
2215.55,10,6,2,0,1,0,1,0
186.09,190,6,2,0,0,0,1,0
21.71,85,3,0,0,0,1,1,0
1456.49,40,1,0,0,1,0,1,0
263.81,411,8,3,0,0,0,1,0
886.74,246,8,4,0,3,0,1,0
810.7,74,12,1,0,1,0,1,0
5363.65,60,5,2,1,4,1,1,0
1635.98,239,1,0,0,2,0,1,0
1294.47,326,2,1,0,4,0,1,0
2532.57,226,5,0,0,2,1,1,0
1585.25,183,6,1,1,2,0,1,0
693.9,46,3,0,0,0,1,0,0
3201.82,344,3,2,0,2,0,1,0
361.5,249,8,0,0,3,0,1,0
1515.12,131,8,1,0,1,0,1,0
233.32,128,5,2,0,2,0,1,0
1344.72,151,7,1,0,4,0,1,0
1330.07,317,6,4,0,0,0,1,0
5863.22,244,9,2,0,0,0,1,0
229.3,349,3,1,0,2,0,1,0
601.31,127,3,1,0,2,0,0,0
2496.59,176,4,1,0,2,0,1,0
1533.51,347,3,0,1,2,0,1,0
1313.31,47,3,2,0,1,0,1,0
421.52,105,7,0,0,2,0,1,0
607.4,174,8,3,0,2,0,1,0
3808.69,444,5,0,1,1,0,1,0
1041.58,2,7,1,1,3,0,1,0
1596.17,43,4,1,0,3,1,1,0
977.32,48,6,1,0,2,1,1,0
335.93,71,2,2,1,2,0,1,0
2790.04,59,4,0,0,0,0,1,0
1813.9,160,4,1,0,0,0,1,0
10999.85,390,8,3,0,1,0,1,0
397.19,182,4,0,0,1,0,1,0
2496.32,49,3,1,0,2,0,1,0
295.44,358,6,2,0,3,0,1,0
1283.5,179,3,1,1,2,0,1,0
2911.74,44,5,0,1,2,1,1,0
138.08,80,6,1,0,4,0,1,0
893.43,280,4,0,1,0,0,1,0
624.4,241,6,2,1,1,0,1,0
543.51,154,8,0,0,2,0,1,0
1611.97,28,4,2,0,0,1,1,0
3363.33,292,2,0,0,1,0,1,0
959.8,66,5,1,0,4,0,1,0
1346.8,265,10,0,0,1,0,1,0
1229.43,187,7,1,0,2,0,1,0
1098.61,55,2,0,0,2,0,1,0
368.95,42,1,2,0,4,0,1,0
3322.41,25,5,0,1,3,0,1,0
1473.2,49,3,0,0,1,0,1,0
1627.63,30,8,0,0,4,0,1,0
489.55,172,7,1,0,2,0,1,0
692.83,164,2,0,0,1,0,1,0
919.53,158,6,2,0,0,1,1,0
236.48,184,4,0,0,1,0,1,0
202.75,303,1,0,0,1,0,1,0
601.4,440,7,1,1,1,0,1,0
1849.22,47,6,3,0,2,0,1,0
570.7,159,5,0,0,4,0,1,0
395.91,14,3,1,0,1,0,1,0
485.57,23,6,3,0,3,0,1,0
695.52,191,4,0,1,2,0,1,0
769.81,119,8,0,0,1,0,1,0
9561.71,255,11,2,0,3,1,1,0
3148.31,99,7,1,0,0,0,0,0
3055.73,24,7,1,0,1,0,1,0
3528.33,370,7,0,0,3,0,1,0
403.9,15,5,1,0,2,0,1,0
322.99,37,9,0,1,1,0,1,0
362.54,58,2,0,0,2,0,1,0
4165.14,964,8,2,0,1,0,1,0
634.48,97,4,0,0,3,0,1,0
313.76,125,8,1,0,0,0,1,0
712.66,264,6,1,0,4,0,1,0
863.85,182,6,0,0,5,1,1,0
1434.27,331,4,1,0,4,1,1,0
1409.44,119,5,3,0,3,0,1,0
479.06,644,2,0,0,4,0,1,0
2176.9,286,4,0,0,1,1,1,0
578.71,92,7,0,0,2,0,1,0
937.98,86,1,0,0,3,0,1,0
2179.33,477,4,4,0,0,0,1,0
577.19,207,5,0,0,2,0,0,0
620.58,174,3,1,1,3,0,1,0
1981.62,255,7,0,0,2,0,1,0
465.11,148,4,1,0,2,1,1,0
746.36,31,4,1,0,5,0,1,0
1911.69,69,3,1,0,2,0,0,0
8553.47,146,11,0,1,3,0,1,0
2009.02,3,5,1,0,0,1,1,1
1759.24,103,6,0,0,1,0,1,0
1864.6,253,1,1,1,1,1,1,1
374.96,32,9,2,0,2,0,1,0
1231.02,12,5,3,1,3,0,1,0
1064.47,325,5,0,0,1,0,1,0
1512.6,172,6,2,0,6,0,1,0
1232.14,34,6,1,0,2,0,1,0
1603.11,295,5,0,1,3,0,1,0
803.14,193,7,2,0,0,0,1,0
1162.83,73,3,0,0,1,0,1,0
321.23,84,7,1,0,6,0,1,0
796.39,30,7,0,0,1,0,1,0
4406.49,324,4,0,0,2,0,1,0
1508.41,128,3,1,0,4,0,1,0
1073.93,146,3,2,0,1,1,1,0
7303.6,386,6,2,0,3,0,1,0
281.23,2,11,0,0,1,0,1,0
361.6,12,2,0,0,1,0,1,0
6079.7,31,3,0,0,0,1,1,0
1148.21,5,8,0,0,4,1,0,0
860.42,193,5,2,0,2,0,1,0
330.56,180,4,1,1,5,1,1,0
1715.91,42,5,0,1,2,0,1,0
1890.24,29,7,1,0,2,0,1,0
367.05,28,4,0,0,1,0,1,0
953.1,551,4,0,1,1,1,1,0
784.06,212,6,1,0,4,1,1,0
1416.55,158,9,0,0,3,0,0,0
358.08,70,9,2,1,2,0,1,0
3835.09,102,2,1,0,4,0,1,0
2740.3,16,5,1,1,0,0,1,0
762.67,1132,6,0,0,2,0,1,0
883.23,253,7,1,0,3,0,1,0
956.78,174,7,0,0,2,0,1,0
503.55,159,1,1,0,1,0,1,0
703.85,126,5,0,0,3,0,1,0
836.92,53,5,0,0,0,0,1,0
5502.01,46,9,3,1,0,0,1,0
2826.0,143,3,0,0,2,1,1,0
2792.39,13,3,1,0,3,0,1,0
1587.52,13,5,0,0,2,0,1,0
358.77,148,2,1,0,2,0,1,0
1052.06,454,4,0,0,3,0,0,0
2894.27,442,6,1,0,3,0,1,0
311.6,1,4,1,0,4,0,1,0
2072.59,20,7,2,0,4,0,1,0
11188.14,157,1,0,0,1,1,0,0
3171.05,339,1,4,0,1,0,0,1
4509.89,556,1,0,0,1,1,1,0
1364.22,354,4,2,0,0,0,1,0
2886.88,203,4,1,0,1,0,1,0
534.94,40,2,0,0,3,1,1,1
2430.53,13,6,2,0,3,0,1,0
2109.88,8,5,0,0,2,0,1,0
1465.44,170,6,1,0,3,0,1,0
4088.8,6,5,2,0,3,0,1,0
639.84,241,5,0,0,1,0,1,0
909.54,224,4,4,0,1,0,1,0
1206.48,14,5,0,0,3,0,0,0
391.66,426,4,0,0,1,1,1,0
1375.99,132,6,1,0,2,0,1,0
196.58,422,6,0,1,3,0,1,0
3124.27,417,3,1,0,0,0,1,0
1148.99,39,8,2,0,1,0,1,0
651.39,86,7,2,0,2,0,1,0
476.1,26,3,1,0,2,0,0,0
867.33,268,4,3,0,5,0,1,0
2182.57,126,3,0,0,2,0,0,0
1896.45,475,5,0,0,4,0,1,0
541.56,42,4,0,0,2,0,1,0
470.58,209,6,4,1,1,0,1,0
2115.19,815,5,1,0,5,0,1,0
532.54,197,8,0,0,2,0,1,0
1164.34,12,3,1,0,1,0,1,0
1241.1,159,2,1,0,5,0,1,0
1498.26,35,5,1,0,2,0,1,0
2587.04,5,10,1,0,2,0,1,0
310.14,73,8,0,0,5,0,1,0
162.2,55,10,0,0,1,0,0,0
621.76,279,7,2,1,4,0,1,0
6644.39,84,7,0,0,0,0,1,0
8284.77,237,6,1,0,1,0,1,0
6844.34,2,7,1,0,1,0,1,0
904.17,2,9,0,0,1,0,1,0
184.54,5,8,3,1,1,0,1,1
105.32,44,3,1,0,5,0,1,0
593.46,84,5,2,1,1,0,1,0
899.58,168,6,0,0,4,0,1,0
4026.39,767,6,2,0,1,0,0,0
2611.83,78,6,2,0,3,0,1,0
1376.65,10,5,0,1,0,0,1,0
450.41,39,3,2,0,1,0,1,0
419.57,410,7,1,0,1,0,1,0
1413.93,216,7,0,0,4,0,1,0
2201.85,281,3,0,0,2,0,1,0
1622.76,23,5,1,0,2,0,1,0
389.71,26,4,2,0,1,0,1,0
2102.05,21,5,3,0,2,1,1,0
1678.93,350,3,1,0,2,0,1,0
375.9,42,4,1,0,3,0,1,0
500.54,185,3,0,0,2,0,1,0
2183.09,130,7,1,1,3,0,1,0
867.39,141,3,1,0,1,0,1,0
5373.03,39,8,2,0,1,0,1,0
1810.09,181,6,2,0,1,0,1,0
674.09,7,4,2,0,0,0,1,0
1085.5,905,10,1,0,2,0,1,0
1168.39,4,3,0,0,1,0,1,0
529.33,9,6,1,0,3,0,1,0
440.28,70,11,1,0,5,0,1,0
2211.42,320,5,0,1,2,0,1,0
2553.64,53,8,2,0,1,0,1,0
2005.77,114,3,0,1,3,1,1,0
4990.63,3,6,1,0,2,0,1,0
637.93,14,4,0,0,1,0,1,0
5850.43,168,4,2,0,1,0,1,0
445.45,38,3,3,0,3,0,1,0
398.34,213,2,0,0,0,0,1,0
188.68,277,9,1,0,2,0,1,0
702.19,341,6,1,0,2,0,1,0
662.67,25,4,0,0,0,0,1,0
1855.55,109,5,2,0,0,0,1,0
1399.53,529,5,2,0,2,0,1,0
332.63,266,5,3,1,1,0,1,0
740.46,22,3,0,1,2,1,1,0
756.38,125,5,1,0,0,0,1,0
185.68,460,4,1,0,1,0,1,0
411.19,104,2,2,0,2,0,1,0
507.34,326,6,1,0,0,0,1,0
4599.14,123,6,1,0,3,0,1,0
1328.03,20,3,2,0,2,0,1,0
2126.36,28,8,2,1,0,0,1,0
245.03,8,4,1,0,3,0,0,0
3619.95,39,6,0,0,3,1,1,0
4028.31,403,9,3,0,3,0,1,0
148.66,189,2,0,0,1,0,1,0
541.68,241,6,0,0,1,1,1,0
1800.4,174,5,0,1,1,0,1,0
2088.89,87,6,1,0,3,0,1,0
556.41,44,4,2,0,1,1,1,0
807.95,467,6,0,0,2,0,1,0
603.42,130,5,0,1,1,0,1,0
1224.66,118,7,0,0,2,0,1,0
3630.69,998,7,3,0,4,1,1,0
507.23,87,2,0,0,1,1,1,0
2983.4,346,7,3,1,0,0,1,0
501.86,356,6,0,0,1,1,1,0
469.83,47,4,0,1,2,0,0,0
2486.41,17,3,1,0,0,1,1,0
2757.1,668,3,1,0,1,1,1,0
2569.35,99,2,0,0,2,0,1,0
294.18,1,0,0,0,1,0,1,0
688.18,124,4,1,1,3,1,0,1
2497.36,173,5,1,0,4,0,1,0
1143.15,269,5,0,0,0,0,1,0
374.77,515,6,1,0,0,0,1,0
1734.23,444,5,1,0,0,0,1,0
536.57,506,12,1,0,4,1,0,0
6598.02,5,3,0,0,3,0,1,0
5140.17,223,6,2,0,4,0,1,0
2006.4,46,7,1,1,2,0,1,1
4277.0,37,5,0,0,2,0,1,0
1170.04,289,5,1,0,1,0,0,1
2357.69,97,7,2,0,2,0,1,0
4806.48,447,3,0,0,3,0,1,0
1401.78,7,4,1,0,0,1,1,0
849.64,291,3,1,0,1,0,1,0
199.41,26,0,1,0,2,0,1,0
1009.15,34,6,1,0,4,0,1,0
2498.44,116,4,2,0,3,0,1,0
2823.22,90,4,1,0,1,0,1,0
1815.95,119,6,0,0,2,1,1,0
638.23,506,4,1,0,1,0,0,0
151.89,192,3,0,1,1,0,1,1
668.33,61,4,1,0,2,0,1,0
808.88,34,3,2,0,2,0,1,0
801.97,98,2,1,1,2,0,1,0
2035.62,108,5,2,0,1,0,1,0
7987.85,165,3,1,0,3,0,1,0
1240.82,55,4,0,0,2,1,1,0
882.95,262,3,2,0,3,0,1,0
846.22,18,9,1,0,1,0,1,0
1241.88,147,3,0,0,2,1,1,0
479.0,175,7,1,0,0,0,0,0
1236.7,41,5,1,0,3,1,1,0
1721.26,314,9,1,0,1,0,1,0
1352.47,172,3,0,0,0,1,1,0
1732.88,186,3,0,0,5,0,0,0
1692.14,123,5,2,1,1,0,0,0
186.44,432,0,1,0,2,1,1,0
2073.24,213,10,1,0,1,0,1,0
560.59,86,5,2,1,1,0,1,1
366.56,49,2,1,0,1,0,1,0
363.42,13,4,1,0,2,0,0,0
1691.79,32,4,0,0,2,0,1,0
877.81,885,5,0,0,1,0,1,0
203.98,93,4,2,0,3,0,1,1
1768.77,412,7,0,0,2,0,1,0
259.92,33,2,1,0,2,0,1,0
1261.2,99,20,0,0,6,1,1,0
1392.0,581,7,2,1,2,0,1,0
2658.66,17,4,1,0,1,0,1,0
6513.84,162,6,1,0,2,1,0,0
280.15,452,4,2,0,2,1,1,0
1040.57,538,6,1,0,1,0,1,0
831.86,336,2,1,0,1,0,0,1
1692.14,348,2,0,0,0,1,1,0
1360.58,190,7,1,0,1,0,1,0
770.82,44,7,0,0,2,0,1,0
705.63,236,2,0,0,5,0,1,0
359.08,690,5,2,0,1,0,1,0
2944.99,134,5,1,0,4,0,1,0
1735.77,54,4,0,0,1,1,1,0
2745.64,153,4,1,0,4,0,1,0
804.0,211,4,0,0,4,1,1,0
568.59,42,6,0,0,1,0,0,0
373.04,228,13,1,1,1,0,1,0
1570.14,159,4,0,0,5,0,1,0
387.69,170,3,1,0,1,0,0,0
6965.07,65,4,1,0,1,0,1,0
296.59,30,6,0,0,2,0,1,0
1441.82,175,0,1,0,1,0,1,0
5254.58,158,4,0,0,1,0,1,0
1996.38,74,13,1,1,1,0,1,0
1307.24,63,4,1,0,0,0,1,0
416.35,76,6,2,0,0,0,1,0
275.4,121,6,1,0,1,0,1,0
2368.59,662,3,1,0,2,0,1,0
4945.07,259,5,0,0,1,0,1,0
707.08,343,3,1,1,2,0,1,0
351.05,126,6,0,1,1,1,1,0
93.86,134,2,0,0,4,0,1,0
411.26,41,8,0,0,5,0,1,0
978.82,229,6,0,0,2,0,1,0
5426.9,98,6,2,0,4,0,1,0
2149.81,244,8,2,0,4,0,1,0
1487.85,94,5,0,0,1,0,0,0
735.01,20,9,2,0,3,0,1,0
612.06,34,3,3,0,4,0,1,0
4472.25,300,6,1,0,1,0,0,0
1340.42,53,9,1,0,3,0,1,0
133.94,55,2,2,0,1,0,1,0
559.17,477,6,2,1,0,1,1,0
464.88,192,7,2,0,1,0,1,0
635.07,21,2,1,0,1,0,1,0
1925.44,27,4,0,0,1,0,1,0
984.91,57,7,3,0,2,0,1,0
1015.5,162,5,1,1,2,0,1,0
4078.45,251,7,2,1,1,0,1,0
546.5,57,2,0,0,2,0,1,0
7074.13,368,7,1,0,2,1,1,0
560.42,20,4,0,0,1,0,1,0
1198.95,41,4,1,0,1,0,1,0
827.82,633,4,0,0,6,1,1,0
1240.69,26,7,1,0,1,0,1,0
1710.59,394,6,0,0,2,1,1,0
1692.29,219,6,0,0,2,0,0,0
516.4,13,4,0,1,4,0,1,0
356.77,118,7,1,0,3,0,1,0
13402.17,131,5,1,0,3,0,1,0
675.88,484,1,0,0,0,0,1,0
2206.61,98,6,1,1,4,0,1,1
219.72,106,6,0,0,1,0,1,0
829.14,21,3,2,0,3,0,1,0
965.65,183,9,1,0,3,0,1,0
1759.55,42,5,1,1,3,0,1,0
72.06,14,4,0,0,1,0,1,0
1294.84,1040,5,0,0,3,0,1,0
347.32,56,3,0,0,0,0,0,0
1516.78,27,5,2,0,2,1,1,0
389.04,216,2,0,0,1,0,1,0
466.15,310,3,0,0,1,0,1,0
834.12,11,5,0,0,4,0,1,0
382.86,20,7,0,0,0,1,1,0
681.62,17,5,1,1,2,0,1,1
332.49,8,5,1,1,5,0,1,0
175.36,193,3,1,0,2,0,1,0
3034.97,159,8,2,1,2,0,1,0
300.05,195,11,2,0,2,0,1,0
917.19,126,0,1,0,0,0,0,0
2328.29,306,5,0,0,4,0,1,0
592.92,142,7,2,0,2,0,1,0
480.5,451,7,0,1,0,0,1,0
1375.04,119,6,0,0,3,0,1,0
3354.08,281,6,2,1,5,0,1,0
340.59,94,5,1,0,5,0,1,0
943.74,102,2,0,0,2,0,1,0
193.93,340,4,1,0,2,1,1,0
740.11,20,2,0,0,3,0,1,0
1134.79,149,6,1,0,1,0,1,0
466.55,233,12,1,0,1,0,1,0
694.37,249,2,1,0,4,0,1,0
268.21,161,11,1,1,1,0,1,0
1184.5,106,9,1,0,0,0,1,0
3151.69,54,4,1,0,3,0,1,0
366.08,432,1,1,0,2,1,1,0
588.35,83,2,0,0,1,0,1,0
1812.65,288,4,0,1,0,0,1,1
3685.24,5,4,3,0,3,0,1,0
246.36,47,6,0,0,1,0,1,0
926.32,76,6,0,1,4,1,1,0
1455.54,200,6,2,1,1,0,1,0
990.24,69,6,0,0,3,0,1,0
92.13,7,7,1,0,3,1,1,0
1810.01,34,4,1,0,3,0,1,0
5010.73,53,7,1,1,3,0,1,1
1232.33,34,5,1,0,1,0,1,0
391.07,41,2,0,0,2,1,1,0
656.47,263,8,1,1,1,0,1,1
6437.61,95,9,4,0,2,0,1,0
2724.29,93,8,1,0,1,0,1,0
2079.8,611,5,2,1,2,0,1,1
1566.21,106,6,4,0,1,0,1,0
566.15,472,3,1,0,4,0,1,0
897.33,63,2,1,0,2,1,1,0
1014.43,92,5,1,0,5,0,1,0
1899.93,90,8,1,0,2,0,1,0
4958.8,142,4,1,0,5,0,0,0
3355.44,157,7,3,1,0,0,1,0
265.23,51,5,0,1,3,0,1,0
1371.96,284,7,1,0,3,0,1,0
2291.05,123,4,2,0,2,0,0,0
2036.24,1,5,1,0,0,0,1,0
584.51,161,5,0,0,0,0,1,0
20213.57,287,2,2,0,1,0,1,0
305.8,51,2,1,0,0,0,1,0
371.23,6,3,1,0,8,0,1,0
1385.19,296,0,2,0,1,0,1,0
9107.04,673,7,0,0,0,1,1,0
475.23,14,6,1,0,1,0,1,0
840.65,500,3,0,1,2,0,1,0
3220.51,80,5,2,0,1,0,1,0
1077.22,510,5,0,0,0,0,1,0
784.77,188,8,3,0,1,0,1,0
1930.69,397,7,1,0,5,0,1,0
1440.17,277,3,2,1,6,0,1,0
3073.09,5,4,4,1,1,0,1,1
3989.69,12,5,0,1,1,1,1,1
1490.7,134,4,3,1,2,0,1,0
1468.11,24,5,1,0,2,0,1,0
1358.47,111,5,0,0,2,0,1,0
1788.5,556,2,2,0,2,1,0,0
1158.84,62,6,0,1,2,0,0,0
1095.97,120,3,0,0,2,0,1,0
3628.69,87,2,0,0,3,0,1,0
4994.62,178,5,2,0,1,0,1,0
242.85,38,4,0,0,1,0,1,0
1107.68,54,8,1,0,0,1,1,0
550.76,352,3,0,0,1,0,1,0
803.54,300,6,2,0,3,0,0,0
1640.11,280,9,0,0,2,0,1,0
2141.88,265,5,1,0,4,1,1,0
980.31,110,6,0,1,1,0,1,0
161.85,234,9,1,0,1,0,1,0
417.78,88,1,2,0,1,0,1,0
2687.86,19,9,1,0,1,0,1,0
70.78,89,8,0,0,1,0,1,0
3595.46,31,4,2,0,3,0,1,0
1846.84,89,4,3,0,3,0,1,0
4089.49,63,6,0,0,4,0,1,0
899.13,164,3,2,1,1,0,1,1
139.57,80,6,2,1,2,0,1,1
1686.42,220,1,2,1,0,0,1,1
3923.16,129,4,0,0,1,0,1,0
2764.8,453,5,1,0,1,0,1,0
565.27,17,1,1,0,3,0,0,0
1196.03,209,8,0,0,5,0,1,0
643.66,200,4,1,0,3,0,1,0
483.35,541,1,0,1,2,0,1,0
2850.9,83,1,1,0,2,1,1,0
331.12,65,4,2,0,1,0,0,0
448.62,34,8,0,0,2,0,0,0
363.57,55,6,1,0,1,0,1,0
247.09,125,6,1,0,1,0,1,0
1269.55,327,5,1,0,2,0,1,0
3503.45,60,4,0,0,3,1,1,0
911.53,30,7,0,1,1,0,1,0
243.29,57,5,0,0,3,0,1,0
2540.06,19,3,0,0,2,0,1,0
5917.69,470,7,1,0,2,0,1,0
574.65,370,6,1,1,2,1,0,0
679.56,66,5,1,1,4,0,1,0
1836.58,51,7,0,1,1,0,0,0
5551.78,424,7,1,0,2,0,1,0
652.08,1,2,0,1,2,0,1,0
289.32,165,5,1,1,2,0,1,0
2061.97,445,6,0,0,3,0,1,0
2438.33,127,5,0,0,1,1,0,0
1103.38,1,4,1,0,3,0,1,0
627.58,44,2,0,0,3,0,1,0
2964.25,460,1,1,0,2,0,1,0
1859.45,3,5,1,0,1,0,1,0
508.55,90,9,0,0,4,1,1,0
1151.82,280,2,1,0,4,0,1,0
283.81,327,7,0,0,1,0,1,0
2177.41,116,6,2,0,3,0,0,0
843.67,47,5,1,0,2,0,0,0
709.31,164,8,2,1,6,0,1,0
1061.17,55,5,0,0,1,0,1,0
1141.74,53,6,2,0,0,0,1,0
2683.64,296,3,0,0,4,0,1,0
1980.47,30,8,2,0,1,0,0,0
937.85,1,2,0,0,3,0,1,0
2353.52,73,3,0,0,1,0,1,0
1637.19,121,5,1,0,4,0,1,0
715.8,219,10,1,0,0,0,1,0
968.05,273,7,1,0,5,0,1,0
945.56,196,2,1,0,2,0,1,0
1817.58,177,5,1,0,4,0,1,0
759.74,197,1,0,0,2,0,1,0
742.18,57,6,1,0,1,0,1,0
7853.84,86,9,3,0,2,0,1,0
2806.62,172,7,0,0,2,0,1,0
512.55,12,8,1,0,2,0,1,0
1940.97,63,3,5,0,4,0,1,0
1234.41,93,6,2,1,6,0,1,1
1622.22,137,6,1,0,2,0,1,0
1258.08,119,4,2,0,2,0,1,0
3603.43,227,8,0,0,1,0,0,0
1549.4,115,4,0,0,0,0,1,0
1030.62,422,9,3,0,4,0,1,0
3109.42,86,2,0,1,3,1,1,0
1384.76,134,3,2,1,3,0,1,0
1238.28,1,3,5,0,2,0,1,0
1501.2,66,7,2,1,2,0,1,0
998.64,362,7,0,1,5,1,1,0
1106.8,73,8,1,0,1,1,1,0
609.91,52,3,0,0,2,0,1,0
517.41,141,6,2,1,1,0,1,0
404.01,14,4,1,0,1,0,1,0
272.6,136,7,0,1,1,0,1,0
454.99,65,5,0,1,2,0,1,0
921.25,86,8,2,0,2,0,1,0
1215.75,282,4,0,1,1,0,1,0
836.06,195,4,0,0,2,0,1,0
103.99,106,6,2,0,2,0,1,0
5295.36,155,6,2,1,1,0,1,0
3250.23,262,5,2,0,4,0,1,0
1712.59,246,5,1,0,1,0,1,0
7387.1,36,1,1,0,0,0,1,0
412.66,64,4,2,0,2,0,1,0
7241.8,77,2,1,0,1,0,1,0
417.71,37,4,1,0,1,0,1,0
1392.34,2,7,2,0,1,0,1,0
306.79,34,5,1,0,1,1,1,0
1112.87,297,5,0,0,1,0,1,0
1613.51,142,5,2,0,3,0,1,0
939.46,75,1,2,0,3,0,1,0
2239.21,168,5,1,0,0,0,1,0
1210.77,242,4,1,1,0,1,1,0
650.4,78,4,2,1,1,0,1,0
622.15,112,5,0,0,4,0,1,0
2467.38,11,3,0,1,7,1,1,0
570.35,163,6,0,0,2,0,0,1
2739.15,79,3,1,1,1,0,1,0
3724.59,102,5,0,0,2,0,1,0
206.7,98,7,2,0,4,0,1,0
3404.75,180,6,0,1,0,0,1,0
8607.79,152,2,0,0,3,0,1,0
1410.93,98,3,0,0,1,0,1,0
1996.37,3,2,0,1,0,0,1,0
3093.34,174,2,1,0,1,0,1,0
832.57,381,5,0,0,2,0,1,0
1315.91,264,4,3,0,3,0,1,0
294.65,719,3,0,1,1,1,1,0
1259.71,26,6,2,0,0,0,1,0
1804.63,45,1,0,1,3,0,1,0
1837.5,139,10,2,0,2,0,1,0
3182.51,48,8,0,0,1,0,1,0
505.32,6,4,2,0,3,1,1,0
643.8,92,1,0,0,0,0,1,0
7299.11,61,3,0,1,3,0,1,0
943.57,55,9,0,0,2,1,1,0
1339.48,551,3,0,1,1,1,1,0
1025.56,49,9,1,1,1,0,1,0
482.18,24,4,2,0,4,1,1,0
5560.98,24,12,1,0,2,0,1,0
646.97,295,8,1,0,3,0,1,0
355.21,225,2,0,0,2,0,1,0
698.73,24,8,0,0,2,0,0,0
148.16,44,3,0,0,2,0,0,0
571.76,247,5,1,0,1,0,1,0
416.49,57,2,0,1,1,0,1,0
2033.33,718,6,0,1,3,0,0,1
559.24,139,6,0,0,1,0,1,0
2664.59,38,10,0,0,0,0,1,0
4440.33,352,9,0,0,3,1,1,0
2395.09,69,4,2,0,3,1,1,0
884.14,61,7,2,0,3,0,1,0
1262.84,71,2,4,1,2,0,0,0
238.65,263,2,1,0,0,0,1,0
959.32,34,9,0,1,3,0,1,0
463.85,86,3,1,1,3,0,1,0
2195.85,5,4,2,0,2,1,0,1
14367.91,315,3,1,0,3,0,1,0
1807.72,74,2,1,0,3,0,1,0
149.73,51,6,1,0,3,1,1,0
764.15,156,3,1,1,0,0,1,0
1239.53,219,3,1,0,3,0,1,0
1196.74,301,6,1,0,2,0,1,0
528.05,76,7,1,0,2,0,1,0
1401.49,301,9,0,0,2,0,1,0
316.56,112,5,0,0,1,0,1,0
426.28,19,8,0,0,2,0,1,0
2091.84,337,4,0,0,2,0,1,0
397.16,142,3,0,0,2,0,1,0
1878.47,166,5,1,0,1,0,1,0
278.81,499,1,2,1,1,0,1,0
6404.95,147,8,0,0,0,0,0,0
505.59,1,3,3,0,2,0,1,1
876.85,368,3,0,0,2,1,1,0
1526.32,60,5,2,0,3,0,0,0
623.06,125,3,0,1,2,0,0,0
1265.73,41,3,2,1,4,1,1,0
1949.56,63,5,1,1,1,0,1,0
2865.83,208,9,1,0,3,0,1,0
2419.94,101,6,0,1,1,0,1,0
923.52,177,8,0,1,3,0,1,0
947.07,312,5,0,0,0,0,1,0
11488.58,75,3,1,1,5,0,1,0
2835.26,151,7,0,0,2,1,1,0
436.23,270,2,0,0,4,0,0,0
1211.95,226,10,3,0,3,0,1,0
784.35,139,4,1,0,2,0,0,1
957.83,87,3,2,0,0,0,1,0
320.7,94,2,1,1,2,0,1,0
726.38,102,6,1,1,1,0,1,0
6711.35,77,4,1,0,1,0,1,0
1956.82,216,6,0,1,1,0,1,0
90.82,24,7,0,0,1,0,1,0
3702.35,616,5,0,0,2,0,1,0
3260.48,271,6,0,0,0,0,1,0
765.64,63,4,1,0,0,0,1,0
2246.8,7,6,0,0,3,1,1,0
464.33,223,3,0,0,2,0,1,0
685.22,238,6,2,1,3,0,1,0
4907.63,596,6,0,0,7,0,1,0
835.7,52,6,3,0,2,0,1,0
169.06,15,6,0,0,3,0,1,1
1029.36,444,4,3,0,0,0,1,0
1013.75,53,5,1,0,1,1,1,0
3635.02,230,6,0,0,1,1,1,1
1112.47,11,6,4,0,5,0,1,0
719.4,257,6,0,1,0,0,1,0
3118.34,24,7,1,0,1,0,1,0
1237.43,214,3,0,0,2,0,1,0
518.0,136,4,3,0,5,0,1,0
3480.73,560,5,1,0,2,0,0,0
1330.97,6,10,0,0,3,1,1,0
1099.85,62,6,0,1,4,1,1,0
1310.17,12,1,0,0,2,0,1,0
375.9,380,3,0,0,1,0,1,0
647.0,162,6,3,0,3,0,1,0
1100.57,137,3,2,0,2,0,0,0
902.65,25,4,0,1,3,0,1,0
3914.44,120,5,0,1,1,0,1,0
1362.95,91,8,0,0,1,0,1,0
2578.35,68,5,1,0,4,0,1,0
1106.98,266,8,0,1,1,0,1,0
3153.56,11,1,3,1,0,0,1,0
1631.94,187,8,2,0,3,0,1,0
1111.45,311,6,2,0,5,0,1,0
1082.16,428,3,1,0,2,0,1,0
422.23,246,5,1,0,2,0,1,0
1820.59,59,3,3,0,0,0,1,0
1053.42,165,7,0,1,1,0,1,0
663.82,27,5,0,0,2,0,1,0
3315.83,22,2,0,1,1,1,1,0
314.12,183,2,0,0,4,0,1,0
718.74,342,1,0,0,3,0,1,0
3064.74,12,5,1,1,4,0,1,0
1503.46,20,6,0,1,0,0,1,0
1045.39,150,7,1,1,3,1,1,1
1409.52,44,1,0,0,2,0,1,0
1312.14,170,5,4,0,1,0,1,0
240.65,43,3,2,1,1,0,1,0
773.35,22,6,1,0,1,0,1,0
5522.15,141,4,0,0,4,1,1,0
567.18,356,2,0,0,1,0,1,0
797.67,208,6,1,0,4,0,1,0
638.03,307,4,2,0,3,0,1,0
1005.24,55,5,1,0,1,0,1,0
612.09,390,6,3,1,1,0,1,0
1784.23,85,1,1,0,0,1,1,0
1335.84,344,3,0,1,2,0,1,0
2376.89,114,7,1,0,0,0,1,0
383.39,56,5,2,0,3,0,1,0
780.29,54,6,1,1,1,0,1,0
875.05,150,6,2,1,3,1,1,0
1729.6,14,5,3,0,1,0,1,0
496.1,478,5,1,1,2,0,1,0
2739.84,57,8,0,0,1,0,1,0
3591.82,73,7,0,0,2,0,1,0
407.94,47,4,1,1,3,0,1,0
671.24,1,5,0,0,3,1,1,1
644.24,212,7,0,0,1,0,1,0
15250.78,160,4,1,1,2,0,1,0
713.44,298,1,1,0,2,0,1,0
5870.09,7,9,2,0,2,0,1,0
309.01,475,2,0,0,0,0,1,0
407.63,72,3,1,0,1,0,1,0
551.92,439,9,0,0,2,0,1,0
470.74,20,8,1,0,4,1,1,0
838.91,245,7,0,0,1,1,1,0
539.81,155,4,3,0,1,0,1,0
483.31,79,8,0,0,5,0,1,0
3492.85,14,6,0,0,2,0,1,0
3728.62,167,8,5,0,3,1,1,0
2833.58,4,7,2,0,0,0,1,0
1851.96,125,4,0,1,3,0,1,0
1203.2,166,2,0,1,1,0,0,1
667.12,237,6,0,0,2,0,1,0
422.78,854,9,1,0,2,0,1,0
1576.55,54,7,0,0,0,0,1,0
339.13,70,6,0,0,3,1,1,0
405.89,75,10,0,0,2,0,1,0
3473.48,236,5,1,1,3,1,1,0
7336.73,483,6,0,0,2,1,1,0
1625.05,659,6,2,1,2,0,1,0
3315.81,524,1,1,0,2,0,0,0
857.61,380,4,1,0,4,0,1,0
287.82,847,4,3,0,4,0,1,0
2022.67,84,7,0,0,1,0,1,0
1937.76,533,5,0,0,2,0,1,0
1178.11,257,5,1,0,3,0,1,0
860.6,33,2,3,1,1,0,1,0
2870.41,8,6,0,0,1,0,1,0
409.23,43,6,1,1,1,1,1,0
505.84,271,8,1,0,3,0,1,0
400.17,179,5,0,0,4,0,1,0
1193.89,45,5,2,0,4,0,1,0
369.48,243,4,1,0,0,0,1,0
553.22,27,6,1,1,1,0,1,0
541.45,310,8,2,1,0,1,1,1
845.05,284,3,1,0,2,0,1,0
247.8,647,2,2,1,1,0,1,0
1196.56,29,3,2,0,1,1,1,0
3817.32,426,5,1,0,6,0,1,0
1255.75,75,5,3,1,2,0,1,1
5122.11,96,5,0,0,1,1,1,0
4163.03,113,7,2,0,1,0,1,0
2386.86,177,4,1,0,4,0,0,0
1181.67,945,4,2,0,2,0,1,0
1121.59,164,7,2,0,1,0,1,0
2353.83,470,2,2,0,1,0,1,0
741.24,52,3,2,1,3,0,0,0
166.91,91,5,0,0,4,1,1,0
1793.64,126,7,1,0,2,0,1,0
353.87,70,6,2,0,0,0,1,0
418.99,677,4,3,0,2,0,1,0
1096.88,232,3,0,1,4,0,1,0
997.12,117,7,0,1,1,0,1,0
267.18,250,2,0,0,2,1,1,0
1294.0,113,3,1,0,4,0,1,0
2881.71,3,1,0,1,4,0,1,0
354.84,141,6,2,1,1,0,1,0
3914.66,176,4,3,0,2,1,1,0
230.4,715,10,3,0,2,0,0,0
9111.79,7,5,1,0,3,0,1,0
726.86,129,8,0,1,0,0,0,0
1268.53,18,7,0,0,1,0,1,0
165.33,29,2,1,0,2,0,1,0
1030.57,169,5,1,1,2,0,1,0
1378.13,47,3,1,0,3,0,1,0
1006.1,248,5,1,0,0,0,1,0
624.48,129,5,0,0,2,1,1,0
425.57,44,3,1,0,0,0,1,0
3396.59,122,7,0,0,2,0,1,0
1130.94,1,2,3,0,3,0,1,1
5119.19,357,4,1,0,3,0,1,0
647.76,2,7,0,0,1,0,1,0
709.96,1,8,1,0,2,0,1,0
2478.96,170,5,0,0,2,1,0,0
216.38,653,4,1,0,2,0,1,0
325.88,348,3,0,0,0,0,1,0
3286.19,52,8,0,0,0,0,1,0
339.7,39,5,2,0,1,1,1,0
177.85,177,5,1,0,5,0,1,0
7104.81,311,12,1,0,1,0,1,0
272.1,80,7,1,0,1,0,1,0
1318.33,101,2,0,0,0,0,0,1
1175.07,22,8,3,0,1,0,1,0
65.98,29,6,0,1,3,1,1,0
839.4,151,5,1,0,1,0,1,0
1717.14,19,9,1,0,1,0,1,0
1562.92,40,5,0,1,1,0,1,0
2706.8,48,6,0,0,5,0,1,0
744.35,105,8,1,0,2,0,1,0
2236.14,8,3,0,0,3,0,1,0
550.41,124,6,0,0,0,1,1,0
267.61,475,4,0,1,2,0,0,0
299.55,4,4,0,0,1,0,1,1
254.14,179,6,1,0,2,0,1,0
3009.67,325,6,1,0,0,0,1,0
241.15,67,6,1,0,1,0,1,0
1442.36,25,5,1,1,0,1,1,1
840.57,7,4,0,0,0,0,1,0
989.65,185,9,2,1,2,0,1,0
4288.14,144,6,2,0,3,0,1,0
707.38,46,4,2,0,0,0,1,0
2021.51,320,4,1,0,3,0,1,0
1138.61,239,7,1,1,1,1,0,0
941.98,58,6,1,0,2,0,0,0
10937.68,251,6,0,0,2,0,1,0
259.47,50,5,1,0,6,0,0,0
3980.38,202,2,2,0,3,0,1,0
2114.15,22,2,0,0,1,0,1,0
678.9,212,7,0,0,0,0,1,0
5593.27,49,8,1,0,3,0,1,0
172.76,152,3,4,0,3,0,1,1
650.82,34,6,0,0,3,0,1,0
327.51,233,5,0,0,3,0,1,0
1655.87,11,8,0,0,3,1,1,0
360.3,32,5,0,0,0,0,1,0
1690.98,36,3,1,0,1,0,1,0
910.11,7,3,0,0,4,0,1,0
679.02,245,3,2,1,2,0,1,0
1617.52,712,5,0,0,7,1,1,0
838.3,271,3,2,0,4,0,1,0
369.21,354,8,1,0,1,0,1,0
18058.52,1,4,2,0,1,1,1,0
673.73,22,6,0,0,2,0,1,0
119.39,147,3,2,1,0,0,1,0
472.44,685,5,0,0,4,0,1,0
308.81,194,4,3,0,0,0,0,1
2505.25,84,7,0,0,1,0,1,0
1512.7,28,4,0,1,2,0,1,0
1633.88,29,1,1,0,3,0,1,0
757.47,81,2,0,0,2,0,1,0
829.36,225,7,2,0,3,0,1,0
756.78,5,6,0,0,1,0,1,0
1011.11,344,4,1,0,2,1,1,0
2528.38,511,4,3,0,0,0,1,0
1534.68,395,2,2,0,2,0,1,0
1808.25,439,6,1,1,3,0,1,0
1807.25,2,3,2,0,2,0,1,0
2655.64,685,5,2,0,1,0,1,0
1462.86,82,5,1,0,3,0,1,0
1570.03,366,6,0,1,1,0,1,0
3600.42,37,5,2,0,0,1,1,0
563.94,106,3,1,0,2,0,1,0
466.03,8,2,0,0,2,1,1,0
334.98,7,4,3,0,0,1,1,0
1316.74,516,5,1,0,2,1,1,0
171.79,299,6,1,1,2,0,0,0
1740.89,135,7,0,0,2,0,0,0
983.19,134,8,0,0,0,0,1,0
3410.59,248,2,0,1,2,0,1,0
560.08,75,0,3,0,1,0,1,0
894.87,258,3,0,1,0,0,1,0
3368.43,119,6,0,0,1,0,0,0
4372.7,182,4,1,0,1,0,1,0
555.49,602,4,1,0,1,1,1,0
1315.25,114,4,1,0,1,0,1,0
1472.06,97,5,3,0,2,0,0,0
1593.44,425,2,2,0,1,1,1,0
843.39,419,4,0,0,4,0,1,0
3949.65,878,4,2,0,3,1,1,0
165.72,144,2,2,0,2,1,1,0
719.73,75,6,0,1,2,0,0,0
1716.31,49,3,2,0,3,1,1,0
1732.33,6,8,0,0,1,0,1,0
4241.87,233,5,3,0,0,0,1,0
3634.49,47,7,2,0,2,0,1,0
824.24,167,9,2,0,1,0,1,0
4023.35,447,4,0,0,0,0,1,0
536.98,540,5,0,0,4,0,1,0
2781.89,1,2,0,0,2,0,1,0
6704.42,68,7,3,1,3,1,1,1
3695.77,326,3,0,0,1,0,1,0
1218.98,138,2,0,0,2,0,1,0
786.99,296,2,1,0,5,0,1,0
237.79,345,2,0,1,1,0,1,0
1495.98,105,3,0,0,1,0,1,0
359.52,80,5,0,0,2,0,1,0
496.14,109,6,0,0,3,0,1,0
333.37,190,5,0,0,0,0,1,0
692.02,82,0,0,0,3,0,1,0
1066.39,268,4,2,1,2,0,1,0
1441.75,421,6,1,0,1,0,1,1
601.54,59,3,1,0,1,0,1,0
3194.81,603,2,0,0,4,0,1,0
890.51,175,6,0,0,3,1,1,0
498.84,378,6,1,0,2,1,1,0
1375.11,19,9,1,0,4,0,1,0
7813.07,52,6,1,1,1,0,1,0
1533.27,69,3,0,0,4,1,1,0
762.91,64,5,0,1,0,0,1,0
238.06,33,5,0,0,3,0,1,0
880.59,364,4,2,0,4,0,1,0
1387.04,97,5,1,0,1,0,0,0
744.28,594,2,2,0,2,1,0,0
207.39,157,3,0,0,2,0,1,0
468.45,26,5,1,0,0,1,1,0
4696.34,142,4,1,1,3,0,1,0
4600.87,907,1,1,1,3,0,1,0
451.85,149,2,1,0,2,0,1,0
2149.0,1,13,1,0,1,0,1,0
337.45,486,6,2,0,4,0,1,0
4466.3,48,2,3,0,0,0,1,0
1401.41,209,4,0,0,1,0,1,0
2834.56,130,13,0,1,2,0,1,0
197.34,70,7,1,0,2,0,1,0
2159.51,59,3,2,0,2,0,1,0
1088.25,475,6,0,0,2,0,1,0
2570.69,437,2,3,0,3,1,1,0
2737.68,129,5,2,0,1,0,1,0
1171.2,53,4,0,0,2,0,1,0
601.35,19,6,0,0,2,0,0,0
2391.55,30,3,1,1,1,0,1,0
1032.61,132,2,0,1,2,0,0,0
458.16,66,4,0,0,2,0,1,0
436.96,7,5,2,0,1,0,1,0
250.34,109,6,0,0,1,0,1,0
658.33,246,4,0,1,1,0,1,0
3303.35,400,4,1,0,1,0,1,0
1310.06,158,2,1,0,5,0,1,0
645.63,231,6,1,0,2,1,1,0
2452.48,81,6,2,0,1,0,1,0
477.0,123,5,1,0,2,0,1,0
1206.34,235,6,1,0,1,1,1,0
916.32,234,4,0,0,1,0,1,0
2390.2,99,5,1,0,2,0,0,0
226.51,141,6,2,0,2,0,0,0
468.62,463,6,3,0,0,0,1,0
213.1,179,2,0,0,3,0,1,0
845.9,185,6,0,0,6,0,1,0
3682.8,276,5,0,0,1,0,1,0
661.53,22,8,0,0,3,1,0,0
658.07,133,3,0,0,2,1,1,0
2622.08,576,6,3,0,2,0,1,0
3192.47,80,4,0,1,1,0,1,0
1003.68,62,2,0,0,6,0,1,0
2174.85,165,5,1,0,0,0,1,0
373.55,44,5,3,0,2,1,1,0
4350.19,146,6,2,0,2,0,1,0
9402.27,30,5,0,0,1,0,1,0
1846.81,156,2,1,0,3,0,1,0
136.41,166,2,1,0,2,0,1,0
627.52,97,4,1,0,3,1,1,0
2023.99,86,1,2,0,1,0,1,0
719.47,50,6,2,0,2,0,1,0
3913.54,72,2,1,0,1,0,1,0
1974.67,124,4,0,0,3,0,0,0
541.06,51,5,4,0,3,0,1,0
1132.59,274,1,2,1,2,1,1,0
448.62,222,7,1,0,2,0,1,0
913.62,56,2,3,0,1,0,1,0
629.8,18,3,1,0,3,0,1,0
3550.21,1,5,0,1,2,1,1,0
9099.84,163,8,1,0,2,1,1,0
262.12,42,2,0,1,2,0,1,0
160.26,2,4,0,1,2,0,1,1
858.19,80,6,1,1,1,0,0,0
240.23,588,4,2,0,3,1,1,0
1148.5,210,6,1,1,3,0,1,0
2319.1,351,5,1,0,3,0,1,0
4886.06,28,7,0,1,2,1,1,1
1341.3,13,8,0,0,0,0,1,0
904.01,2,5,0,1,0,0,1,0
151.66,560,6,3,0,6,0,1,0
1125.73,64,5,0,1,3,0,1,0
1177.66,110,3,0,0,1,0,1,0
2077.58,90,2,0,0,3,0,1,0
539.97,235,0,2,0,3,0,1,0
709.77,66,7,0,0,1,0,1,0
250.13,138,4,0,0,1,0,1,0
110.91,975,5,1,0,4,0,1,0
361.95,105,2,0,0,2,0,1,0
228.07,144,5,1,0,0,0,1,0
1535.66,125,2,3,0,6,0,1,0
653.19,292,2,1,0,1,0,0,0
640.19,55,3,1,1,2,0,1,0
409.77,33,5,1,0,1,0,1,0
43.27,252,6,1,0,3,0,1,0
4955.78,96,7,0,0,2,1,1,0
403.32,441,7,0,0,7,0,1,0
726.02,185,6,1,0,2,0,0,0
255.98,149,2,1,0,4,0,1,0
2898.45,13,6,0,0,2,0,1,0
1265.76,235,6,1,0,2,0,1,0
479.93,208,5,3,0,0,0,1,0
740.83,183,6,0,0,3,0,1,0
5873.35,56,3,1,1,1,0,1,1
1019.46,527,10,1,1,3,1,1,0
914.4,69,4,2,0,5,0,1,0
427.78,29,11,1,0,1,0,1,0
164.91,784,5,1,0,3,0,1,0
934.45,246,2,1,0,3,0,1,0
1518.51,96,7,1,1,2,0,1,0
3293.1,494,5,1,0,5,0,1,0
115.76,17,3,0,1,2,0,1,0
355.99,16,6,2,0,1,0,1,0
613.55,206,4,0,0,1,0,1,0
1092.82,35,10,2,0,1,0,1,0
948.58,448,6,2,1,0,0,1,0
970.99,330,3,1,0,2,0,1,0
1649.28,65,5,0,0,3,0,1,0
444.39,395,4,1,0,3,0,1,0
2790.96,7,6,0,0,2,0,1,0
1691.64,143,5,0,1,0,0,1,0
796.45,493,7,2,0,2,0,1,0
5436.59,348,8,5,1,1,0,1,1
5200.01,79,5,1,0,0,0,1,0
2787.49,36,3,0,0,0,0,1,0
53.59,42,7,0,0,1,0,1,0
5318.49,130,5,2,0,5,0,1,0
2427.84,163,5,1,0,2,0,1,0
8155.18,6,5,1,0,1,0,0,0
3779.94,96,4,2,0,4,0,1,0
5315.29,319,9,1,0,2,1,0,1
2640.32,105,6,4,1,2,1,1,0
4224.66,33,5,1,0,1,0,1,0
8055.61,557,8,1,0,3,0,1,0
1361.79,55,4,1,1,1,0,1,0
227.64,288,6,2,0,0,0,1,0
806.37,38,2,1,0,4,0,1,0
1619.62,99,4,1,0,3,0,1,0
1181.91,121,4,1,0,1,1,1,0
315.27,124,1,2,0,0,0,1,0
214.63,130,5,2,1,2,0,1,0
522.61,45,7,1,0,2,0,1,0
2459.56,130,5,1,0,0,0,1,0
5325.91,118,4,3,0,3,0,1,0
2742.34,42,7,1,0,3,0,1,0
3157.16,799,5,0,0,1,0,1,0
1011.49,361,9,2,1,1,0,1,0
192.08,393,4,1,1,2,0,1,0
695.6,208,8,2,0,5,0,1,0
846.61,31,2,0,0,4,0,1,0
667.11,151,1,1,0,2,0,1,0
1158.28,310,5,1,0,2,0,1,0
1705.17,7,2,2,0,1,0,1,0
2573.48,123,1,0,0,0,1,1,0
830.38,90,7,3,1,2,0,0,0
163.41,42,6,0,0,0,0,1,0
676.63,85,2,1,0,3,0,1,0
1145.63,738,5,0,1,2,0,1,0
3724.95,231,6,0,0,3,0,1,0
621.53,64,9,3,0,1,0,1,0
1830.86,167,2,0,0,4,1,1,0
1465.7,50,3,3,0,2,0,1,0
1145.85,169,8,0,1,0,0,1,0
2780.91,407,9,1,0,0,0,1,0
566.32,146,8,0,0,2,1,1,0
616.97,237,4,0,1,0,0,1,0
1083.66,108,2,0,0,2,1,1,0
578.16,133,7,3,0,3,0,1,0
1822.59,213,7,0,0,4,1,0,0
537.43,301,10,0,0,1,0,0,0
1375.13,193,7,1,0,3,0,1,0
992.1,682,6,0,0,2,0,1,0
1359.57,308,3,0,0,0,1,1,0
692.47,270,5,1,0,1,0,0,0
781.26,335,5,0,0,1,0,1,0
1207.14,59,6,1,0,2,1,0,0
1342.21,101,4,1,0,5,0,1,0
1092.03,149,5,0,0,3,0,1,0
6035.19,111,10,1,0,3,1,1,0
407.18,338,8,1,1,1,1,0,0
1028.44,4,2,1,0,3,0,1,0
227.32,42,6,1,0,3,0,1,0
1590.94,384,3,1,0,2,0,0,0
359.51,10,2,0,1,4,0,1,0
830.22,46,7,0,0,6,0,1,0
755.92,77,10,3,0,1,0,1,1
1452.28,250,4,2,1,1,0,1,0
630.94,147,6,0,0,1,1,1,0
604.68,556,1,2,1,5,0,0,1
4609.42,46,2,2,0,1,0,1,0
1457.63,370,4,3,0,2,0,1,0
625.75,59,5,1,1,3,0,1,0
853.35,50,4,2,0,3,0,1,0
5683.68,124,8,1,0,5,0,1,0
866.82,13,8,0,0,5,0,1,0
550.44,87,3,2,0,2,0,1,0
552.8,79,7,1,0,2,0,1,0
633.26,31,3,1,0,5,1,0,0
605.17,354,3,2,0,1,0,1,0
305.01,87,6,2,0,3,0,1,0
356.31,722,5,2,0,2,0,1,0
478.51,413,9,0,0,2,0,1,0
1981.42,39,5,0,0,4,0,1,0
749.02,126,8,1,1,1,1,1,0
891.44,165,5,1,0,0,0,1,0
3905.29,307,4,0,0,1,0,1,0
4003.83,390,7,1,0,1,0,1,0
827.06,176,5,1,0,4,0,1,0
583.55,6,7,2,0,1,0,1,0
462.0,118,2,1,0,2,0,1,0
2192.45,389,4,2,0,4,0,1,0
893.63,225,7,1,0,1,0,1,0
745.09,367,2,3,0,1,0,1,0
486.06,201,7,2,0,4,1,1,0
507.92,8,5,2,1,7,0,1,0
1510.29,619,6,5,1,3,0,1,0
294.29,450,8,0,0,2,0,1,0
2965.7,24,7,3,0,0,0,1,0
643.01,21,6,3,1,2,0,1,0
944.22,139,5,2,0,3,0,1,0
288.02,254,3,1,0,1,0,1,0
1083.16,86,3,1,0,1,0,1,0
789.72,26,6,1,1,0,0,1,0
1043.07,128,7,1,1,4,0,1,0
4777.67,74,4,2,0,0,0,1,0
1309.89,78,6,1,0,2,0,1,0
495.39,186,7,1,0,2,0,1,0
538.44,390,3,2,0,2,0,1,0
1988.49,147,3,1,0,3,0,1,0
4018.62,209,9,1,0,3,0,1,0
1453.77,194,7,1,1,3,0,1,0
2183.56,144,4,0,1,3,0,1,0
2017.75,66,6,0,0,1,0,0,0
4532.66,85,4,3,0,3,0,0,0
156.09,68,2,0,1,1,0,1,0
2137.13,449,2,0,0,1,0,1,0
2932.87,315,3,3,0,3,0,0,0
287.52,155,9,0,0,3,0,1,0
452.29,437,8,2,0,1,0,1,0
468.35,391,6,0,0,2,0,1,0
529.12,472,7,2,0,1,0,1,0
677.41,45,3,1,1,2,0,1,0
1397.73,227,4,1,0,1,0,0,0
2606.27,169,8,1,0,2,0,1,0
3233.49,238,7,0,1,4,1,0,1
474.46,55,9,1,0,2,0,1,0
471.21,213,6,1,0,2,1,1,0
4088.04,94,6,0,0,2,0,1,0
2093.82,323,7,0,0,5,0,1,0
1191.38,285,1,2,0,2,0,1,0
1760.47,42,3,0,0,2,0,1,0
1064.43,36,5,2,0,3,0,1,0
1853.04,227,7,2,0,2,0,1,0
783.63,143,5,1,0,4,0,1,0
1434.83,146,1,1,1,0,0,1,0
242.12,251,7,0,0,2,0,1,0
551.27,347,2,1,0,2,0,1,0
557.24,49,5,0,0,2,0,0,0
754.16,145,5,1,0,2,0,1,0
434.19,317,6,1,0,0,0,1,0
643.2,371,3,0,0,2,0,1,0
241.19,60,11,2,0,3,0,1,0
1898.27,19,2,1,0,1,1,1,0
1009.78,47,4,2,0,2,1,1,0
199.3,523,5,0,0,0,0,1,0
475.88,111,5,1,0,1,0,1,0
1535.48,97,6,1,0,3,0,0,1
637.13,2,4,0,0,2,0,1,0
546.24,9,7,1,1,1,0,1,0
1017.81,198,6,0,0,3,0,0,0
1546.26,160,5,1,0,2,0,1,0
260.77,154,5,0,0,6,0,1,0
1900.99,21,6,1,0,3,0,1,0
492.6,78,6,2,0,3,0,1,0
1077.15,301,6,1,0,3,0,1,0
1058.47,34,6,5,0,2,0,1,0
647.38,385,6,0,0,4,0,1,0
394.0,23,1,1,0,2,0,1,0
824.12,33,7,4,0,4,0,1,1
5571.0,116,9,3,0,1,0,1,0
280.99,523,2,1,1,0,0,1,0
5956.94,71,7,2,0,1,0,1,0
845.8,193,8,1,0,2,0,1,0
1136.12,159,6,0,0,2,0,1,0
369.92,29,8,0,0,0,0,1,0
507.11,51,5,1,1,4,0,1,0
663.21,479,4,1,0,3,0,1,0
385.41,36,3,0,0,2,1,1,0
889.88,213,4,1,0,2,0,1,0
729.96,601,5,0,0,1,1,1,0
6979.84,22,5,0,0,3,1,1,0
341.73,91,3,3,1,0,0,1,1
1215.23,45,5,1,0,3,0,1,0
1405.08,45,7,0,0,1,0,1,0
376.03,22,7,2,0,2,0,1,0
2179.45,188,4,1,1,2,0,1,0
736.33,246,9,0,0,1,0,1,0
90.7,203,2,1,0,3,0,1,0
2121.44,465,2,2,0,2,0,1,0
358.91,28,4,0,0,1,1,1,0
384.61,69,1,3,1,2,0,1,0
2181.79,76,9,1,1,1,0,1,0
774.98,47,2,2,0,2,0,1,0
2745.65,27,3,1,1,4,0,1,0
3678.15,120,6,1,0,2,0,1,0
575.4,323,2,0,0,2,1,1,0
2424.21,556,7,1,0,1,0,1,0
515.19,24,3,1,1,2,0,1,0
10230.37,311,5,0,0,0,0,1,0
548.42,313,6,0,0,2,0,1,0
3059.75,88,4,1,0,1,0,1,0
2549.85,20,3,1,0,2,0,1,0
1504.31,829,7,2,0,0,0,1,0
560.85,191,6,3,0,1,0,1,0
942.56,725,4,0,0,4,0,1,0
127.28,118,8,1,0,3,0,1,0
1372.54,90,6,1,0,1,0,1,0
1555.6,51,6,2,1,0,0,1,0
1253.25,739,6,3,0,1,0,1,0
56.08,52,4,0,0,0,0,1,0
309.32,4,2,2,1,3,0,1,1
519.0,129,0,0,1,4,1,1,1
1468.0,85,5,1,0,2,1,1,0
1464.6,54,5,1,0,3,1,1,0
924.98,181,5,2,0,0,0,1,0
2069.88,81,2,2,0,4,0,1,0
392.98,92,3,1,0,2,0,1,0
2018.75,4,3,0,1,3,0,1,0
1762.95,160,7,1,0,2,0,0,0
1599.67,23,0,1,0,0,0,1,0
914.12,43,5,0,0,3,0,1,0
6841.37,227,7,0,0,5,0,1,0
1795.78,67,5,2,0,3,1,1,0
416.41,32,2,0,0,3,0,1,0
1405.72,155,3,4,0,3,0,1,0
2327.34,43,4,2,0,4,0,1,0
609.04,56,5,0,0,1,1,1,0
3259.31,174,6,1,1,2,1,1,0
1606.85,242,9,0,0,1,0,1,0
105.37,242,3,0,0,1,0,0,0
1479.81,118,7,2,1,4,0,1,0
730.68,109,4,2,1,2,0,1,0
1876.53,278,5,0,0,2,0,1,0
2819.22,38,7,3,0,1,0,0,0
1332.97,29,6,0,0,5,1,1,0
5797.91,196,6,1,0,3,0,1,0
917.17,94,4,1,0,5,0,1,0
2048.41,222,4,0,1,2,0,1,0
2452.69,53,1,0,0,1,0,1,0
994.91,70,5,3,0,2,0,1,0
2389.34,408,4,1,0,1,0,1,0
605.06,98,4,0,0,0,0,1,0
718.69,160,6,2,0,0,0,1,0
295.16,20,4,0,0,1,0,1,0
1396.06,35,7,0,1,3,0,1,0
1518.16,6,6,2,0,2,1,0,1
3566.23,99,8,2,1,3,0,1,0
2419.07,810,7,1,0,3,0,1,0
824.85,372,7,1,0,1,0,1,0
337.59,180,1,2,0,2,0,1,0
1690.62,355,6,0,1,3,0,1,0
3330.09,162,4,2,0,3,1,1,0
2333.64,82,5,0,0,3,0,1,0
3243.72,34,6,3,0,3,0,1,0
887.24,190,4,1,0,4,1,1,0
687.72,38,3,1,1,1,0,1,0
524.84,97,6,0,0,6,0,1,0
1037.02,314,3,1,0,1,0,1,0
1013.75,24,3,2,0,0,0,0,0
1348.4,24,4,0,0,1,0,1,0
963.63,45,0,1,0,2,0,1,0
959.46,144,6,1,0,2,0,1,0
504.37,52,6,1,0,0,0,1,0
2811.91,125,6,0,0,3,1,1,0
1183.84,64,5,0,0,4,0,1,0
921.09,127,6,1,0,1,1,1,0
519.35,58,5,1,0,0,0,0,0
289.48,704,5,0,1,4,0,1,0
4056.05,122,6,3,0,1,0,1,0
1909.58,245,7,3,1,2,0,1,1
216.17,217,5,0,0,3,0,1,0
2352.28,121,3,2,0,2,0,1,0
2758.61,49,8,0,1,1,0,1,0
1241.87,128,1,0,0,3,0,1,0
5421.41,205,2,0,1,3,0,1,0
1362.01,110,8,0,1,1,0,0,0
265.91,15,6,0,0,2,0,1,0
1579.98,3,4,2,0,2,0,1,0
1400.94,71,6,2,1,1,0,1,0
599.86,29,9,0,0,4,0,1,0
1946.05,425,2,1,0,5,0,1,0
206.92,34,6,0,0,2,0,1,0
2952.97,90,10,1,0,0,0,1,0
455.72,224,5,1,0,0,0,1,0
409.55,304,9,0,0,0,0,1,0
978.65,116,5,0,0,4,0,1,0
1690.83,35,5,1,0,1,0,1,0
1291.97,56,8,1,0,1,0,1,0
521.83,97,8,1,1,1,0,1,0
661.1,81,6,0,0,1,0,1,0
353.17,77,5,2,0,2,0,1,0
875.96,25,3,1,0,1,0,1,0
3213.2,440,5,3,0,3,0,1,0
1091.97,5,3,2,0,2,0,1,0
2590.0,104,3,2,1,1,0,1,0
4700.39,707,4,0,0,3,0,1,0
609.1,194,4,1,0,4,0,0,0
909.98,79,7,2,0,3,0,1,0
9616.09,28,4,0,1,5,0,1,0
4648.7,597,8,0,0,1,0,1,0
205.94,2,5,2,1,2,0,1,0
1615.09,205,8,1,0,6,1,0,0
1097.25,381,4,0,0,3,0,0,0
2506.02,4,9,2,1,1,0,1,1
520.62,232,9,0,0,2,0,1,0
473.61,1216,6,0,0,2,0,1,0
557.76,183,3,3,1,0,0,1,0
618.98,96,1,1,0,5,0,1,0
2478.29,373,4,2,0,3,0,1,0
336.57,145,6,3,0,2,1,1,0
588.39,249,4,3,0,1,0,1,0
183.27,159,3,2,0,2,0,1,0
3002.25,7,5,1,0,2,0,1,0
3908.97,43,1,0,0,2,0,0,0
790.71,14,4,2,0,4,1,1,0
814.07,20,7,0,0,3,0,1,0
1725.41,2,6,1,1,2,0,1,1
4790.94,98,3,1,0,1,0,1,0
1650.13,35,8,0,1,4,0,0,0
545.91,348,5,0,0,2,0,1,0
217.28,249,5,1,1,2,1,0,1
359.56,153,1,0,0,4,0,1,0
1179.94,120,4,0,0,3,1,0,0
569.45,53,2,0,0,0,0,1,0
1332.71,115,6,2,1,2,0,1,0
630.85,184,6,1,1,0,0,1,0
380.64,274,5,3,0,0,1,1,1
337.97,15,6,1,1,2,1,1,0
5230.98,221,5,0,1,2,0,1,0
2667.74,244,7,1,0,1,0,1,0
6188.93,147,4,1,1,6,0,1,0
1881.74,43,6,2,0,3,1,1,0
713.38,139,6,1,0,2,0,1,0
4118.9,125,2,3,0,5,0,1,0
1060.96,116,6,0,0,2,0,1,0
1367.64,111,2,0,1,3,0,1,0
1050.66,21,4,1,1,3,0,1,0
57.58,36,1,3,0,2,0,1,0
5457.44,18,6,2,0,4,0,1,0
1791.85,49,7,0,1,2,0,0,0
1525.11,55,5,0,0,4,0,1,0
1030.94,50,5,3,0,2,0,1,0
1291.33,42,4,5,0,4,0,1,0
603.48,239,6,1,0,1,0,1,0
2031.6,307,2,1,0,2,0,1,0
296.75,71,5,1,0,1,1,1,0
1320.9,65,4,1,0,3,0,1,0
1922.87,334,4,1,0,2,0,1,0
899.04,176,7,1,0,2,1,1,0
1589.01,62,6,3,0,0,0,1,0
406.94,225,5,0,1,1,0,1,0
417.45,76,8,0,1,1,0,0,0
1389.52,158,4,0,1,5,0,1,0
2161.48,883,6,0,0,1,0,0,0
168.2,64,6,0,0,3,1,1,0
1848.3,480,7,1,0,1,0,1,0
637.02,69,1,0,0,1,0,1,0
904.33,139,5,0,0,2,0,1,0
287.29,110,7,1,0,4,0,0,1
467.96,275,6,1,1,3,0,1,0
2881.67,11,5,1,0,3,0,1,0
1133.27,177,2,1,0,4,1,1,0
747.86,257,6,1,0,1,0,0,0
976.05,115,6,1,0,0,0,1,0
1788.64,20,3,4,0,0,0,0,0
1703.59,50,10,3,1,4,0,1,1
1017.37,204,4,0,0,3,0,1,0
3271.35,406,5,2,0,3,0,1,0
2894.2,98,4,0,0,3,0,1,0
1658.01,147,4,3,0,0,0,1,0
1158.19,46,8,2,1,1,0,1,0
2116.08,95,5,1,0,0,0,1,0
1501.57,73,5,0,0,1,0,1,0
3167.82,191,6,2,0,2,1,1,0
2696.1,752,5,3,0,0,0,1,0
396.13,302,9,2,0,4,0,1,0
370.2,38,5,3,0,3,0,1,1
543.89,155,5,0,0,2,0,1,0
2910.67,12,3,2,0,1,0,1,0
226.71,51,6,1,0,4,0,0,0
1627.43,34,9,1,0,1,0,1,0
1575.84,73,2,1,0,1,0,1,0
3507.46,204,2,3,0,2,0,1,0
1313.35,124,4,1,0,3,0,1,0
286.23,486,1,1,0,3,1,1,0
420.16,43,5,0,0,2,0,1,0
336.3,81,5,2,1,1,0,1,0
640.38,72,2,0,0,2,0,1,0
913.33,48,3,1,0,4,0,1,0
341.91,897,6,0,0,0,0,0,0
4772.67,88,5,1,0,2,0,1,0
291.41,507,4,1,0,1,0,1,0
4213.73,89,8,0,0,2,0,0,0
3587.33,41,6,3,0,5,0,1,0
2692.71,22,6,4,0,0,0,1,0
547.98,348,4,1,0,3,0,1,0
1544.49,5,3,1,0,2,1,1,0
305.71,600,6,1,0,1,1,1,0
2726.86,97,3,1,0,4,0,1,0
1018.43,51,4,0,0,1,0,1,0
728.28,172,2,0,0,2,1,1,0
322.55,25,5,1,0,5,0,0,0
92.06,13,2,1,1,1,0,1,0
388.18,316,3,0,1,0,0,1,0
3336.9,99,6,0,1,0,0,1,0
733.02,131,4,1,0,1,0,0,0
925.81,34,5,1,0,1,0,0,0
2112.35,11,5,2,0,1,0,1,0
6671.96,82,6,2,0,1,0,1,0
4125.76,126,9,1,0,3,0,1,0
414.75,261,2,0,0,6,0,1,0
157.19,125,6,0,0,0,0,1,0
11609.91,274,6,1,0,1,1,1,0
10604.05,22,3,0,1,3,0,1,0
1324.05,11,6,1,0,1,0,1,0
307.82,31,7,1,0,3,0,0,0
2873.33,266,5,2,0,1,0,1,0
984.38,256,7,0,0,1,0,0,0
979.48,27,6,1,0,1,0,1,0
2682.38,5,3,1,0,4,0,1,0
1532.07,208,2,0,0,2,0,1,0
335.02,347,2,1,0,3,1,1,0
792.55,252,9,0,0,1,0,1,0
2124.21,40,6,2,0,0,0,1,0
1826.67,157,1,2,0,2,1,1,1
1425.13,254,7,0,0,2,0,1,0
2788.96,53,9,1,0,1,1,1,0
763.78,135,4,2,0,1,1,1,0
1311.16,67,1,0,0,0,0,1,0
37.5,46,5,0,1,3,0,1,1
699.49,628,8,0,1,0,0,1,0
2354.07,438,10,2,0,2,1,1,0
742.19,106,4,0,0,4,0,1,0
687.99,26,7,0,0,2,0,1,0
387.05,234,2,2,1,4,0,1,0
2991.01,53,3,2,0,0,0,1,0
1897.82,33,3,0,1,2,0,1,0
2503.42,86,7,0,0,1,0,1,0
195.15,135,5,3,1,3,1,1,1
934.07,18,6,1,0,3,0,1,0
828.73,152,6,1,0,0,0,0,0
828.34,2,6,0,0,3,0,1,0
592.28,400,4,0,0,2,1,0,0
775.8,456,7,1,1,3,0,1,0
2564.82,237,10,0,0,2,0,0,1
161.93,113,2,1,0,0,1,1,0
6485.31,52,4,1,0,4,0,1,0
1779.06,245,4,3,0,2,0,1,0
1051.18,483,3,0,0,1,0,1,0
2715.78,31,7,1,0,5,0,1,0
256.77,112,6,1,0,3,0,1,0
564.14,68,5,0,0,1,0,1,0
971.58,79,6,0,0,7,0,0,0
4296.52,93,1,2,0,2,0,1,0
1046.81,545,6,2,0,1,0,1,0
1719.96,53,3,2,0,0,0,1,0
608.15,122,10,1,0,3,0,1,0
1784.41,544,4,1,1,1,0,1,0
5867.83,116,8,3,0,3,1,1,0
2967.65,358,8,0,0,5,0,1,0
1010.85,10,7,3,0,1,0,1,0
2154.88,550,4,1,0,2,0,1,0
1953.77,37,4,0,1,4,0,1,0
1819.99,703,5,0,0,3,0,1,0
3334.08,34,8,1,0,4,0,1,0
3309.25,105,4,3,1,1,0,1,0
965.69,66,4,2,0,1,0,1,0
2083.66,102,6,0,0,1,0,1,0
747.63,51,8,2,1,6,0,1,0
435.69,605,4,1,1,1,1,1,0
837.57,65,4,0,0,6,0,1,0
1016.09,190,3,0,1,2,0,1,0
208.18,26,3,0,0,2,0,1,0
2592.38,313,4,1,0,6,0,1,0
68.9,140,2,0,0,5,0,1,0
16561.18,699,4,1,1,2,1,1,0
4924.01,99,6,2,0,2,0,1,0
844.71,39,8,0,0,0,0,1,0
1107.02,76,9,1,0,2,1,0,1
1484.71,240,6,1,0,3,0,1,0
608.4,193,4,1,0,1,1,0,0
1329.58,271,3,1,0,1,0,1,0
949.56,13,5,0,0,3,0,0,0
997.97,156,2,1,0,2,0,1,0
1314.83,484,6,1,0,4,0,1,0
294.85,20,3,0,0,3,1,1,0
1140.9,17,5,0,0,4,0,1,0
1291.36,226,9,1,0,1,1,1,0
1247.44,68,2,0,0,3,0,1,1
883.75,193,4,1,0,1,0,1,0
3421.58,141,4,1,1,2,0,0,0
769.97,769,4,1,0,2,1,1,0
1376.54,395,1,2,0,4,0,0,0
4013.01,204,1,1,1,3,0,0,0
1012.95,54,3,0,0,1,0,1,0
1358.94,54,6,1,1,3,0,1,0
995.87,385,6,0,1,2,0,1,0
3779.59,158,5,2,0,1,0,1,0
847.49,280,5,2,0,1,0,1,0
3957.45,107,4,1,1,0,0,1,0
988.72,19,2,1,1,0,0,1,0
464.3,72,4,0,0,6,0,1,0
2163.26,31,8,2,1,1,0,1,0
808.62,274,6,1,0,2,0,1,0
2039.58,217,6,0,0,0,0,1,0
71.56,16,3,1,0,4,0,1,0
1102.36,174,4,4,0,3,0,1,0
692.56,373,2,1,0,2,0,1,0
378.7,215,7,0,0,0,0,1,0
630.66,128,8,1,0,3,0,1,0
617.88,67,8,0,1,2,0,1,0
1045.25,392,4,0,1,2,0,1,0
279.41,98,4,0,0,4,0,1,0
1504.59,348,6,2,0,3,0,1,0
4299.33,275,5,0,0,1,0,1,0
1452.34,304,1,0,0,1,0,1,0
2462.64,825,3,0,0,2,0,1,0
3276.6,248,6,1,0,1,0,1,0
3776.26,6,3,0,0,2,0,1,0
7116.27,41,4,0,1,2,0,0,0
665.67,6,4,0,0,1,0,1,0
534.6,37,7,0,1,4,0,0,0
2400.58,11,6,0,0,1,0,1,0
2226.68,125,9,2,0,0,1,1,0
2381.95,5,2,0,0,2,0,1,0
7253.81,115,5,1,0,2,0,1,0
1109.17,412,8,1,1,2,0,1,0
1679.34,248,3,1,0,1,0,1,0
411.42,518,5,0,0,2,1,1,0
9277.26,46,9,0,0,1,0,1,0
783.25,136,10,2,0,5,0,1,0
805.76,69,5,0,0,2,0,1,0
775.3,122,4,2,1,6,0,1,0
575.42,146,5,0,0,3,0,1,0
528.77,6,6,0,0,2,0,1,1
649.56,47,4,2,0,5,1,0,0
279.84,219,4,0,1,1,0,1,0
500.04,266,12,3,0,1,0,1,0
7699.9,151,5,1,1,2,0,1,0
2288.51,56,6,1,1,1,0,1,0
2768.07,93,6,0,0,1,0,1,0
3558.91,18,2,0,0,2,0,1,0
6864.61,551,7,1,1,5,0,0,1
186.53,365,3,1,0,3,0,0,0
320.58,12,3,0,1,4,1,1,0
490.92,32,5,0,0,3,0,1,0
685.58,156,0,2,0,2,0,0,0
811.94,47,7,1,0,2,0,0,0
701.36,490,2,2,0,1,1,1,0
1365.55,253,7,1,0,2,0,1,0
1136.03,57,2,0,0,2,1,1,0
532.28,1,5,0,1,0,0,1,0
124.52,289,5,2,1,1,0,1,0
406.32,99,2,1,0,3,0,1,0
633.18,185,5,2,0,0,0,1,0
856.56,60,5,2,0,4,0,1,0
354.37,27,5,2,1,6,0,1,0
671.28,202,7,0,0,5,0,1,0
353.9,107,11,1,1,2,0,1,0
966.98,48,3,0,0,2,0,1,0
374.99,26,8,0,0,4,0,1,0
469.23,156,6,1,0,1,0,1,0
296.28,232,10,0,0,4,0,1,0
940.58,60,3,0,1,6,0,1,0
461.07,239,4,2,0,1,0,1,0
2715.64,36,3,0,0,1,0,1,0
1645.58,74,5,0,1,1,0,1,0
1022.65,245,4,2,0,1,0,0,0
493.99,194,6,0,0,4,0,1,0
1604.42,56,2,2,0,1,0,0,0
2187.91,23,11,0,0,2,0,1,0
1264.82,7,3,2,1,1,1,1,0
5451.8,327,3,3,0,4,0,1,0
1736.52,14,12,1,0,3,0,1,0
2734.24,21,3,1,0,0,0,1,0
1253.34,48,5,0,0,5,0,1,0
2155.26,106,3,3,1,5,0,1,1
494.34,280,8,0,0,2,0,0,0
693.4,51,6,0,0,1,1,1,0
1555.21,141,3,1,0,2,0,1,0
1543.95,17,6,5,0,1,0,1,0
1821.86,112,3,0,0,0,0,1,0
3295.76,35,10,0,0,1,0,1,0
263.76,42,5,0,0,3,0,0,0
413.87,82,5,1,0,1,0,1,0
1379.63,257,2,0,0,0,0,1,0
531.46,245,5,0,0,2,1,1,0
32137.16,96,2,1,1,7,0,1,0
1836.69,22,4,0,0,1,1,1,0
1014.01,59,6,0,0,1,0,1,0
654.93,126,6,0,0,2,0,1,0
678.47,366,8,0,1,1,0,1,0
1130.19,621,3,0,1,1,0,1,0
1226.58,182,5,1,1,1,1,1,0
694.58,77,4,2,1,2,0,1,1
834.51,212,6,1,0,4,0,1,0
4206.07,73,9,1,0,3,0,1,0
4378.69,176,3,1,0,2,0,1,0
1410.97,50,2,1,0,1,0,1,0
286.79,55,3,1,0,5,0,0,0
1879.02,14,7,1,0,3,0,1,0
5188.93,98,3,1,1,2,0,1,0
4314.69,173,5,1,0,1,1,1,0
2285.7,279,2,1,0,5,0,1,0
4547.91,299,4,0,0,1,0,1,0
1156.77,879,2,6,0,1,0,0,0
2055.15,16,2,0,0,2,0,1,0
555.14,122,5,3,0,5,0,1,0
1468.89,132,6,0,0,2,0,1,0
4144.49,293,4,1,0,1,0,0,0
608.24,55,7,1,0,1,0,1,0
463.38,12,4,2,0,2,1,0,1
1208.93,67,3,3,0,0,0,1,0
874.23,743,4,0,0,3,0,1,0
2098.86,413,7,0,0,3,1,1,0
696.97,90,7,0,0,2,0,0,0
6114.63,376,4,1,1,0,0,1,0
301.97,5,7,3,0,2,0,1,0
3841.95,67,8,1,0,2,0,1,0
510.38,233,1,1,0,2,0,0,0
182.0,45,7,2,0,0,0,1,0
1391.13,39,2,0,0,3,0,0,0
850.13,356,3,0,0,3,0,1,0
361.55,172,3,0,0,3,0,1,0
204.1,812,8,0,0,3,0,1,0
1087.5,26,3,4,0,4,0,1,0
2909.79,79,6,1,0,1,0,1,0
1968.36,67,2,3,0,2,0,1,0
1160.62,381,8,1,0,1,0,1,0
1770.2,53,5,3,1,1,1,1,0
1067.19,78,5,0,0,2,1,1,0
262.51,27,7,0,0,2,1,1,0
264.83,268,6,1,0,3,0,1,0
895.01,48,4,0,0,2,0,1,0
933.88,12,6,1,0,3,0,1,0
2568.26,102,7,1,0,4,0,1,0
2338.59,89,4,1,0,1,1,1,0
2008.48,35,2,0,0,3,1,1,0
828.58,25,7,0,0,0,0,1,0
275.71,408,3,2,0,4,0,1,0
1655.85,12,10,0,0,1,0,1,0
1854.13,18,3,3,0,0,1,1,0
100.63,50,4,1,0,3,0,1,0
476.12,549,2,0,0,0,0,1,0
549.47,16,4,0,0,1,0,1,0
1234.41,304,3,2,0,3,0,1,0
491.1,400,4,2,1,3,1,1,0
1055.6,85,3,1,0,1,0,1,0
888.44,62,7,1,0,1,0,1,0
935.28,203,6,2,0,2,0,1,0
535.72,218,4,7,0,2,0,1,0
578.83,272,7,1,0,1,0,1,0
372.31,319,3,3,0,1,0,1,0
1603.7,56,2,1,0,3,0,1,0
1941.28,209,6,2,0,1,0,1,0
507.44,26,5,1,1,0,0,1,0
5017.26,128,7,1,0,1,0,0,0
800.63,170,4,2,1,2,0,1,0
5065.39,31,6,1,0,1,0,1,0
577.02,14,4,0,0,4,0,1,0
144.52,38,3,3,1,3,0,1,0
1639.58,98,2,0,0,0,0,1,0
1406.06,393,2,2,1,1,0,1,0
1135.01,136,4,0,1,1,1,1,0
576.96,248,7,1,0,3,0,0,0
1059.37,34,5,0,0,0,0,0,0
657.69,20,8,0,0,1,0,1,0
810.5,49,5,0,1,2,1,1,0
2544.35,67,6,1,1,3,0,1,0
1318.46,142,9,2,1,3,0,1,0
2018.18,383,2,1,0,6,0,1,0
869.69,99,3,1,0,2,1,1,0
778.98,131,9,0,0,0,0,1,0
346.03,1,2,2,0,2,0,1,0
757.45,6,10,2,0,2,0,1,0
39.6,15,4,1,1,2,0,1,0
607.76,216,0,1,0,3,0,1,0
1010.42,119,10,1,0,2,0,1,0
1926.91,38,2,0,1,1,1,1,0
838.25,161,6,1,0,1,0,1,0
1552.58,141,3,1,0,1,1,1,0
123.99,16,2,0,1,1,0,1,0
1036.04,184,1,1,0,3,0,1,0
204.49,262,8,0,1,1,0,1,0
327.57,60,3,0,1,1,0,1,0
909.44,209,4,0,0,1,0,1,0
3929.49,40,6,1,0,2,0,1,0
1589.55,254,4,1,0,1,0,1,0
1116.81,437,4,3,0,3,0,1,0
1075.42,104,3,2,0,2,0,1,0
537.2,50,9,2,0,5,0,1,0
636.52,91,6,1,0,1,0,0,0
1681.39,51,4,3,1,1,0,1,0
274.41,1,3,0,0,1,0,1,0
1984.36,189,5,1,0,2,0,1,0
743.59,7,1,0,0,1,0,1,0
2503.78,42,6,1,0,7,0,1,0
2867.21,230,7,4,0,4,0,1,0
205.8,197,5,0,0,3,1,1,0
613.03,13,5,1,1,1,0,1,0
466.13,194,3,1,0,2,0,1,0
178.98,480,8,1,0,3,1,1,0
390.52,13,6,0,0,2,0,0,0
12597.53,96,6,1,1,2,0,1,0
2017.29,235,5,1,0,3,0,1,0
7459.83,198,5,1,0,1,0,1,0
2512.66,46,4,2,0,1,0,0,0
522.26,32,6,1,0,1,0,1,0
748.62,276,9,0,0,4,1,1,0
1975.22,563,6,0,0,3,1,1,0
1698.51,262,9,0,0,0,0,1,0
615.64,594,3,2,0,1,0,1,0
242.26,167,4,1,0,3,0,1,0
29370.94,476,3,2,1,3,1,1,1
952.27,211,4,1,1,2,0,1,0
791.76,431,4,1,0,0,1,1,0
1228.24,31,3,1,0,0,0,1,0
860.29,304,2,2,0,2,0,1,0
1239.83,39,3,2,0,0,0,1,0
3971.69,5,4,1,0,3,0,1,0
968.21,131,5,0,0,0,0,1,0
342.85,68,5,2,0,1,0,1,0
932.95,8,4,1,0,4,0,1,0
689.25,706,3,0,0,2,0,1,0
4554.63,197,2,0,1,3,0,1,0
3537.3,417,3,0,0,0,0,1,0
1221.12,1258,4,1,0,0,0,1,0
305.29,89,6,0,0,1,0,1,0
321.86,52,7,0,1,1,0,0,0
1113.34,36,5,2,1,0,0,1,0
1535.06,130,5,1,1,2,0,1,0
753.99,167,5,1,0,2,0,1,0
678.46,115,6,1,0,3,1,1,0
606.19,88,2,0,1,2,0,1,0
1071.28,33,5,1,0,3,0,1,0
101.21,104,5,3,0,2,1,1,0
364.55,16,5,0,0,1,0,1,0
585.78,360,6,2,0,1,1,1,0
3668.37,8,8,1,0,2,0,1,0
485.99,86,2,0,0,2,1,0,0
1313.52,18,2,0,0,2,0,1,0
1375.46,268,6,2,0,3,0,1,0
4015.5,67,3,0,0,3,0,1,0
3876.07,21,5,0,0,0,0,1,0
1035.35,136,5,0,0,1,0,1,0
681.65,446,2,2,0,3,1,1,0
564.63,430,2,2,0,1,0,1,0
861.73,51,5,1,1,3,1,1,0
710.5,228,6,1,0,3,0,1,0
1907.65,5,4,2,0,1,0,1,0
1669.55,25,3,0,0,5,0,1,0
1981.88,124,7,1,0,0,0,1,0
3863.33,46,2,1,0,1,0,1,0
7064.72,288,6,0,0,1,0,1,0
1242.23,481,8,0,0,0,0,1,0
3292.7,1,8,1,0,2,0,1,0
771.5,47,3,0,0,1,0,1,0
3586.77,104,4,0,1,3,0,1,0
3170.07,149,6,2,0,2,1,1,0
3006.15,445,3,2,0,2,0,1,0
1204.8,400,5,0,0,2,0,1,0
562.08,182,5,1,0,2,0,1,0
271.91,53,4,1,0,2,0,1,0
1053.59,275,3,1,0,0,1,1,0
5079.73,40,3,1,0,2,0,1,0
804.45,604,6,0,1,1,1,1,0
2404.57,1,11,2,1,0,0,0,0
2550.26,151,6,0,0,1,0,1,0
825.77,16,1,0,0,3,0,1,0
4090.18,94,4,1,0,0,0,1,0
59.82,181,9,1,1,1,0,1,0
322.87,210,8,1,1,0,0,1,0
438.94,277,3,1,0,0,0,1,0
483.13,161,4,0,0,2,0,1,0
1534.97,52,4,1,0,1,0,1,0
1465.63,396,4,0,0,3,0,1,0
1626.18,299,7,2,0,2,0,1,0
1990.38,31,9,2,0,1,0,1,0
424.07,315,1,0,0,1,0,1,0
324.35,647,4,0,0,2,1,1,0
1629.97,182,9,0,1,1,0,1,0
583.92,59,5,1,0,3,0,1,0
228.04,167,5,2,0,1,0,1,0
2896.75,75,1,1,0,4,0,1,0
4425.34,202,4,1,0,0,0,1,0
5203.89,141,11,1,1,5,0,1,0
1322.14,477,9,2,0,1,0,0,0
2050.69,173,3,1,0,6,0,1,0
4315.07,43,10,0,0,0,0,1,0
577.43,232,6,3,0,1,0,1,0
3329.83,64,6,5,1,5,0,1,1
1444.32,57,3,0,1,1,0,1,0
2734.52,89,9,2,0,2,0,1,0
1320.93,2,5,0,0,1,0,1,0
4008.84,626,10,2,0,4,1,1,0
1371.31,136,1,3,0,2,0,1,1
248.64,267,5,0,0,2,0,1,0
4684.09,53,7,3,0,3,0,0,0
425.16,247,3,1,0,2,0,1,0
3839.35,150,4,3,1,1,0,1,0
1002.0,99,0,0,1,0,0,1,0
3554.65,635,4,2,0,2,0,1,0
3411.03,122,5,1,0,1,0,1,0
1686.05,192,6,1,0,1,0,1,0
1823.54,2,6,0,0,2,0,1,0
1673.43,64,8,0,0,2,1,1,0
146.38,395,1,0,0,6,0,1,0
1234.39,256,4,1,0,4,0,1,0
359.22,138,6,0,0,3,0,0,0
1301.39,414,4,1,0,0,0,1,0
349.69,119,1,1,1,2,0,1,0
335.31,150,6,0,0,2,0,1,0
5458.53,86,5,0,1,2,0,1,0
3195.34,174,4,0,0,2,0,1,0
1092.1,69,3,4,0,0,0,1,0
1319.18,87,8,1,1,3,1,0,0
855.84,610,4,2,0,1,0,0,0
1938.9,21,4,0,0,2,0,1,0
557.77,20,3,2,0,0,0,1,0
2962.36,7,6,0,0,0,0,1,0
851.43,69,5,2,0,2,0,1,0
720.65,91,4,0,0,1,0,0,0
1120.7,17,6,2,0,6,0,1,0
607.2,143,4,1,0,5,0,0,0
1523.37,157,4,4,0,4,0,0,0
640.75,250,6,4,0,0,0,1,0
1752.02,671,7,3,0,1,0,1,0
3699.7,173,4,2,0,2,0,1,0
534.15,21,8,2,0,2,0,1,0
962.39,16,8,0,0,3,0,1,0
1739.46,270,6,1,0,0,0,1,0
709.2,189,6,0,0,1,0,1,0
1744.67,31,4,1,0,2,0,1,0
1911.03,52,3,0,0,1,0,1,0
3239.78,249,7,0,0,2,0,1,0
598.25,150,2,2,1,5,0,1,0
427.19,158,4,3,0,3,0,1,0
806.27,42,2,6,0,3,0,1,0
416.65,178,4,0,0,0,0,1,0
1928.5,265,7,1,0,2,0,1,0
343.18,389,6,0,0,0,0,1,0
11305.18,240,4,0,0,3,0,1,0
4007.52,154,5,1,0,2,0,1,0
1110.51,201,6,1,0,0,0,1,0
2610.75,119,8,1,1,2,1,1,0
213.41,46,7,1,0,1,0,1,0
13675.67,384,5,0,0,2,0,1,0
607.76,136,2,2,1,5,0,0,0
972.14,162,6,1,0,3,0,1,0
171.41,830,7,0,0,5,0,1,0
1783.42,756,5,0,0,3,0,1,0
362.73,158,9,1,1,2,0,1,0
1213.98,6,2,1,1,4,0,1,0
636.34,90,1,2,1,0,1,1,0
373.25,498,3,0,0,1,0,1,0
490.6,61,2,0,1,1,0,1,0
1374.42,1299,3,1,1,2,0,0,0
304.45,15,8,3,1,1,1,1,1
518.63,151,7,1,0,2,1,1,0
2128.71,130,1,2,0,3,1,1,0
14801.44,53,5,2,0,2,0,1,0
1767.97,534,4,1,1,2,0,1,0
438.23,173,4,1,0,2,0,0,0
759.67,47,4,1,0,1,0,1,0
1131.83,87,5,0,1,1,0,0,1
773.23,229,7,0,0,1,0,0,0
2705.54,63,4,1,0,1,0,1,0
1363.04,381,3,0,0,5,0,1,0
2718.55,32,6,0,0,4,0,1,0
800.76,55,9,5,0,1,0,1,0
4127.8,28,6,1,0,1,0,1,0
928.45,19,4,0,0,2,0,1,0
415.22,64,3,2,0,2,0,1,0
9675.19,1278,3,2,0,0,0,1,0
176.8,17,4,3,0,4,0,1,0
523.88,43,8,2,0,2,0,1,0
585.8,57,3,2,1,2,0,1,0
13471.16,173,8,0,0,1,0,1,0
6679.9,246,3,0,0,1,0,1,0
4885.02,250,5,0,0,1,0,0,0
787.88,1,5,0,0,1,0,1,0
12409.01,189,2,0,0,1,0,1,0
1585.02,179,8,2,0,0,0,1,0
2913.95,131,6,2,0,3,0,1,0
1312.51,85,4,1,0,4,0,1,0
1043.71,287,4,1,0,2,0,1,0
852.54,75,9,1,0,4,0,1,0
889.23,47,4,1,1,2,0,1,1
2015.24,66,1,2,0,3,0,1,0
1583.19,104,5,1,0,1,0,1,0
1062.66,43,6,1,0,2,0,1,0
4961.8,168,11,1,0,1,0,0,0
56.44,388,5,2,1,0,0,1,0
1826.01,162,7,0,0,3,0,1,0
2247.87,106,3,1,0,3,0,0,0
3452.88,286,6,0,1,2,0,1,0
1027.75,248,5,0,1,2,0,1,0
1350.08,82,5,1,0,2,0,0,0
2939.36,166,3,0,0,2,1,1,0
4871.54,235,8,1,0,3,0,1,0
811.97,50,6,0,1,1,0,1,0
1432.21,82,4,0,0,2,0,1,0
5875.66,20,6,1,1,3,1,1,0
131.1,791,4,2,0,3,0,1,0
550.04,16,4,3,0,0,0,1,0
4749.7,33,8,1,0,3,0,1,0
3269.98,117,4,0,0,1,0,1,0
1849.08,360,4,0,0,2,0,1,0
700.23,79,6,2,0,3,0,1,0
454.04,263,6,0,1,4,0,1,1
607.16,202,8,1,0,3,0,1,0
5156.47,183,4,1,0,1,0,1,0
584.97,335,4,0,0,1,0,1,0
1213.69,2,4,1,0,4,0,1,0
516.1,476,10,2,0,4,1,1,0
2547.26,318,2,1,0,2,0,1,0
639.88,500,2,1,0,2,0,1,0
994.67,284,4,1,0,2,1,1,0
203.69,379,3,1,0,5,1,1,0
218.47,40,7,1,1,4,0,1,0
1105.08,69,5,1,0,3,0,0,0
291.44,68,8,0,0,4,0,1,0
9000.96,20,4,2,0,2,0,1,0
139.56,235,2,0,0,0,0,0,0
492.66,26,6,2,0,0,0,1,0
1115.1,9,2,1,0,3,1,1,0
761.18,268,7,2,0,0,0,1,0
363.53,423,3,1,0,0,0,1,0
420.76,260,5,1,0,2,1,1,0
407.22,314,5,0,0,2,0,1,0
823.27,162,5,4,0,0,0,1,0
7722.78,393,4,2,0,2,0,1,0
1185.52,123,2,2,0,2,1,1,0
3579.22,801,7,0,0,2,0,1,0
1820.7,19,5,1,0,1,1,1,0
3340.46,298,4,0,0,2,0,1,0
66.69,184,5,2,0,0,0,1,0
808.79,156,7,2,0,2,1,1,1
4052.69,232,3,2,0,3,0,1,0
619.1,330,4,2,0,1,0,1,0
6389.9,357,3,1,1,2,0,0,0
4836.23,34,10,2,0,2,0,1,0
685.99,39,10,0,0,2,0,1,0
663.04,2,3,1,0,3,0,1,0
397.98,25,8,2,1,0,0,1,0
584.29,55,2,1,0,1,0,1,0
319.71,229,6,0,0,3,0,1,0
1683.8,116,5,0,0,3,0,1,0
255.69,255,5,0,0,3,1,1,0
2005.67,119,6,4,0,1,0,1,0
2055.1,145,7,2,0,2,1,1,0
208.26,21,2,0,0,0,0,1,0
5165.82,269,5,1,0,6,0,1,0
1832.82,255,7,1,0,1,0,1,0
2320.87,66,4,1,0,2,0,1,0
513.54,71,4,0,0,2,0,1,0
2043.42,44,3,1,0,2,0,1,0
3382.58,302,4,1,0,2,1,1,0
993.66,247,6,1,0,3,0,1,0
8118.68,169,5,0,1,1,0,1,0
1146.04,49,10,2,1,5,0,1,0
3431.61,33,4,1,0,1,0,1,0
1469.99,9,6,2,0,2,0,1,0
1969.47,8,6,2,0,2,0,1,0
206.16,37,6,0,1,2,0,1,0
1589.31,19,2,0,0,2,0,1,0
525.85,146,6,1,0,4,0,1,0
470.41,79,6,3,0,1,0,1,0
6273.58,105,8,0,0,0,1,1,0
885.57,162,7,1,0,2,0,1,0
402.1,193,2,0,0,0,0,1,0
765.76,188,5,0,0,1,0,1,0
298.73,54,2,3,0,4,0,1,0
4600.34,298,4,1,0,0,1,1,0
546.93,449,8,1,0,0,0,1,0
1861.8,68,5,1,1,3,0,1,0
4256.09,3,6,1,0,1,0,1,0
665.04,412,10,2,0,2,0,1,0
1866.88,462,3,1,0,4,0,1,0
391.47,9,10,0,1,2,0,1,0
12654.52,1,3,0,0,3,0,1,0
2797.22,305,9,1,1,1,0,0,0
904.51,64,2,2,1,3,0,1,0
506.32,442,6,2,0,0,0,1,0
978.48,43,5,1,1,2,0,1,0
780.56,355,6,1,0,3,0,1,0
7730.62,12,0,0,0,1,0,1,0
321.97,54,7,5,0,0,1,0,0
1254.89,651,6,2,0,3,0,1,0
1076.71,47,3,2,0,2,0,1,0
975.15,25,3,2,0,1,0,1,0
983.76,350,2,2,0,3,0,1,0
976.46,22,0,1,0,2,0,1,0
2625.6,18,6,2,1,3,0,1,0
2016.23,70,3,3,0,5,1,1,0
1667.22,181,4,3,0,0,0,1,0
52.77,223,5,0,0,0,0,1,0
1480.0,383,4,1,0,1,1,1,0
209.42,140,4,3,1,5,1,1,1
2092.93,89,9,1,0,2,0,1,0
4791.01,80,4,0,0,1,0,1,0
434.31,337,4,3,0,3,0,1,0
844.06,231,2,1,0,3,0,1,0
602.23,424,7,0,1,0,0,1,0
3772.27,598,6,2,0,2,0,1,0
1205.96,64,5,1,0,4,0,1,0
6175.4,135,4,0,1,3,1,1,0
1658.64,179,6,1,0,1,0,1,0
1397.51,32,4,2,0,1,0,1,0
1174.04,9,7,2,0,2,0,1,0
2484.91,364,10,2,0,4,0,1,0
192.93,138,3,2,0,1,1,1,0
1194.33,152,5,2,0,0,0,1,0
1022.45,145,7,1,1,2,0,1,0
2265.2,253,4,1,0,4,0,1,0
908.96,28,5,0,0,0,0,1,0
388.1,171,8,0,0,1,0,1,0
1104.72,114,6,0,0,2,0,1,0
371.36,409,4,2,0,2,0,1,0
159.93,131,6,1,0,1,0,1,0
2269.06,515,3,0,0,1,0,1,0
1956.79,78,4,1,0,1,0,1,0
1749.51,613,4,0,0,0,1,1,0
4035.67,374,11,0,0,2,0,1,0
563.95,157,1,2,1,2,0,1,0
262.14,78,4,4,0,4,0,1,0
1022.46,84,11,0,0,0,0,1,0
774.72,266,6,0,0,3,0,1,0
472.34,156,4,2,0,1,0,1,0
1012.47,92,6,0,0,2,0,1,0
594.9,181,2,2,0,1,1,1,0
174.86,237,6,1,1,3,0,1,0
705.44,4,6,3,0,4,1,1,1
352.0,16,5,0,1,0,0,1,0
1382.5,17,7,1,0,1,1,1,1
569.05,47,6,2,0,0,1,1,0
3333.01,100,6,0,0,2,0,1,0
5452.7,293,5,2,0,3,0,1,0
2163.28,77,4,1,1,0,0,1,0
232.52,3,7,0,1,0,0,1,0
4940.37,118,6,3,0,2,0,1,0
5301.37,1024,6,0,0,1,1,1,0
1117.43,77,8,1,1,1,0,0,0
4117.19,585,5,1,0,2,0,1,0
631.64,19,3,1,0,2,0,0,0
169.65,34,4,2,0,1,0,1,0
512.71,231,2,1,0,3,0,1,0
6181.4,125,3,3,0,3,0,1,0
246.88,260,8,0,0,2,0,0,0
1096.11,358,4,3,0,4,1,1,0
1134.72,52,7,1,0,3,0,1,0
656.57,206,7,1,0,3,0,1,0
703.79,168,2,1,0,1,0,1,0
1178.8,355,9,1,0,1,0,1,0
625.05,101,3,0,0,3,0,1,0
264.53,9,5,2,0,4,0,1,0
1359.72,153,7,1,0,0,1,1,0
3207.88,574,9,3,0,2,0,1,1
2616.45,2,4,1,1,5,1,1,1
487.98,49,10,2,0,0,0,1,0
313.81,68,6,1,0,0,0,1,0
825.35,261,4,0,0,2,1,1,0
5259.5,70,6,0,0,2,0,1,0
2091.42,49,4,0,1,1,0,1,0
2217.12,188,8,0,0,0,0,1,0
2670.06,8,8,1,0,2,0,1,0
1670.31,33,4,2,0,0,0,1,0
1237.2,94,5,2,0,1,1,1,0
2126.66,79,4,3,1,3,0,1,0
635.13,76,5,3,0,2,0,1,0
266.54,20,8,0,0,3,0,1,0
2259.72,80,3,2,0,0,0,1,0
3780.98,287,6,1,1,5,0,1,0
358.44,96,11,3,0,1,0,1,0
2494.69,158,4,4,0,2,0,1,0
5888.55,32,4,4,0,1,0,1,0
1094.17,13,5,2,1,4,1,0,0
483.96,381,2,0,1,3,0,1,0
1240.19,72,8,3,0,2,0,1,0
632.36,77,10,0,1,4,0,1,0
591.86,378,4,3,1,2,0,1,0
1691.18,221,2,0,0,3,0,1,0
220.58,254,6,3,0,1,0,1,0
258.8,206,3,3,0,0,0,1,0
1117.99,20,4,2,0,2,0,1,0
1072.44,570,3,0,0,0,1,1,0
1546.2,431,6,0,0,0,0,1,0
7152.56,48,8,2,0,5,0,1,0
1217.45,293,6,0,1,1,0,1,0
1994.55,94,2,0,0,3,0,1,0
413.42,207,5,1,1,0,0,1,0
2363.59,32,4,1,0,1,0,1,0
647.82,139,4,1,0,2,0,1,0
1177.82,24,5,2,0,3,0,1,0
983.53,138,4,1,0,3,0,1,0
3080.89,50,4,4,0,1,0,1,0
295.9,108,7,2,0,2,0,1,0
111.81,198,3,1,0,2,0,1,0
885.87,377,4,0,0,0,0,1,0
1752.03,32,6,1,0,0,0,1,0
1277.0,402,5,0,0,3,0,1,0
3760.11,88,2,1,0,3,1,1,0
1698.28,334,2,2,0,5,0,1,0
624.0,129,4,0,1,4,1,1,1
107.19,356,4,1,1,3,0,1,0
864.96,195,5,0,0,0,0,1,0
3065.48,127,3,1,0,3,0,1,0
740.96,67,5,0,0,4,0,1,0
1128.13,624,3,1,0,4,0,1,0
1671.31,290,3,4,0,1,0,1,0
397.31,86,10,1,0,3,0,1,0
2045.17,32,3,0,1,1,0,1,0
5637.08,272,3,0,0,0,0,1,0
922.59,827,2,0,1,2,0,0,0
354.58,58,2,0,0,2,0,1,0
1025.98,445,4,1,0,1,0,0,0
118.58,24,5,0,1,5,1,0,1
1535.95,547,5,1,0,1,1,1,0
1723.78,246,4,1,1,0,0,1,0
5858.43,76,4,0,1,2,1,1,0
903.26,65,5,1,1,4,0,1,0
1649.93,185,2,2,0,2,0,1,0
463.46,162,4,0,0,2,0,1,0
767.83,452,5,1,1,0,0,1,0
238.61,261,5,1,0,0,0,1,0
902.54,139,7,0,1,4,0,1,0
808.1,472,4,2,0,2,0,1,0
1479.12,161,4,0,1,3,1,1,0
587.81,341,7,3,0,3,0,1,0
1191.95,330,7,0,0,2,0,1,0
785.74,452,10,0,0,2,0,1,0
787.21,12,0,0,0,2,0,1,0
1188.4,157,5,0,0,0,0,1,0
1141.98,113,9,0,0,2,0,1,0
2347.66,121,3,0,0,2,0,1,0
972.0,110,3,0,0,3,0,1,0
772.87,327,6,0,0,3,0,1,0
915.25,69,1,4,0,1,0,1,0
536.64,111,1,3,0,2,1,1,0
765.16,40,7,0,0,2,0,1,0
8359.54,52,4,1,0,3,0,1,0
440.24,194,3,1,0,3,0,1,0
829.93,22,7,1,0,3,1,1,0
744.35,37,3,0,0,6,0,1,0
856.48,135,6,1,0,1,0,1,0
787.42,8,14,2,1,7,0,1,0
1449.89,24,5,0,0,2,1,1,0
198.31,358,6,1,1,1,0,1,0
3093.85,336,4,2,0,2,0,1,0
2064.38,76,3,1,1,3,1,1,0
316.44,76,6,1,1,0,0,1,0
113.4,496,5,0,0,2,0,1,0
412.79,4,8,2,0,0,0,1,0
860.35,156,4,0,0,1,0,1,0
14476.64,163,5,1,0,2,0,1,0
1887.97,279,5,1,1,2,0,0,0
179.9,545,9,2,0,0,0,1,0
550.23,79,1,1,0,2,0,1,0
1039.8,103,4,0,0,2,0,1,0
1413.3,200,6,1,0,3,0,0,0
294.49,615,3,0,0,5,0,0,0
958.16,398,8,1,0,4,0,1,0
535.05,197,3,1,0,2,0,1,0
363.67,349,8,0,0,2,1,1,0
1421.68,16,4,1,0,4,0,0,0
2377.67,85,4,0,0,5,0,1,0
2542.85,2,1,2,0,5,0,1,0
1947.66,35,4,0,0,2,0,1,0
666.89,179,5,0,0,2,0,1,0
2240.71,390,8,0,1,1,0,1,0
1493.76,180,3,3,0,2,0,1,1
1253.81,196,4,0,0,1,1,1,0
594.85,19,6,0,0,1,0,1,0
667.22,196,2,2,0,4,0,1,0
1180.73,109,3,2,1,2,0,1,0
12580.14,189,7,1,0,1,0,1,0
1482.14,71,3,1,1,2,0,1,0
595.15,156,5,0,0,2,1,1,0
477.04,99,7,2,0,1,0,1,0
670.64,147,4,1,0,1,0,1,0
9674.93,28,6,1,0,0,1,1,0
735.64,90,7,1,0,5,0,1,0
2715.88,84,4,0,0,1,0,1,0
753.0,239,2,0,0,3,0,1,0
1423.94,220,5,1,0,3,1,1,1
2420.54,431,5,1,0,2,0,1,0
618.99,179,4,0,0,3,1,1,0
577.6,67,6,2,0,0,0,1,0
5761.02,275,4,1,0,3,0,1,0
2935.38,123,4,2,0,0,0,1,0
2417.94,38,3,0,0,3,1,1,0
2409.75,247,2,1,0,4,0,1,0
1736.41,25,5,1,1,3,0,1,0
8248.41,35,3,0,0,3,0,1,0
1145.86,255,5,1,0,2,0,1,0
1953.27,264,5,1,0,3,0,1,0
257.0,281,8,1,1,1,0,1,0
480.6,62,2,1,1,1,0,1,0
330.03,362,10,1,0,1,0,1,0
3920.85,230,8,1,0,3,0,1,0
85.41,323,6,0,0,1,0,1,0
733.4,221,3,2,0,0,0,0,0
54.94,155,7,0,0,1,0,1,0
477.57,20,12,0,0,1,0,1,0
671.19,223,3,1,1,3,0,1,0
4380.29,211,7,3,0,3,1,1,0
1630.48,67,7,0,1,0,1,1,0
476.69,239,4,0,0,3,0,1,0
3184.22,143,3,1,0,1,0,1,0
1116.36,147,4,0,0,2,0,1,0
1138.61,82,7,1,0,2,0,1,0
329.42,22,7,1,0,2,0,1,0
407.48,44,6,0,0,0,0,1,0
480.54,263,13,1,0,3,0,1,0
1148.79,57,9,0,0,2,0,1,0
1185.46,1,6,1,0,0,0,1,0
5136.32,1046,4,3,0,1,0,1,0
1611.72,42,6,0,0,6,0,1,0
73.14,191,4,2,0,0,0,1,0
1426.02,470,4,1,1,3,1,1,0
257.23,164,3,0,1,1,0,1,0
417.39,288,1,2,0,4,0,1,0
486.79,674,3,0,0,2,0,1,0
564.91,354,6,1,0,1,0,1,0
277.23,146,1,2,0,3,1,0,1
1344.1,81,7,2,1,2,0,1,0
267.52,118,5,0,0,6,0,1,0
1566.61,331,5,2,1,1,0,1,0
10269.88,345,4,1,0,1,0,1,0
290.22,336,1,1,0,0,0,1,0
825.09,163,6,1,1,0,0,1,0
87.93,116,5,1,0,6,0,1,0
811.65,67,2,3,1,4,0,1,0
2085.4,1,3,2,0,2,0,1,0
2254.4,260,4,1,0,4,0,1,0
1184.84,58,1,1,1,3,0,1,0
2668.48,71,8,2,0,1,0,1,0
13989.39,333,5,2,1,1,0,1,0
6077.23,9,2,2,0,1,0,0,0
650.33,472,4,2,0,1,0,1,0
256.95,1,4,0,0,2,0,1,0
730.59,503,3,1,0,1,1,1,0
425.39,109,4,2,0,0,0,1,0
1722.18,19,5,1,0,0,0,1,0
336.57,201,7,0,0,3,0,1,0
1019.61,407,4,0,0,1,0,1,0
2535.17,103,7,0,1,5,0,1,0
991.58,211,6,2,1,1,0,1,0
425.68,698,4,3,0,2,0,1,0
3550.39,49,10,1,0,1,0,1,0
167.51,309,3,0,0,3,0,1,0
790.14,62,4,1,0,1,0,1,1
1051.89,100,5,2,0,0,1,1,0
1114.22,59,10,1,0,4,1,0,1
1313.56,106,5,0,1,4,0,1,0
2019.17,1,1,3,0,1,0,1,0
1058.48,65,3,0,1,3,0,1,0
758.95,106,9,3,0,2,0,1,0
729.54,180,4,1,1,3,0,1,0
594.95,182,11,0,0,1,0,1,0
2410.39,157,8,1,0,1,0,1,0
574.48,62,6,2,0,0,0,1,0
2557.46,530,5,1,0,0,0,0,0
1117.67,89,7,1,1,1,0,0,0
651.15,44,3,0,0,2,0,1,0
2035.32,145,3,2,0,1,0,1,0
529.82,248,2,2,0,4,0,1,0
2075.97,2,4,1,0,1,0,1,0
1356.59,58,3,1,0,2,0,1,0
604.06,313,4,0,0,3,0,1,0
1860.56,127,2,0,0,0,0,1,0
1894.27,94,4,2,0,1,0,1,0
3489.52,480,8,0,1,3,0,1,0
2881.73,16,6,1,0,1,0,1,0
1792.33,172,2,0,0,2,0,1,0
355.1,75,4,1,0,0,0,1,0
12690.22,13,2,1,1,5,0,1,0
269.45,43,7,1,1,2,0,1,0
2833.49,177,10,0,0,4,0,1,0
1687.97,5,7,1,0,3,0,1,0
338.95,161,8,1,0,0,1,1,0
968.45,565,1,1,1,1,0,1,1
1013.58,285,2,1,0,0,0,0,0
4046.4,76,8,1,0,5,0,1,1
537.37,26,4,0,0,2,1,1,0
843.92,112,8,2,0,2,0,1,0
106.05,89,5,0,1,1,0,1,0
6215.26,641,11,1,1,4,1,1,0
375.98,826,3,2,0,4,1,0,0
1520.68,95,6,3,0,1,0,1,0
990.88,28,4,2,0,3,0,1,0
994.26,434,4,0,0,3,0,1,0
2464.79,283,7,0,0,3,0,1,0
5832.86,128,6,1,0,3,0,1,0
1410.21,81,6,1,1,1,0,0,0
2111.34,107,5,1,0,3,1,0,0
1523.69,417,3,2,1,1,0,1,0
3033.68,36,5,0,0,5,1,1,0
690.27,295,3,0,0,2,0,1,0
3214.38,3,6,1,0,4,0,0,0
3329.24,455,6,1,0,0,0,1,0
3237.44,124,8,0,0,3,0,1,0
566.71,46,7,1,0,3,1,1,0
926.73,1,6,1,1,4,0,0,1
1393.35,147,2,0,1,2,0,1,0
278.43,50,6,0,1,4,0,1,0
5404.14,179,4,2,0,2,0,1,0
1083.25,59,3,0,0,3,0,1,0
1456.7,16,6,2,0,2,0,1,0
615.85,126,6,0,0,3,0,1,0
290.94,149,6,3,0,3,0,1,0
599.42,108,7,0,0,4,0,1,0
1365.4,110,5,0,0,1,0,1,0
2150.44,160,4,0,0,3,0,1,0
1289.22,134,2,3,0,0,0,1,0
1551.11,25,5,0,0,3,0,1,0
782.88,39,5,0,0,0,0,1,0
1801.27,27,5,1,0,3,0,1,0
4831.12,212,9,2,0,2,0,0,0
2218.95,135,4,2,1,0,1,1,0
2464.0,101,3,1,0,1,0,1,0
1471.47,288,4,1,0,3,1,1,0
243.92,70,1,2,0,2,0,1,0
385.81,151,5,1,1,0,0,1,0
1728.27,13,4,1,0,2,1,1,0
1084.7,245,5,1,0,2,0,1,0
1702.48,213,2,0,1,2,1,1,0
5863.04,291,1,2,0,2,0,1,0
2266.6,388,6,0,0,2,0,1,0
3861.79,255,3,2,0,1,0,1,0
1205.54,334,7,2,0,2,0,1,0
489.21,76,5,0,0,3,1,1,0
1034.98,75,5,0,1,2,1,1,0
490.41,519,6,2,1,2,1,1,0
5209.79,442,5,1,0,3,1,1,0
2417.26,143,4,1,0,1,0,1,0
1845.51,82,3,1,0,2,0,1,0
3774.2,361,5,0,0,6,0,1,0
145.47,70,5,2,0,2,0,1,0
1974.63,30,2,2,0,2,0,1,0
295.7,183,2,1,0,3,0,1,0
1088.71,7,6,1,0,0,0,1,0
802.95,85,8,1,0,1,0,1,0
2125.45,296,5,1,0,2,0,1,0
1377.72,62,3,2,0,4,0,0,0
4209.58,482,2,0,1,4,0,1,0
600.7,561,9,2,0,3,0,1,0
2228.57,304,3,1,0,2,0,1,0
1289.78,790,5,1,0,1,0,1,0
213.73,136,6,1,0,3,0,1,0
437.63,151,4,4,0,3,0,1,0
944.0,325,2,2,1,1,0,1,0
3335.22,122,4,1,0,3,0,1,0
1743.63,93,4,0,0,4,1,1,0
341.21,171,8,1,0,1,0,1,0
953.07,192,8,0,0,2,0,1,0
8248.66,250,8,0,1,2,0,1,0
1225.65,198,4,2,0,4,0,0,0
790.51,246,7,2,0,3,0,1,0
1793.17,202,3,1,1,3,0,0,0
2352.87,117,6,2,0,1,0,1,0
694.94,26,5,0,0,0,0,1,0
1812.7,277,2,1,0,2,0,1,0
789.27,5,5,0,0,1,0,1,0
2251.45,880,6,2,0,3,0,1,0
1299.45,317,5,3,1,1,1,1,0
1775.73,200,2,1,0,1,0,1,0
513.28,611,1,1,0,3,0,1,0
482.37,170,1,0,1,0,1,1,0
2822.84,10,4,1,0,2,0,1,0
1012.93,147,3,0,1,2,0,1,0
1458.31,58,11,0,1,3,0,0,0
807.23,83,7,0,0,0,1,1,0
2693.85,110,5,2,0,2,0,1,0
597.16,268,4,0,0,5,0,0,0
957.57,125,7,1,0,4,0,1,0
2406.65,115,8,1,1,1,0,1,0
3543.85,64,8,1,0,2,1,1,0
649.52,139,9,1,0,1,0,1,0
7782.9,51,5,3,0,1,0,1,0
1500.03,54,6,2,1,4,0,1,0
386.48,254,5,1,0,0,0,1,0
1586.13,75,9,0,1,1,0,1,0
747.7,9,5,2,0,3,0,1,0
1692.68,75,5,0,0,4,0,1,0
1050.63,183,7,1,0,1,0,1,0
1181.19,302,5,0,0,2,0,1,0
440.72,588,4,1,0,3,0,0,0
2951.48,246,2,0,0,2,1,1,0
345.11,100,3,1,1,2,0,1,0
361.85,63,3,2,1,1,0,1,0
1583.45,24,3,0,0,2,1,1,0
5447.13,177,5,2,0,2,0,1,0
770.78,128,3,2,1,2,0,1,0
2210.5,203,4,1,0,1,1,1,0
3207.8,48,3,0,0,3,0,1,0
2476.71,70,4,1,0,5,0,1,0
803.35,62,3,1,0,5,0,1,0
368.32,287,6,1,0,5,0,1,0
120.6,33,5,3,0,3,0,1,0
843.16,168,3,0,0,3,1,1,0
3562.04,9,5,0,0,2,0,1,0
356.32,143,9,2,0,1,0,1,0
2208.81,11,3,1,0,3,0,0,0
424.05,34,9,1,0,0,1,1,0
1219.35,21,7,0,1,6,0,1,0
2225.62,76,5,1,0,1,0,1,0
567.08,75,5,1,0,0,0,1,0
1300.47,315,2,1,0,2,0,1,0
724.08,46,5,1,0,1,1,1,0
2219.75,16,5,1,0,3,0,1,0
1387.58,166,2,1,0,5,0,1,0
1160.39,209,8,2,1,4,0,1,0
5210.08,62,11,2,0,2,0,1,0
2126.66,166,8,0,0,0,0,0,0
549.85,269,8,2,0,4,0,1,0
1006.4,76,5,1,1,2,0,1,0
1016.48,134,6,0,0,1,0,1,0
1188.35,28,6,2,0,1,0,1,0
13691.21,4,10,4,0,1,0,1,0
1588.99,716,6,0,0,0,0,1,0
143.18,64,6,2,0,1,1,1,0
637.27,58,3,0,1,2,0,1,0
158.8,651,2,2,0,3,0,0,0
788.55,234,3,0,1,1,1,1,0
150.31,158,6,1,0,1,0,1,0
458.71,216,13,2,0,4,0,1,0
239.67,222,2,2,0,1,0,1,0
1610.27,259,3,1,0,4,0,1,0
1097.22,12,8,1,0,2,0,1,0
1484.69,95,10,1,1,1,0,1,0
987.77,62,2,0,0,4,0,1,0
271.97,13,2,2,0,3,0,1,0
1832.66,95,5,1,1,4,0,1,0
7496.75,172,9,2,1,3,0,1,0
1651.13,35,6,0,0,1,0,1,0
716.28,65,4,1,0,3,0,1,0
262.94,183,8,2,1,2,0,1,0
442.28,155,2,0,0,2,0,1,0
1725.1,365,7,1,0,5,0,1,0
3207.09,281,7,2,0,2,0,1,0
1423.49,606,5,2,1,1,0,1,0
2440.33,163,2,0,0,1,0,0,0
2225.37,215,3,1,1,1,0,1,0
1819.9,354,6,3,0,2,0,1,0
567.66,329,4,1,0,2,0,1,0
1304.95,228,7,0,0,3,0,1,0
469.48,124,3,0,0,5,0,1,0
1115.91,57,3,0,0,1,1,1,0
1526.7,377,4,2,1,1,0,0,1
5876.89,269,7,0,0,0,0,1,0
295.97,327,4,1,0,3,0,1,1
1774.91,27,4,0,0,2,0,1,0
4823.41,68,4,0,0,2,0,1,0
2342.2,99,4,2,0,1,0,1,0
2522.35,328,7,0,0,3,0,1,1
1973.76,402,1,1,1,1,0,1,0
4017.18,60,7,2,1,1,0,1,0
369.64,208,5,0,0,3,0,1,0
274.26,14,6,1,1,1,0,1,0
1089.71,94,4,1,0,3,0,1,0
126.32,120,6,1,1,0,0,1,0
3754.26,261,1,0,0,1,0,1,0
3717.16,400,6,0,1,0,0,1,0
710.98,74,4,1,0,4,0,1,0
756.9,135,5,0,0,1,0,1,0
1020.1,187,7,0,1,2,0,1,0
1155.19,71,4,1,1,5,1,1,0
1245.35,762,1,3,1,2,0,1,0
1916.45,375,2,1,0,1,0,1,0
922.76,63,4,2,0,0,0,1,0
2816.34,127,5,1,0,4,0,1,0
1712.91,47,2,1,0,2,0,1,0
597.67,130,4,0,0,2,0,1,0
4167.67,206,6,0,0,3,0,1,0
281.95,16,6,3,1,0,0,1,1
1000.08,367,10,2,0,0,1,1,0
2883.95,162,7,2,0,2,1,1,0
532.15,821,5,3,0,3,1,1,1
1494.51,4,10,2,0,3,0,1,0
1888.13,320,10,2,1,2,0,1,0
463.81,282,6,1,1,1,0,0,0
1019.96,25,3,1,0,0,0,1,0
937.76,73,2,2,0,3,0,1,0
631.6,388,3,1,0,3,0,1,0
10956.35,131,7,1,0,3,0,1,0
511.27,92,1,1,0,3,0,1,0
2995.69,424,5,2,0,4,0,1,0
740.41,17,3,6,0,1,0,1,0
369.95,115,7,2,0,0,0,1,0
1215.38,190,2,0,0,3,1,1,0
2098.74,168,10,2,0,5,0,1,0
2753.17,55,2,1,1,2,1,1,1
5230.52,149,4,1,0,0,0,1,0
20852.86,221,7,0,0,2,0,1,0
1408.83,158,4,2,0,0,0,1,0
565.05,207,9,1,0,2,0,1,0
1724.81,53,6,0,0,3,0,1,0
840.32,321,7,1,0,0,0,1,0
2768.24,107,2,2,0,1,1,0,0
299.72,784,2,1,1,0,1,1,0
11711.59,4,1,0,0,1,0,1,0
2581.3,86,6,1,0,1,1,1,0
203.57,35,6,1,1,2,0,1,0
539.68,145,5,0,0,3,0,1,0
2480.17,50,7,0,0,3,0,1,0
3555.83,240,7,2,0,6,0,1,0
307.28,384,9,2,0,3,0,1,0
2237.3,42,5,4,0,1,1,1,0
156.44,31,3,1,0,2,0,0,0
1002.91,374,4,0,0,2,0,1,0
3334.4,80,3,1,1,3,0,1,0
631.74,102,3,2,1,2,1,1,1
243.0,44,7,2,0,1,0,1,0
1269.29,99,8,1,1,3,0,1,0
599.01,47,2,0,1,0,0,1,0
2058.14,197,3,1,0,2,0,1,0
452.45,124,5,1,0,0,0,1,0
506.42,279,3,0,0,4,0,0,0
145.33,67,4,1,1,1,0,1,0
1299.77,126,3,0,0,2,0,1,0
933.64,54,5,1,0,4,1,1,0
334.16,490,5,2,1,1,0,1,0
1331.15,132,1,0,1,3,0,1,0
3062.76,34,7,2,1,2,0,1,1
883.98,57,6,0,0,1,0,0,0
1433.92,15,4,3,0,1,0,1,0
1441.32,5,5,2,1,2,0,1,0
328.87,134,4,3,0,2,0,1,0
8574.82,74,7,2,0,1,0,1,0
684.82,597,4,0,0,3,0,1,0
2113.53,33,8,1,0,2,0,1,0
2366.61,284,8,0,1,0,0,1,0
953.75,68,5,0,0,1,0,1,0
2011.82,45,6,2,0,2,0,1,0
1402.23,629,3,1,0,2,0,1,0
265.7,292,6,0,0,1,0,1,0
786.61,179,5,1,0,0,0,1,0
594.34,214,3,1,0,2,0,1,0
691.08,855,3,0,0,2,0,1,0
297.67,161,7,0,1,1,1,0,1
3382.71,19,5,1,1,4,0,1,0
5442.49,12,9,0,0,2,0,1,0
2916.1,197,6,1,1,2,0,0,0
3907.02,192,3,0,1,3,0,1,0
776.94,248,8,0,0,0,0,1,0
580.41,20,3,0,0,2,0,1,0
503.41,521,4,2,1,0,0,1,0
2088.22,144,6,0,0,2,0,1,0
1376.17,188,8,0,0,3,0,1,0
1015.14,6,7,0,0,0,0,1,0
4004.4,583,4,0,0,1,0,1,0
1644.09,148,1,1,0,1,0,1,0
474.06,149,4,0,0,2,0,1,0
555.07,517,5,0,1,2,0,0,0
2168.94,477,7,0,1,0,0,1,0
3107.99,44,6,1,0,3,0,1,0
1903.94,481,3,2,0,1,0,1,0
7309.2,240,4,0,0,3,0,1,0
5625.17,3,7,0,1,0,0,1,0
1704.51,49,5,0,0,2,0,1,0
474.1,95,6,2,0,1,1,1,0
295.9,157,2,2,0,3,0,0,0
744.43,217,8,2,0,1,1,1,0
2329.04,42,6,0,0,2,0,1,0
6813.4,326,5,1,0,1,0,1,0
1664.78,336,8,2,1,0,0,1,0
3528.83,181,2,0,1,4,0,1,0
858.08,457,4,0,1,2,0,1,0
2044.21,301,4,0,1,3,1,1,0
2498.28,45,4,2,0,3,1,1,0
151.47,288,8,0,0,1,0,0,0
725.28,551,3,0,0,0,1,1,0
2834.73,26,5,0,0,1,0,0,1
1442.98,692,4,0,1,4,0,1,0
331.45,4,6,3,0,2,1,0,1
96.53,132,5,0,1,3,0,1,0
760.68,267,6,1,0,3,0,1,0
1020.87,281,2,0,0,3,0,1,0
453.08,238,6,1,0,3,0,1,0
1265.33,135,1,2,0,3,0,1,0
1819.63,189,7,1,0,2,0,1,0
2144.55,216,6,1,0,2,0,1,0
103.97,122,4,2,0,4,0,1,0
294.63,163,6,1,0,2,0,1,0
808.66,337,6,0,0,0,0,1,0
1943.36,67,5,1,0,2,0,1,0
1788.68,133,8,1,0,2,0,1,0
1757.89,1,3,0,0,2,0,1,0
747.39,209,6,0,0,3,0,1,0
790.26,39,6,0,0,3,0,1,0
529.36,118,3,2,0,3,1,0,0
2364.2,42,5,0,0,3,0,1,0
436.82,4,6,1,1,1,0,1,0
2565.83,118,10,3,1,1,1,1,0
1349.99,99,3,2,0,3,0,1,0
1048.33,99,5,1,1,1,0,1,0
568.66,42,8,1,0,2,0,1,0
282.72,529,5,0,0,3,0,1,0
573.84,1,8,0,0,1,0,1,0
788.39,399,6,0,0,3,0,0,0
102.61,240,5,1,0,1,0,1,0
900.23,33,4,1,1,3,0,1,0
2763.79,115,6,0,0,3,0,1,0
1933.75,809,7,1,1,3,0,1,1
667.67,185,5,2,1,1,0,1,0
1149.33,24,1,1,0,2,1,1,0
628.81,110,4,0,1,3,0,1,0
1272.53,113,4,0,0,2,0,1,0
5115.9,291,6,1,1,1,1,1,0
2888.52,446,8,0,0,3,1,1,0
1846.03,15,3,1,0,2,0,1,0
669.89,67,7,0,0,2,0,1,0
2321.43,63,3,1,0,2,0,1,0
202.98,996,4,0,0,3,0,0,0
852.05,147,5,1,0,2,0,1,0
1965.91,381,6,1,1,3,0,1,0
2299.44,99,4,1,0,1,0,1,0
2142.83,230,4,3,0,1,0,1,0
1472.67,60,3,1,0,1,0,1,0
901.69,437,4,1,0,1,0,1,0
1878.02,109,5,0,0,2,1,1,0
422.9,293,3,1,0,4,0,1,0
471.22,53,3,3,0,3,0,1,0
1166.47,212,7,1,1,5,0,1,0
1304.01,93,3,1,0,3,0,1,0
176.69,5,6,0,0,1,0,1,0
1728.74,95,5,0,1,0,0,1,0
2374.94,143,3,1,0,0,0,1,0
1015.07,29,5,1,1,0,0,1,0
11783.63,36,8,1,0,2,0,1,0
553.94,112,4,0,0,4,0,1,0
764.26,75,8,1,0,2,0,1,0
738.73,104,4,5,1,3,0,1,0
1016.19,111,5,3,0,3,0,1,0
789.4,27,5,1,0,1,0,1,0
268.59,35,6,0,0,2,0,1,0
634.89,339,9,0,0,1,0,1,0
994.64,31,7,2,0,2,0,1,0
3746.48,197,6,1,0,3,0,1,0
9919.36,97,3,0,0,0,0,1,0
4169.18,620,12,1,0,5,0,1,0
505.03,12,4,1,0,0,0,1,0
546.86,319,7,0,0,3,0,1,0
935.12,121,4,3,0,1,0,0,1
6532.59,1,10,2,0,0,0,1,0
929.43,55,2,1,0,0,0,1,0
290.76,94,5,0,0,3,0,1,0
664.36,67,6,0,0,2,0,1,0
2338.01,81,5,1,0,1,0,0,0
2186.24,447,4,0,1,0,1,1,1
897.65,80,4,1,0,2,0,1,0
2172.02,97,11,2,0,0,0,1,0
112.94,257,5,0,0,3,0,1,0
1216.62,284,6,1,1,2,0,1,0
2593.3,15,2,2,0,2,0,1,0
476.82,219,3,1,0,4,0,1,0
475.16,118,3,0,0,4,0,1,0
169.62,25,5,1,0,3,0,1,0
5377.05,55,5,0,0,3,0,0,0
533.71,8,4,1,0,1,0,1,0
1395.55,80,4,2,0,3,1,1,0
2006.04,53,5,1,1,3,0,1,0
4974.44,86,5,1,0,2,0,1,0
940.21,156,8,0,1,4,0,1,0
639.43,237,5,1,0,1,0,0,0
1303.84,167,2,0,1,3,0,1,0
3960.32,204,9,1,0,4,0,1,0
925.03,361,3,3,0,4,0,1,0
422.05,372,4,0,0,1,0,1,0
234.92,354,5,2,0,1,0,1,0
323.34,29,3,0,0,0,0,1,0
2602.93,52,2,0,0,2,0,1,0
795.82,125,3,1,0,0,0,1,0
597.34,79,2,1,0,5,0,1,0
535.95,25,4,0,0,0,0,1,0
1193.98,61,4,2,0,1,0,1,0
863.11,667,3,1,0,2,0,1,0
834.53,76,10,1,1,3,0,1,0
4227.32,97,9,1,0,5,0,1,0
5105.21,1,4,1,0,2,0,1,0
219.2,228,5,1,0,2,0,1,0
1521.71,96,6,0,1,4,0,1,0
504.28,19,7,0,0,1,0,1,0
855.55,622,3,1,0,4,0,1,0
1494.1,270,7,0,1,2,0,1,0
886.5,233,5,2,1,2,1,1,0
1380.86,570,5,2,0,0,1,1,0
2149.46,94,5,2,0,2,0,1,0
1472.29,228,5,0,0,2,1,1,0
574.31,41,4,2,1,2,0,0,0
584.53,214,7,0,0,4,0,1,0
259.9,2,3,0,1,1,0,1,0
466.88,24,7,2,0,0,0,0,0
7801.48,99,6,1,0,1,0,1,0
496.71,2,6,1,0,2,0,1,0
332.49,111,8,0,0,3,0,0,0
1510.1,133,6,0,0,0,0,1,0
982.04,174,3,0,1,1,0,1,0
901.81,19,2,0,0,2,1,1,0
4487.48,35,7,1,0,1,1,1,0
1899.08,171,8,0,1,1,0,0,0
645.49,193,2,1,0,3,1,1,0
717.32,4,5,1,0,0,0,1,0
663.42,139,0,2,0,0,0,1,0
2630.0,276,2,1,0,0,0,1,0
805.81,12,5,0,1,1,0,1,0
182.52,95,7,2,1,6,0,1,0
1044.9,71,6,0,0,3,0,1,0
235.8,440,4,1,0,5,0,1,0
9742.28,36,5,3,0,4,0,1,0
417.52,68,7,0,0,2,0,1,0
932.75,411,4,1,0,2,0,1,0
1419.7,72,6,2,0,2,0,1,0
821.67,136,4,1,1,2,1,1,0
820.55,6,5,0,1,2,0,1,0
1672.09,754,5,1,0,2,0,1,0
5045.32,313,1,1,0,1,0,1,0
2362.58,181,5,1,1,0,0,1,0
4810.3,11,5,1,0,4,0,1,0
385.05,14,3,2,0,1,0,1,0
1506.23,141,6,3,0,5,1,1,0
1280.81,60,2,2,1,1,0,1,0
1557.9,175,3,2,0,2,0,1,0
4342.61,164,2,0,0,1,0,1,0
879.37,328,4,3,1,3,0,1,1
731.06,59,7,1,0,4,0,1,0
1870.54,155,7,1,1,2,0,1,0
185.27,270,4,1,0,5,0,1,0
865.36,121,2,0,0,3,0,1,0
958.91,319,2,1,0,0,0,1,0
436.87,25,3,2,1,2,0,1,0
3155.99,238,4,0,0,1,0,1,0
379.08,515,4,0,0,3,1,1,0
957.31,72,2,0,0,2,0,1,0
1470.21,82,11,1,0,1,0,1,0
4244.81,15,4,0,0,6,0,1,0
1085.12,184,6,2,0,3,1,1,0
2796.58,144,2,1,0,5,0,0,0
2209.66,7,4,1,0,4,0,1,0
1240.73,251,3,0,0,2,0,1,0
368.89,318,7,0,0,1,0,1,0
261.23,427,7,2,1,6,0,1,0
1219.88,142,4,2,1,2,0,1,0
637.34,108,2,2,0,2,0,1,0
2749.74,375,5,0,0,1,0,1,0
2311.97,91,7,1,0,2,1,1,0
911.77,191,7,0,0,2,0,1,0
344.57,171,5,1,0,4,0,1,0
1827.56,83,3,1,0,2,0,1,0
396.25,16,3,0,0,1,0,0,0
513.65,3,9,0,0,1,0,0,0
411.82,100,4,1,0,3,0,1,0
954.8,118,4,2,0,1,0,1,0
3534.02,311,5,0,0,6,0,1,0
1091.12,96,6,1,1,3,1,1,0
704.0,59,3,3,0,2,0,0,0
238.5,111,6,1,1,1,0,1,0
1904.79,48,4,1,0,2,0,1,0
502.5,17,6,0,0,3,0,1,0
1233.38,21,6,0,0,0,0,0,0
769.53,69,3,0,1,0,0,1,0
2535.58,2,10,2,0,2,0,1,0
937.08,44,5,1,0,3,0,1,0
1033.88,278,5,2,0,1,0,1,0
1782.46,48,4,2,1,2,0,1,1
9017.66,21,3,2,0,1,0,1,0
2666.3,535,5,2,0,1,1,1,0
1003.65,175,5,0,1,4,0,0,0
1100.15,11,4,1,0,1,1,1,0
648.81,11,4,3,0,2,0,1,0
424.11,170,5,1,1,1,0,1,0
630.96,139,4,1,0,3,0,1,0
506.67,12,4,1,0,0,0,1,0
2107.73,45,3,1,0,1,0,1,0
375.71,476,6,0,1,2,0,1,0
4159.75,152,3,1,0,4,0,1,0
2326.33,104,3,1,0,2,0,1,0
1119.35,51,4,2,0,3,0,1,0
1096.98,25,6,3,1,4,0,1,0
628.11,92,4,2,1,3,1,1,0
1436.67,460,5,1,0,4,0,1,0
3255.47,8,4,2,0,4,0,1,0
542.86,847,4,1,0,2,0,1,0
236.66,41,8,0,1,3,0,1,0
2215.47,94,4,1,0,1,0,0,1
1516.81,8,4,0,0,4,0,1,0
357.74,158,7,0,0,2,0,0,0
526.69,118,3,2,0,2,0,1,0
464.47,197,4,1,0,4,0,1,0
531.37,140,5,1,0,1,0,1,0
793.39,91,7,2,0,1,1,1,0
840.04,240,3,2,0,10,0,0,0
572.04,4,2,1,0,2,0,1,0
513.8,140,5,1,0,2,0,1,0
872.37,21,5,5,0,5,0,1,0
1296.85,103,10,0,1,1,0,1,0
799.27,281,5,0,1,3,0,1,0
3493.53,27,6,2,0,2,1,1,0
1822.72,494,3,2,0,5,1,1,0
223.44,394,3,1,0,1,1,1,0
1851.46,96,5,2,0,2,1,1,0
2009.3,1,7,2,0,0,0,0,1
710.0,280,6,1,0,2,0,0,0
245.87,382,4,0,0,1,1,1,0
1105.52,34,6,0,0,4,0,1,0
1088.21,446,3,2,0,1,1,1,0
357.22,441,4,2,0,3,0,1,0
256.92,114,4,1,0,4,0,1,0
1004.7,287,7,1,0,1,1,1,0
868.63,105,7,1,0,2,0,1,0
722.51,149,2,2,0,2,0,1,0
1008.87,69,5,1,0,4,0,1,0
364.03,31,4,0,0,2,0,1,0
709.94,247,5,0,0,4,0,1,0
1869.31,1,4,0,1,3,0,1,0
772.81,155,8,2,1,1,0,1,0
206.03,360,3,0,0,1,0,1,0
683.56,45,0,0,0,2,0,1,0
376.09,72,4,0,0,4,0,1,0
1432.44,159,1,0,0,0,0,1,0
1508.45,51,9,1,0,0,0,1,0
208.77,338,7,1,1,1,0,1,0
2342.59,82,5,1,1,3,1,1,0
360.62,156,7,0,0,2,0,1,0
5214.42,46,6,0,0,0,0,1,0
1044.43,7,4,0,0,2,1,1,0
315.33,34,7,0,0,1,1,1,0
350.03,8,8,1,0,2,0,1,0
1553.24,113,3,2,0,1,1,1,0
741.52,159,4,1,0,1,0,1,0
995.6,8,5,3,0,2,0,1,0
5501.52,17,7,2,0,3,0,1,0
544.98,119,4,0,0,1,0,1,0
1164.4,288,8,3,1,4,1,1,1
4536.2,177,3,2,0,1,0,1,0
1437.29,19,2,2,1,1,0,1,0
219.95,393,3,2,0,3,0,1,0
1817.81,448,4,1,0,1,0,1,0
342.75,70,6,2,0,3,0,1,0
4477.44,172,5,0,0,1,0,1,0
481.61,122,12,2,0,2,0,1,0
21365.0,512,3,1,0,5,0,0,0
4757.02,127,7,3,0,0,0,1,0
494.42,579,4,0,0,1,0,1,0
1118.8,40,5,0,0,3,0,0,0
2330.05,76,5,3,1,2,0,1,0
2401.05,273,2,2,1,2,1,1,0
1706.73,275,2,0,0,2,0,1,0
3835.9,237,7,1,1,4,0,1,0
969.74,353,4,1,0,0,1,1,0
759.97,218,4,1,0,3,0,1,0
775.21,181,7,0,0,0,1,1,0
2587.31,110,7,1,1,0,0,1,0
1580.0,113,7,0,0,0,0,1,0
1467.45,93,6,0,0,3,0,1,0
2429.0,174,6,1,1,3,0,1,0
141.03,93,4,1,0,1,0,1,0
1495.28,28,6,0,0,5,0,1,0
1364.53,20,3,1,0,3,0,1,1
5818.56,464,4,2,0,0,0,1,0
237.8,4,5,1,1,2,0,1,1
5204.02,20,5,3,0,1,0,1,0
1182.53,106,5,0,1,7,0,1,0
1788.24,54,5,1,1,2,0,1,0
5860.08,93,0,1,0,3,0,1,0
1921.31,22,3,0,0,2,0,1,0
1636.59,25,8,2,0,1,0,1,0
1397.29,290,6,1,0,1,0,1,0
676.22,256,3,1,1,0,0,0,0
1065.83,19,6,1,0,4,0,1,0
536.19,198,5,3,0,3,0,1,0
1048.83,169,2,2,0,2,0,1,0
106.07,224,9,1,0,1,1,1,1
1684.19,115,8,1,0,1,0,1,0
970.94,56,8,1,0,1,0,1,0
783.52,196,8,0,0,4,0,1,0
1366.16,83,5,1,0,3,0,1,0
261.5,44,6,1,1,3,0,1,0
7549.75,94,5,1,0,2,0,1,0
989.53,259,4,2,1,2,1,1,0
947.81,116,7,0,0,1,0,0,0
417.63,64,7,2,0,1,1,1,0
1123.21,320,6,0,0,3,0,1,0
4389.45,384,4,1,0,2,0,1,0
3089.97,102,6,1,0,2,0,1,0
2577.15,84,4,2,0,1,1,1,0
1893.91,170,4,0,0,2,1,1,0
766.21,10,9,0,0,2,0,1,0
257.2,211,2,4,0,0,0,1,1
896.92,274,4,1,0,3,0,1,0
866.21,91,1,0,1,1,0,1,0
3130.02,34,4,0,0,2,0,1,0
1494.27,5,2,1,0,2,0,1,0
5498.94,182,7,0,1,3,0,1,0
3631.82,56,5,2,0,1,1,1,0
694.72,112,3,1,0,2,0,1,0
182.16,87,2,0,1,3,1,1,0
4383.38,34,6,0,0,5,0,1,0
4270.07,127,6,3,0,1,0,1,0
279.72,110,8,1,0,1,0,1,0
4960.39,176,7,2,0,2,0,1,0
1606.99,52,6,1,0,6,0,1,0
1287.79,43,8,1,0,0,0,1,0
5512.55,303,4,1,0,3,0,1,0
4207.76,218,5,1,0,2,1,1,0
2103.44,266,7,0,1,3,0,1,0
1760.26,23,6,2,0,0,0,1,0
2031.22,45,7,3,1,2,1,1,1
735.05,154,5,0,1,3,0,1,0
1037.84,350,4,2,0,2,0,0,0
444.83,400,10,0,0,3,0,1,0
786.0,320,5,2,0,4,0,1,0
760.04,7,3,2,1,1,1,0,1
580.97,309,5,1,0,0,0,1,0
1257.33,412,1,0,0,4,0,1,0
793.16,10,4,0,0,3,0,1,0
1812.09,96,11,1,0,3,0,1,0
216.52,138,5,0,1,1,0,1,0
979.11,47,4,1,0,1,0,1,0
1250.82,130,3,2,0,3,0,1,0
803.82,390,8,2,0,1,0,1,0
922.98,363,3,2,0,0,0,1,0
224.7,505,3,0,0,4,1,0,0
1566.31,119,2,1,0,1,0,1,0
2095.62,95,7,2,0,2,0,1,0
1796.4,197,6,1,1,1,1,1,0
3098.67,97,7,1,0,3,0,1,0
1341.48,7,5,1,0,2,0,1,0
1769.91,229,6,0,0,0,0,0,0
1281.89,59,10,1,0,2,0,1,0
2181.03,9,3,2,0,0,0,1,0
226.51,3,4,1,0,1,1,1,0
448.73,482,2,1,0,5,0,1,0
5360.97,52,7,0,0,1,0,1,0
93.65,106,4,4,0,5,0,1,0
953.2,541,3,1,0,0,0,1,0
3541.39,113,7,2,0,2,0,1,0
998.98,14,3,0,1,1,0,1,0
731.42,144,6,0,0,0,0,1,0
1248.15,16,8,0,0,1,0,1,0
770.38,17,10,3,1,4,1,1,0
1130.99,343,3,2,0,3,1,1,0
553.7,61,4,2,0,2,0,1,0
3323.17,204,8,0,1,1,0,1,0
4551.74,128,2,2,0,0,0,1,0
959.69,45,5,1,1,3,0,1,0
274.1,131,4,0,1,3,1,1,0
649.47,12,7,1,0,1,0,1,0
912.34,76,7,0,0,3,0,1,0
1818.08,133,1,0,0,3,0,1,0
400.21,46,1,0,0,1,0,1,0
508.18,194,4,1,0,2,0,1,0
1827.45,9,4,1,0,1,0,0,0
2804.3,119,5,1,0,1,0,1,0
588.99,225,5,0,0,1,0,1,0
289.1,101,5,1,1,1,0,1,0
29264.14,373,3,2,0,2,1,1,0
2400.19,180,2,3,1,2,0,1,0
839.66,572,4,3,0,1,1,1,0
2615.03,60,3,1,0,1,0,1,0
968.3,502,5,1,0,0,0,1,0
2610.13,168,7,0,0,4,0,0,0
1286.13,246,3,1,0,2,0,1,0
1201.43,418,6,3,0,0,0,1,0
978.89,144,2,1,0,3,0,1,0
257.91,356,10,1,1,0,0,1,0
7616.67,140,5,0,1,1,0,1,0
427.72,164,5,1,0,0,1,1,0
281.46,106,6,0,1,1,0,1,0
886.38,28,5,0,0,2,0,1,0
419.28,145,5,1,0,2,0,1,0
1041.36,682,5,2,0,1,0,1,0
2181.49,278,9,0,1,1,0,1,0
2966.99,247,5,0,0,1,0,1,0
2476.82,185,1,2,0,1,0,1,0
807.84,76,3,1,0,2,0,1,0
1152.39,33,6,1,0,5,0,0,0
1648.93,45,3,1,1,0,0,1,0
189.09,1,7,3,0,0,1,1,1
1940.27,201,6,0,0,2,0,1,0
255.37,300,3,2,0,2,1,1,0
8436.7,56,5,3,0,0,0,0,0
731.78,17,5,1,0,3,0,1,0
911.53,73,4,0,0,0,0,1,0
507.9,62,7,1,0,3,0,1,0
584.08,107,7,0,0,1,0,1,0
10658.29,55,5,0,0,1,0,1,0
2808.4,74,8,1,0,1,0,1,0
232.94,428,5,2,0,2,0,1,0
4935.52,73,5,2,0,2,1,1,0
3616.43,277,4,1,1,2,1,1,0
827.81,176,3,1,0,0,0,1,0
1490.25,74,4,1,0,3,0,1,0
1080.37,306,6,1,1,2,0,1,0
7883.92,162,7,1,0,0,0,1,0
494.58,1,1,3,0,4,0,1,0
1269.03,12,6,1,0,0,0,1,0
714.69,251,5,2,0,2,0,1,0
261.64,106,3,2,1,4,0,1,0
9814.72,93,3,0,0,2,0,1,0
336.44,28,5,1,0,2,1,1,0
1366.67,30,3,0,0,0,0,1,0
192.35,287,6,0,0,3,0,1,0
735.78,317,3,2,0,2,0,1,0
1672.32,147,2,3,0,2,0,1,0
480.71,62,3,1,0,2,0,1,0
1972.0,485,3,2,0,3,0,1,0
837.95,176,3,0,0,0,0,1,0
3498.48,286,5,1,0,2,0,1,0
4280.23,1,6,1,0,0,0,1,0
609.88,107,5,3,0,0,0,1,0
1184.09,368,3,1,0,1,1,1,0
1317.45,74,5,1,0,3,0,1,1
2037.24,233,3,1,0,3,0,1,0
1112.52,192,6,1,1,1,1,1,0
1326.38,29,4,1,0,3,1,1,0
859.71,268,2,1,0,2,0,0,0
1230.58,21,4,1,0,3,0,1,0
4015.59,234,5,3,0,2,0,1,0
2092.43,847,4,1,0,5,0,1,0
2211.12,570,4,1,0,2,1,1,0
2259.89,289,6,0,0,7,0,0,0
940.29,137,2,0,0,0,0,1,0
1508.43,202,3,0,0,1,0,1,0
370.49,234,5,0,1,3,0,0,1
3900.3,1,2,1,0,3,1,1,0
67.83,19,3,1,0,1,0,1,0
1005.11,163,4,0,0,2,0,1,0
3431.99,1,1,2,0,1,0,1,1
280.38,431,3,0,0,3,0,0,0
1635.62,121,5,0,1,2,0,1,0
555.15,53,6,3,1,4,1,1,0
758.39,90,7,0,0,2,1,1,0
2824.09,342,3,0,1,0,0,1,0
1336.83,471,13,1,0,1,0,1,0
143.4,22,7,2,0,2,0,1,0
413.05,270,9,0,0,2,0,0,0
2908.33,155,4,1,1,0,0,0,1
1718.05,158,6,2,0,3,0,1,0
6298.93,272,3,1,0,6,0,1,0
5899.65,45,3,0,1,3,0,1,0
778.8,136,8,1,0,3,0,1,0
13403.05,69,4,1,0,3,0,1,0
1123.81,17,8,1,0,1,0,1,0
418.77,19,8,2,0,4,0,1,0
581.94,26,5,0,0,2,0,1,0
114.81,171,4,0,1,5,0,1,0
5469.92,20,5,1,0,2,0,1,0
5403.28,151,3,1,0,4,0,1,0
397.22,159,12,1,0,3,0,1,0
873.16,421,7,0,0,5,0,1,0
1206.66,177,7,1,1,2,0,1,0
419.74,763,4,0,1,6,0,1,0
189.6,5,4,1,1,1,0,1,0
888.6,219,6,1,1,2,0,0,0
795.46,4,6,1,0,1,0,1,0
743.66,235,3,0,0,1,1,1,0
1370.21,87,5,1,0,1,0,1,0
4580.3,170,6,2,0,2,1,1,0
809.9,66,1,3,0,5,0,0,1
1300.42,31,5,2,0,4,1,1,0
2268.49,231,3,0,0,5,1,1,0
1908.63,422,7,2,1,1,0,1,0
593.23,36,8,0,0,1,0,1,0
1207.58,456,7,0,0,1,0,1,0
1896.07,27,7,0,0,4,0,1,0
354.83,239,5,0,0,1,1,1,0
3879.8,576,9,0,0,0,0,1,0
4589.79,28,5,2,0,4,0,1,0
532.31,102,5,0,0,2,0,1,0
1330.98,74,2,3,0,1,1,1,1
2084.49,88,6,0,0,1,0,0,0
635.48,251,8,1,0,4,0,1,0
1775.1,194,4,2,0,1,0,1,0
1291.11,623,3,0,0,4,0,1,0
252.67,36,9,0,0,1,1,1,0
1735.69,141,2,0,0,2,0,1,0
364.99,107,8,0,0,4,0,1,0
2805.12,452,5,0,1,3,0,1,0
560.48,1,2,0,0,0,0,1,0
933.29,814,6,0,0,4,0,1,0
4325.48,117,6,2,1,1,0,0,1
1801.51,176,5,0,0,4,0,0,0
372.61,80,2,0,0,2,0,1,0
397.46,344,7,1,0,2,0,1,0
602.26,148,6,0,0,2,0,1,0
1627.25,195,6,2,0,2,0,1,0
1569.17,188,8,2,0,3,0,1,0
471.96,81,7,0,0,0,0,1,0
341.31,14,1,1,0,3,0,1,0
1453.29,296,4,0,1,2,0,1,0
914.28,61,4,1,0,2,0,1,0
9482.62,340,4,2,1,3,0,1,0
1137.52,168,1,2,0,1,0,1,0
6729.48,78,7,0,0,5,0,1,0
340.23,162,4,0,1,4,0,1,0
227.42,186,3,0,0,3,0,0,0
357.78,220,3,1,0,1,0,1,0
3601.59,311,5,0,0,3,0,1,0
6349.31,31,8,0,0,2,0,1,0
501.61,519,2,3,0,2,0,1,0
691.89,95,5,2,0,6,0,1,0
340.71,354,6,1,1,0,0,1,0
179.17,44,4,1,1,4,0,1,0
2249.38,5,2,0,0,6,0,0,0
1370.62,153,4,2,0,4,1,1,0
1108.2,70,3,2,1,3,1,1,1
270.41,749,9,1,0,3,0,1,0
5653.08,19,8,0,1,1,0,1,0
662.91,8,4,2,1,3,0,1,0
1869.87,8,6,3,1,0,1,1,1
256.07,44,3,1,1,1,0,1,0
906.39,155,8,0,0,0,0,1,0
1467.59,126,2,1,0,1,0,1,0
1520.93,77,2,0,0,2,0,1,0
1280.04,16,5,0,1,1,0,1,0
1798.17,47,3,1,0,1,1,1,0
354.06,36,9,0,0,3,0,1,0
1335.92,246,3,0,0,2,0,0,0
1228.76,272,3,0,0,2,0,1,0
1382.53,270,5,0,0,2,0,1,0
1178.91,625,2,2,1,3,0,1,0
306.98,388,4,2,0,2,0,1,0
293.59,123,3,1,0,1,0,1,0
119.79,96,5,1,0,2,0,1,0
2483.77,445,8,0,0,1,0,1,0
2509.05,170,8,5,1,1,0,1,0
2549.24,62,4,0,1,1,0,1,0
1490.39,149,6,0,0,2,0,1,0
129.92,872,8,2,0,1,0,1,0
392.8,340,3,0,0,0,0,1,0
1300.38,59,5,2,0,3,0,1,0
1255.79,550,5,0,0,5,0,1,0
877.65,717,4,0,0,1,0,1,0
1585.92,47,7,2,0,2,0,1,0
1109.49,406,7,0,0,1,1,1,0
1237.4,386,7,1,1,2,0,1,0
578.79,7,3,0,0,2,0,1,0
2927.81,199,5,2,0,1,0,1,0
712.82,65,3,0,1,0,0,1,0
289.85,202,2,1,1,2,0,1,0
507.25,440,4,0,0,3,0,1,0
773.97,124,8,0,0,6,0,1,0
2963.13,96,5,0,0,1,0,1,0
1051.25,458,4,2,0,1,0,1,0
910.37,657,3,0,0,1,1,1,0
314.61,11,5,1,0,2,0,1,0
2405.43,461,5,1,1,0,0,1,0
571.38,15,8,1,0,3,0,1,0
992.25,74,4,0,0,0,0,1,0
4818.33,258,2,2,0,1,0,1,0
1823.96,270,6,1,1,1,0,0,0
215.24,232,6,1,0,2,0,0,0
186.88,7,5,1,0,3,0,1,0
1028.33,25,3,2,0,1,0,1,0
326.12,495,5,0,0,4,0,1,0
2097.6,15,3,1,0,0,0,1,0
1143.97,14,5,2,0,4,1,1,0
1293.86,325,3,4,1,5,0,1,0
540.91,184,5,2,0,0,1,1,0
6256.55,78,10,0,0,4,0,1,0
18818.46,32,9,1,1,4,1,1,0
829.99,388,3,1,0,0,0,1,0
1560.93,804,8,3,0,3,0,1,0
1208.84,9,4,2,0,1,0,1,0
845.83,145,2,1,1,0,0,1,0
477.2,54,4,2,0,0,0,1,0
370.57,321,3,0,0,2,0,1,0
352.27,76,8,1,0,2,0,0,1
1644.58,225,7,1,0,2,1,1,0
652.18,139,4,0,0,2,0,1,0
83.24,140,6,0,0,2,0,1,0
1711.04,351,2,1,0,4,0,1,0
1055.47,114,4,2,1,2,0,0,1
4216.13,336,3,1,1,2,1,1,0
1592.6,81,3,0,0,1,0,1,0
249.97,34,3,0,0,1,0,1,0
117.96,109,2,0,0,0,1,1,0
534.07,124,4,1,0,3,0,1,0
586.92,117,8,0,0,0,0,1,0
2816.24,297,2,2,1,1,0,1,0
1086.95,149,2,5,0,1,0,1,0
3407.34,394,1,1,0,4,0,1,0
291.54,129,4,1,0,6,0,1,0
2879.19,45,5,2,0,1,0,1,0
2255.19,24,2,1,0,1,0,1,0
145.73,364,6,0,0,2,0,1,0
4115.92,10,5,1,0,2,0,1,0
1204.06,22,5,1,0,4,0,1,0
1623.02,11,7,0,0,1,0,1,0
461.79,99,2,2,0,2,0,0,0
3925.49,136,5,2,0,2,0,1,0
335.01,3,3,1,0,2,0,1,0
2520.2,130,6,0,1,1,1,1,0
2491.42,90,4,0,0,3,0,1,0
413.99,267,3,0,0,1,0,1,0
7969.47,318,5,2,0,0,0,1,0
1382.33,207,8,0,0,3,0,1,0
2108.84,115,1,1,1,3,0,1,0
238.14,43,2,1,1,3,0,1,0
9115.49,338,7,1,0,2,0,1,0
322.29,75,5,1,0,0,0,1,0
3056.07,79,1,1,0,5,0,1,0
405.54,445,5,1,1,1,0,1,0
590.52,668,5,0,1,3,1,1,0
2413.31,411,6,3,0,1,0,1,0
3064.23,1141,2,1,1,1,0,1,0
307.57,365,4,0,0,2,0,1,0
3263.23,219,2,1,1,0,0,1,0
3118.1,62,2,0,0,3,1,1,0
429.25,550,2,2,0,0,0,1,0
5424.32,376,6,0,0,4,0,1,0
255.48,49,4,1,1,2,0,0,0
587.12,120,4,2,0,2,0,1,0
1770.47,13,7,1,0,5,0,1,0
467.05,551,4,0,0,1,0,1,0
1427.7,153,8,0,0,2,0,1,0
1395.59,50,1,1,0,3,0,1,0
909.53,62,3,2,0,3,0,1,0
2520.97,710,1,1,0,3,0,1,0
872.74,172,4,3,0,1,1,1,0
1382.35,98,8,0,0,1,0,1,0
3451.18,124,8,1,0,3,0,1,0
2417.98,18,6,1,1,1,1,1,0
2406.71,14,7,3,0,2,0,1,0
347.52,161,9,2,0,2,0,1,0
1853.43,129,7,0,0,1,0,1,0
455.55,80,5,1,0,2,0,1,0
304.47,150,5,1,0,1,0,0,0
1020.75,13,6,1,0,1,0,1,0
443.95,518,3,1,0,3,0,1,0
2417.81,62,3,1,0,2,0,1,0
2476.34,13,2,4,0,3,1,1,0
163.59,33,6,1,0,5,0,1,0
479.0,18,4,2,0,2,0,1,0
254.73,35,5,0,0,1,0,1,0
690.47,97,4,0,0,0,0,0,0
1728.79,241,8,1,0,1,0,1,0
860.67,57,3,1,0,2,0,1,0
608.04,103,8,0,0,1,0,1,0
4024.58,475,4,3,0,2,0,1,0
109.41,63,2,2,0,4,0,1,0
3777.7,285,1,0,0,3,0,1,0
636.33,30,3,0,0,1,0,1,0
1014.24,35,2,2,0,3,0,1,0
647.19,109,6,0,0,0,0,1,0
5130.14,48,5,3,0,1,0,1,0
320.22,420,4,0,1,0,0,1,0
1109.58,9,5,2,0,5,0,1,0
1858.34,163,4,2,0,4,1,1,0
218.98,166,7,4,1,2,0,1,0
437.07,12,6,0,0,3,0,1,0
945.6,237,7,1,1,2,0,1,0
451.84,113,7,3,0,2,1,0,1
485.13,231,5,0,0,0,0,1,0
772.89,315,4,0,0,0,0,1,0
2099.77,70,6,0,1,4,1,0,1
778.43,119,3,2,0,1,1,1,0
3224.16,54,3,1,1,4,0,1,0
404.33,40,1,0,0,4,1,1,0
313.59,1,4,1,0,4,0,1,0
7527.7,596,9,0,0,2,0,1,0
567.95,104,5,1,0,1,0,1,0
295.62,2,4,1,0,0,0,1,0
192.09,1,3,1,0,1,0,1,0
3213.46,61,1,1,0,1,0,1,0
779.53,2,4,2,0,3,0,1,0
850.9,84,3,4,0,1,0,1,0
935.24,11,4,5,0,2,0,1,0
3019.79,7,4,1,0,1,0,1,0
916.42,199,5,0,0,5,0,1,0
11430.65,427,5,1,1,1,0,1,0
1253.58,94,1,0,1,0,0,1,0
3170.94,326,4,0,0,0,0,1,0
2453.42,5,8,2,0,4,1,1,0
1057.38,270,7,0,0,4,1,1,0
609.74,11,7,0,0,1,0,1,0
1528.38,328,1,0,0,3,0,1,0
1826.39,385,5,0,1,4,0,1,0
618.57,277,1,1,0,5,0,1,0
1295.09,309,5,0,0,2,0,1,0
3775.19,148,5,1,0,2,0,1,0
8690.17,55,8,1,0,2,0,1,0
2576.97,185,5,2,0,1,0,0,0
7063.95,104,2,2,0,2,0,1,0
584.42,1,10,1,0,4,0,1,0
2212.51,116,2,1,0,2,1,1,0
4181.89,189,8,0,0,0,0,1,0
447.5,2,5,1,0,0,1,1,0
674.8,174,6,1,0,2,0,1,0
6234.82,190,4,2,0,2,0,0,0
413.6,30,4,0,0,2,0,1,0
286.82,101,6,0,0,4,0,1,0
5054.23,600,6,4,0,3,0,1,0
3629.18,388,2,4,0,2,1,1,1
1689.39,95,4,1,0,1,0,1,0
1047.63,77,5,0,0,4,0,1,0
707.31,23,5,2,0,1,0,1,0
1453.82,6,4,1,0,0,0,1,0
5323.08,63,7,0,0,2,0,1,0
1392.1,507,5,2,1,2,0,1,0
9575.46,573,5,1,0,0,0,1,0
446.78,301,7,1,1,0,0,1,0
1075.26,77,5,1,0,0,0,1,0
755.17,27,3,1,0,2,0,1,0
370.5,162,4,2,0,2,0,1,0
940.97,187,3,1,0,2,0,0,0
1664.58,99,5,1,0,1,0,1,0
1852.39,211,9,0,0,4,0,1,0
9608.97,247,5,0,0,4,1,1,0
1744.93,275,4,0,0,2,0,1,0
3463.85,125,3,1,0,3,0,1,0
1171.56,282,6,2,0,0,0,1,0
5872.62,4,4,0,0,0,1,1,1
12069.65,205,6,0,1,0,0,1,1
1865.13,48,5,0,0,2,0,1,0
406.4,56,4,1,0,1,0,1,0
633.46,17,2,1,0,0,0,1,0
1453.8,38,4,1,0,3,0,1,0
1731.08,869,6,2,0,2,0,1,0
2204.87,96,4,0,0,3,0,1,0
1737.49,473,8,0,0,3,0,1,0
1104.32,32,4,2,0,1,0,1,0
580.45,41,5,0,1,0,0,0,0
1637.85,146,3,2,0,2,0,1,0
7009.26,77,3,1,0,2,0,1,0
3040.96,185,1,1,0,4,0,1,0
1871.89,98,5,2,0,0,0,0,0
3070.41,300,6,2,0,0,0,1,0
756.68,101,6,1,0,1,0,1,0
659.67,152,4,0,1,4,0,0,1
519.16,69,4,0,0,2,0,1,0
967.5,219,5,2,1,3,1,1,0
719.1,191,4,3,0,2,0,1,0
3671.2,91,7,1,0,2,0,1,0
681.76,58,7,1,1,2,1,1,0
491.41,171,6,1,1,1,0,1,0
7650.89,516,0,1,0,2,0,1,0
698.28,25,3,1,0,1,0,1,0
1278.61,288,2,0,0,0,1,1,0
1722.14,140,2,0,1,0,0,1,0
351.89,134,5,0,0,3,0,1,0
3772.46,587,4,0,0,5,0,0,1
2073.76,167,5,0,0,3,0,1,0
5210.25,319,3,2,0,2,0,1,0
556.01,130,3,2,0,1,0,1,0
1210.91,51,0,1,0,2,0,1,0
1140.65,213,6,0,0,2,0,1,0
1427.8,461,9,0,0,1,1,1,0
256.05,331,1,1,0,1,0,1,0
1225.17,39,5,2,0,2,0,1,0
263.36,68,4,1,0,2,0,1,0
1569.22,130,3,2,0,2,0,1,0
130.5,152,3,0,1,4,0,1,0
172.16,38,6,2,0,3,0,1,0
2486.29,47,2,1,0,2,0,1,0
634.71,256,3,1,0,0,0,1,0
408.36,235,4,0,0,1,0,0,0
3908.25,328,9,3,1,1,0,1,0
1521.77,486,4,0,0,4,0,1,0
2623.04,66,5,1,1,2,0,1,0
928.67,353,6,1,0,5,0,1,0
15988.56,197,7,3,1,2,0,1,1
599.13,569,5,1,0,1,0,1,0
6276.05,57,3,1,1,2,0,1,0
1031.36,56,4,0,0,4,1,1,0
209.66,219,7,1,0,1,0,1,0
1777.3,474,5,3,0,1,0,1,0
1502.32,313,8,1,0,3,0,1,0
383.25,233,5,0,0,2,0,1,0
436.06,88,4,1,1,2,0,1,0
1069.88,227,6,0,1,1,1,1,0
1555.8,290,4,2,0,2,0,1,0
92.7,251,5,1,0,0,0,1,0
3143.59,203,6,0,0,8,0,1,0
668.81,8,4,0,1,0,0,1,0
289.53,194,3,2,0,3,0,1,0
2810.36,117,7,0,0,1,0,0,0
1071.04,586,5,2,1,4,1,0,0
3700.29,168,2,0,0,1,1,1,0
1699.27,168,5,1,0,1,0,1,0
1094.97,922,1,1,0,3,0,1,0
941.31,17,7,1,0,2,0,1,0
1777.05,58,4,3,0,2,0,1,0
725.22,192,5,0,1,1,0,0,0
467.51,68,8,1,1,0,0,1,0
2018.09,76,6,0,0,2,0,1,0
949.1,401,5,1,0,2,0,1,0
1134.07,155,3,1,0,1,0,1,0
3259.67,19,3,1,0,2,1,1,0
978.6,67,4,1,0,2,0,1,0
1113.24,14,6,0,0,4,0,1,1
602.06,146,7,2,0,3,0,1,0
1687.06,34,3,0,0,2,0,1,0
1555.93,350,9,1,1,2,0,1,0
2699.37,155,3,0,0,1,0,1,0
614.54,11,8,0,0,2,1,1,0
693.8,64,4,1,0,2,0,1,0
2421.49,172,4,0,0,2,0,1,0
1411.22,73,5,2,0,2,1,1,0
443.09,129,3,1,1,4,0,1,0
4050.33,432,3,0,0,2,0,1,0
200.65,77,6,0,0,1,1,1,0
2402.55,73,8,1,0,1,0,1,0
309.45,308,2,0,0,1,0,1,0
7228.51,69,5,1,0,2,0,1,0
234.02,14,10,0,0,1,0,1,0
3471.18,35,1,0,0,1,0,1,0
1010.67,534,5,0,0,3,0,1,0
760.06,487,5,2,0,3,0,1,0
1320.01,45,8,2,1,3,0,1,0
2062.97,145,5,2,1,2,0,1,0
443.9,26,6,1,0,3,0,1,0
485.03,202,3,1,0,3,0,1,0
2099.82,36,3,1,0,1,0,1,0
198.87,9,7,0,0,3,0,1,0
611.41,313,3,0,1,1,0,1,0
22941.14,70,7,2,1,2,0,0,0
416.54,20,6,2,0,4,0,1,0
3455.78,323,5,3,0,1,0,1,0
610.36,258,5,0,0,3,0,1,0
1824.47,207,8,0,1,1,0,1,0
2109.82,435,5,1,1,2,0,1,0
3391.26,120,2,0,1,4,0,1,0
897.62,24,2,3,0,2,0,1,0
8013.51,11,2,2,0,1,0,1,0
608.3,69,3,1,0,3,1,1,0
1386.06,16,5,0,1,0,0,1,0
1401.47,138,5,3,0,0,0,1,0
357.11,2,6,4,0,1,0,1,0
823.96,105,8,2,0,1,0,1,0
1288.86,35,9,0,1,4,0,1,0
711.86,82,3,0,0,1,0,1,0
12593.35,202,8,0,0,0,0,0,0
474.08,77,2,1,0,5,0,0,0
3566.8,75,7,1,1,0,0,1,0
2582.36,842,5,1,0,0,0,1,0
1081.54,228,4,1,0,0,0,1,0
461.64,129,4,1,0,2,1,1,0
508.64,155,5,1,0,4,0,1,0
653.3,174,3,2,0,1,1,1,0
183.88,4,3,2,0,1,0,1,0
402.03,15,6,2,0,2,0,1,0
249.02,188,7,1,0,2,0,1,0
4212.77,81,4,0,0,1,0,1,0
2035.43,10,2,2,0,3,1,1,0
2406.61,63,3,1,0,0,0,1,0
1976.0,25,4,1,1,2,0,1,0
1295.91,446,6,0,1,2,0,1,0
4725.27,40,6,0,1,2,0,1,0
595.4,27,5,2,0,2,1,1,0
1220.08,177,2,1,0,2,0,1,0
2314.75,132,3,3,1,2,0,1,0
292.6,154,6,1,0,2,0,0,0
24260.11,103,6,0,0,3,0,1,0
1128.41,113,9,1,0,1,1,1,0
1263.94,271,6,1,0,1,0,1,0
3854.04,44,12,0,0,1,0,1,0
2737.92,90,5,0,0,1,0,1,0
1139.2,569,7,0,0,3,0,1,0
1249.04,37,6,0,0,3,0,0,0
243.68,62,8,4,0,0,0,1,0
628.62,38,7,1,0,2,0,1,0
1839.43,3,3,1,0,1,0,1,0
1709.39,56,6,0,0,0,0,1,0
3718.84,8,5,3,0,3,0,1,0
972.14,30,2,0,0,1,0,0,0
273.89,81,5,2,0,1,1,1,0
3154.96,3,6,0,0,3,0,1,0
4610.49,251,6,1,0,0,0,1,0
2692.55,285,2,3,0,4,0,0,0
931.1,95,5,3,0,1,0,1,0
3116.25,751,4,0,0,0,0,1,0
33823.48,204,6,1,0,4,0,1,0
1230.47,245,2,2,1,1,1,1,0
295.38,38,2,0,0,1,0,1,0
610.16,327,4,1,1,2,0,1,1
2049.76,522,6,1,0,2,1,1,0
220.35,48,11,1,0,2,0,1,0
1299.07,208,2,2,0,3,0,1,0
1604.13,247,4,3,0,2,1,1,0
5090.45,65,9,2,1,8,0,1,1
4065.11,115,7,1,0,1,0,1,0
2603.43,18,4,0,1,4,0,1,0
126.13,34,2,2,0,1,0,1,0
2754.67,11,5,4,0,1,0,1,0
2220.56,147,0,0,0,5,0,1,0
1416.5,176,2,0,0,3,0,0,0
194.37,446,4,2,0,2,0,1,0
504.33,140,4,0,1,2,0,1,0
341.44,54,4,1,0,5,1,1,0
146.2,11,3,2,0,0,0,1,0
1093.44,389,6,1,0,0,0,1,0
493.82,117,6,0,0,3,0,0,0
15143.18,240,2,1,1,6,0,1,0
926.33,2,4,0,0,3,0,1,0
3998.81,120,3,1,0,2,0,1,0
228.35,70,6,1,0,3,0,1,0
645.43,5,1,0,0,2,0,1,0
1208.21,269,10,1,1,1,0,1,0
442.24,129,4,1,0,2,1,1,0
718.96,72,9,1,0,0,0,1,0
881.87,294,7,3,0,2,0,0,0
867.91,106,2,0,1,0,0,1,0
7010.18,1,5,0,0,3,0,1,0
1600.75,520,4,0,0,1,0,1,0
1771.37,53,4,2,0,0,0,1,0
1881.18,319,4,4,1,3,0,1,0
2023.59,305,4,0,0,1,0,1,0
1009.4,31,2,1,1,4,1,1,1
795.72,115,5,2,0,2,0,1,0
1295.71,7,2,1,0,5,0,0,0
3487.02,78,4,0,0,2,0,1,0
3382.05,236,4,2,1,0,0,1,0
862.3,48,3,3,0,3,0,1,0
2363.37,22,11,1,0,0,0,1,0
902.72,127,3,2,1,4,0,0,1
1134.41,138,7,0,0,1,0,1,0
682.99,202,1,0,1,1,0,1,0
914.48,256,4,0,0,3,0,1,0
4193.66,214,7,2,1,1,0,0,0
1202.82,336,7,0,0,2,0,1,0
1255.49,45,7,2,0,4,0,1,0
257.95,151,6,2,0,0,0,1,0
804.93,80,1,0,0,4,0,1,0
861.51,589,3,0,0,1,0,1,0
478.6,104,6,0,0,1,1,1,0
1120.65,578,4,0,1,3,0,1,0
713.95,263,6,0,0,3,1,1,0
1187.96,228,4,0,0,1,0,1,0
1238.31,121,3,1,0,1,0,1,0
421.68,105,9,1,0,5,0,1,0
736.05,134,3,0,1,1,1,1,0
1184.85,62,7,1,0,1,1,1,0
3584.23,422,4,0,0,3,0,1,0
1417.6,284,7,1,0,1,0,1,0
565.7,290,7,0,0,1,0,0,0
1634.36,102,7,1,0,0,1,1,0
6048.4,13,4,1,0,1,0,1,0
2742.72,206,6,0,0,5,0,1,0
1896.05,84,2,2,1,3,1,1,1
2265.59,367,5,0,0,2,0,0,0
4628.34,272,2,1,0,2,0,1,0
3215.14,28,2,0,0,3,0,0,0
1932.87,165,1,0,0,1,0,0,0
3192.76,212,3,3,0,3,0,1,0
371.8,151,10,1,0,5,0,1,0
244.14,129,7,0,0,1,0,1,0
1283.18,46,7,2,0,1,0,1,0
1174.6,48,5,1,1,1,1,1,1
636.57,262,4,0,0,1,0,1,0
2504.52,3,3,2,1,1,1,1,0
170.23,271,1,1,0,2,0,1,0
642.41,134,5,0,0,2,0,1,0
675.22,495,6,3,0,1,1,1,0
213.51,1066,4,0,0,2,0,1,0
4888.94,196,3,1,0,2,0,1,0
281.69,95,3,1,1,4,0,1,0
608.9,116,5,1,0,3,0,1,0
2718.89,41,4,1,0,1,0,1,0
2092.35,18,7,0,0,3,0,1,0
362.07,155,5,3,1,4,0,1,1
2170.01,294,8,0,0,1,0,0,1
1465.25,54,3,0,1,3,0,1,0
11305.4,97,1,0,1,2,0,1,0
1642.44,145,6,0,0,1,0,1,0
952.18,429,6,1,0,2,1,1,1
465.68,26,2,1,0,1,0,1,0
521.0,48,6,1,0,2,0,1,0
480.21,451,6,0,0,2,0,1,0
4320.38,7,9,1,0,0,0,1,0
1116.52,192,4,1,0,4,0,1,0
1929.95,183,6,0,0,2,1,1,0
4985.29,86,6,2,1,2,0,1,0
103.7,113,5,2,1,2,0,1,0
3939.75,347,5,0,0,0,1,1,0
1159.1,32,8,0,0,0,0,1,0
1694.34,47,4,0,0,0,0,1,0
478.95,129,3,1,1,1,0,1,0
515.37,94,2,1,0,2,0,1,0
1787.99,153,3,0,0,0,0,1,0
11903.62,456,7,1,0,2,0,1,0
2990.85,448,6,3,0,2,0,0,0
3887.51,47,2,0,0,1,0,1,0
905.06,64,9,1,0,6,0,1,0
601.72,31,1,0,0,0,1,1,0
502.3,473,5,2,0,1,0,1,0
672.99,91,4,1,0,0,0,1,0
140.78,107,7,2,0,1,0,1,0
531.17,292,1,3,0,1,0,1,0
626.19,129,3,0,0,0,0,1,0
920.25,22,10,1,0,0,0,1,0
1251.06,103,4,0,0,4,0,1,0
1575.69,179,4,1,1,2,0,0,0
1080.39,228,7,0,0,0,0,1,0
613.12,186,6,0,1,0,0,0,0
153.95,22,7,1,1,4,1,1,1
616.89,65,5,3,0,3,0,1,0
414.7,238,3,0,0,2,0,1,0
1747.72,381,3,2,1,2,0,1,0
2722.45,8,11,0,0,3,0,1,0
2803.35,7,10,0,0,1,0,1,0
2337.77,185,5,1,1,1,0,1,0
959.56,142,5,0,0,2,0,1,0
650.7,30,3,1,1,4,0,1,0
519.52,143,4,0,0,0,1,1,0
242.86,660,4,0,0,2,1,1,0
2956.77,179,2,3,0,4,0,1,0
920.84,107,3,2,1,0,0,1,0
315.34,316,4,2,0,3,1,1,0
479.87,43,4,1,0,2,0,1,0
460.83,96,6,1,0,3,0,1,0
1144.84,135,6,1,0,5,0,1,0
3189.02,126,3,0,0,0,1,1,0
774.34,456,5,1,0,3,0,1,0
115.29,62,8,2,0,1,0,1,0
907.61,10,5,0,0,1,0,1,0
938.05,446,5,2,1,3,0,0,0
875.75,44,6,0,1,1,0,1,0
585.54,85,2,1,0,0,0,0,0
1362.99,136,1,1,1,1,0,1,0
1171.62,670,4,3,0,2,0,0,0
1069.74,137,2,1,0,1,0,1,0
1656.8,106,7,1,0,2,0,1,0
713.49,157,4,2,0,1,0,1,0
674.12,636,4,2,0,0,1,1,0
4359.55,306,4,4,1,1,0,1,1
1918.61,33,5,0,0,1,0,1,0
2507.26,292,3,1,0,0,1,1,0
3737.25,331,4,1,1,1,0,1,1
1855.56,211,1,2,0,4,0,1,0
2774.95,192,7,0,0,2,0,1,0
226.03,104,3,0,0,3,0,1,0
1345.01,184,8,0,0,5,0,1,0
913.5,240,12,1,1,0,1,1,0
5870.44,23,3,1,0,0,0,1,0
2772.89,53,11,0,1,2,0,0,0
583.8,38,4,1,0,4,0,1,0
1592.08,331,7,2,0,3,1,1,0
1296.83,205,6,0,1,0,0,1,1
1727.33,107,6,1,1,4,0,1,0
395.9,314,4,2,0,0,0,1,0
1571.86,227,2,0,0,4,0,1,0
872.92,440,9,0,1,1,0,1,0
1454.55,14,10,1,1,2,0,1,0
531.45,128,10,1,0,2,0,1,0
610.9,220,10,0,0,0,1,1,0
3546.95,41,7,2,0,0,0,1,0
383.16,71,5,0,1,1,0,1,0
412.5,97,10,0,0,2,0,1,0
1041.5,284,8,0,0,2,0,1,0
506.8,122,5,0,1,3,0,1,0
452.58,122,3,1,0,4,1,1,0
1218.13,101,2,2,0,7,0,0,0
243.46,46,5,0,1,3,0,1,0
400.23,461,5,0,0,2,0,1,0
8553.5,68,9,1,0,1,0,0,0
1736.24,150,10,1,0,0,0,0,0
519.8,28,8,0,1,3,0,1,0
1666.06,102,3,1,0,1,0,1,0
1933.97,421,5,2,1,3,0,1,0
2964.35,971,4,1,0,3,0,1,0
965.69,80,0,0,0,2,0,1,0
2911.72,30,4,1,1,1,0,1,0
142.82,67,4,0,0,1,1,1,0
381.34,71,3,2,0,1,0,1,0
1291.9,186,3,1,0,4,0,1,0
1524.82,123,4,2,0,0,0,1,0
440.64,263,4,1,0,4,0,1,0
1421.43,217,9,1,0,1,0,1,0
587.67,52,4,1,0,3,0,1,0
831.34,276,7,3,0,2,0,1,0
3055.73,338,10,1,0,4,0,1,0
2721.5,164,5,2,0,2,0,1,0
404.62,472,3,2,0,1,0,1,0
380.98,274,4,1,1,1,0,1,0
726.93,162,5,2,0,1,0,1,0
1067.69,425,4,0,0,4,0,1,0
567.99,165,7,1,1,2,0,1,0
3104.61,132,7,0,0,4,0,0,0
1552.14,79,7,0,0,4,0,1,0
1645.97,385,4,1,0,2,0,1,0
309.04,23,7,0,0,1,0,1,0
3523.78,115,2,1,0,4,0,1,0
65.35,138,6,1,0,3,1,1,0
2525.15,145,6,1,0,3,0,1,0
2791.44,189,5,1,0,2,0,1,0
711.66,126,4,2,1,3,0,1,0
3916.33,53,5,2,0,3,1,1,0
1029.58,350,5,2,0,4,0,1,0
1167.28,192,6,1,0,3,0,1,0
1539.99,351,4,0,0,1,0,1,0
26544.42,58,3,2,0,2,0,1,0
4206.7,182,5,1,0,1,1,1,0
2210.85,225,2,0,0,1,1,0,0
440.19,87,3,0,0,2,0,0,0
1265.96,301,3,0,0,2,1,1,0
486.32,1,3,1,0,4,1,1,0
2495.17,162,4,2,0,1,1,1,0
1262.02,171,7,1,1,0,1,1,0
356.19,137,3,4,0,2,0,1,0
1189.31,178,5,0,0,0,0,1,0
468.99,32,4,0,1,2,0,1,0
1275.66,207,5,1,0,2,0,1,0
464.48,73,6,0,0,0,1,1,0
1127.2,108,7,2,1,2,0,0,0
2322.66,72,7,1,0,4,0,1,0
1039.97,115,5,0,0,0,0,1,0
741.82,174,0,0,0,1,0,1,0
1343.83,328,4,3,1,3,0,0,1
2202.13,118,6,2,0,3,0,1,0
362.42,70,6,0,0,1,0,1,0
1423.19,120,5,0,0,0,0,1,0
4095.08,210,7,1,0,4,0,1,1
1946.24,76,4,1,0,3,0,1,0
1161.83,96,5,4,0,3,0,1,0
2079.2,148,3,3,0,3,0,1,0
1724.16,62,3,0,1,2,0,1,0
2329.95,42,6,0,0,1,0,1,0
144.9,27,9,0,1,1,0,1,0
231.96,78,1,0,0,2,1,1,0
2995.39,8,3,2,1,3,0,1,0
243.4,157,2,1,0,5,1,1,0
1638.5,34,4,1,0,3,0,1,0
771.2,85,5,1,0,0,0,1,0
404.97,56,7,2,0,3,0,1,0
1555.65,179,2,0,0,2,0,1,0
1340.82,341,12,3,0,1,0,1,0
9048.39,180,2,4,0,2,0,1,0
587.1,140,6,2,1,1,0,1,0
4629.06,199,7,1,1,2,0,1,0
1559.97,5,5,1,1,2,0,1,0
566.22,23,2,1,0,0,1,1,0
2438.76,17,8,0,0,3,0,1,0
1930.89,18,1,2,0,3,0,1,0
1136.65,54,2,0,0,3,1,1,0
1431.24,136,6,1,0,0,0,1,0
603.66,21,7,0,0,3,0,1,0
480.2,492,4,2,1,2,1,1,1
2343.6,346,7,0,0,0,0,1,0
876.61,641,2,1,1,3,0,1,0
1012.24,7,8,2,0,2,0,1,0
1450.73,343,7,3,0,0,1,1,0
1429.8,293,3,5,1,2,0,1,0
262.61,418,4,2,0,2,0,1,0
3968.93,135,2,0,0,1,0,1,0
1237.91,279,5,0,0,3,0,1,0
895.47,9,9,4,0,2,0,1,0
1687.23,14,3,0,0,5,0,0,0
1389.28,22,4,2,0,2,0,1,0
2361.52,443,6,0,0,1,0,1,0
1878.04,11,8,1,0,3,1,1,0
2248.11,18,5,0,1,2,0,1,0
4234.39,479,2,1,0,3,0,1,0
2653.47,20,7,0,0,1,0,1,0
934.03,366,4,3,0,1,0,1,0
356.77,280,7,1,0,2,0,1,0
5812.69,7,6,2,0,2,0,1,0
864.61,3,3,0,0,3,0,1,0
683.27,137,4,0,0,5,0,1,0
193.11,1056,7,1,0,2,0,1,0
1538.36,379,7,1,0,2,1,1,0
1272.69,66,1,4,0,1,0,1,1
241.02,87,5,2,0,3,0,0,0
1725.5,88,6,1,0,2,0,1,0
666.35,238,5,1,0,1,1,1,0
16160.33,75,4,0,0,1,0,1,0
620.57,28,2,3,1,2,0,1,0
709.67,247,6,0,0,1,0,1,0
457.25,110,6,0,1,1,0,1,0
3935.83,14,4,0,0,1,0,1,0
755.38,280,7,2,1,2,0,1,0
531.17,158,6,4,0,0,0,0,1
2223.76,120,5,0,1,0,0,1,0
275.79,201,4,1,0,4,0,1,0
2049.01,126,7,0,0,2,0,1,0
6511.99,188,4,0,0,2,0,1,0
1932.57,363,4,1,0,3,0,1,0
2075.38,171,1,3,1,1,0,1,1
2617.72,193,7,2,0,2,0,1,0
6061.47,171,5,0,0,2,0,1,0
3677.15,136,3,1,1,3,0,1,0
1702.19,33,3,2,0,2,0,1,0
2707.8,73,6,1,0,1,0,1,0
452.17,212,7,2,0,2,0,1,0
2383.42,99,3,1,0,2,0,1,0
401.19,93,4,2,0,0,0,1,0
759.74,256,1,3,0,0,0,1,0
50.27,1,11,1,1,1,0,1,0
1638.33,204,7,0,0,3,0,1,0
576.01,120,10,2,1,1,0,1,0
3331.39,85,3,4,0,0,0,1,0
1620.02,74,9,1,0,0,0,1,0
3374.82,34,6,2,1,1,1,1,0
371.07,73,4,0,0,1,0,1,0
3097.61,89,1,0,0,1,0,1,0
9007.89,103,2,2,1,4,0,1,0
2354.68,200,6,1,0,1,0,1,0
2417.16,108,3,4,0,3,0,1,0
1299.32,286,5,3,0,0,0,1,0
648.93,183,8,1,0,2,0,1,0
2347.7,37,3,0,0,5,0,1,0
243.21,58,6,2,0,1,0,1,0
722.16,14,4,1,0,2,0,1,0
186.6,524,5,0,0,1,0,1,0
542.58,391,5,2,1,0,0,0,0
2084.0,15,8,0,0,8,0,1,0
1817.82,153,2,1,0,0,0,1,0
1153.91,581,4,2,0,1,0,1,0
1300.37,247,9,0,1,3,0,1,0
166.36,121,6,0,1,2,1,1,0
755.54,49,2,3,0,3,0,1,0
554.82,58,6,1,0,3,0,0,0
567.33,239,3,0,0,4,0,1,0
1997.35,273,8,0,0,2,0,1,1
463.82,135,5,1,1,1,1,1,0
599.03,23,4,1,0,1,0,1,0
136.04,488,3,1,0,4,0,1,0
817.19,335,2,0,1,1,0,1,0
369.5,27,6,1,0,2,0,1,0
1187.02,10,8,0,0,1,0,1,0
423.64,138,4,2,0,2,1,1,0
1217.48,60,7,0,0,4,0,1,0
948.91,59,5,1,0,3,0,1,0
5837.41,16,3,2,0,2,1,1,0
1803.02,551,5,0,0,3,0,1,0
174.23,319,3,0,1,5,0,1,0
309.55,21,3,2,0,1,1,1,0
1158.88,376,6,1,0,2,0,1,0
432.75,206,2,2,0,3,0,1,0
56.35,70,7,1,0,5,0,1,0
4228.26,368,7,0,0,4,1,1,0
2253.46,164,7,2,0,4,0,1,0
1846.37,339,4,0,0,3,0,1,0
597.45,114,5,1,0,2,0,1,0
1681.9,125,1,1,1,5,1,1,0
542.2,61,2,0,0,2,0,0,0
1345.95,88,2,1,0,5,0,1,0
436.77,150,3,0,1,2,0,1,0
4995.48,528,4,2,0,3,0,1,0
228.1,164,6,1,1,4,0,1,0
3760.41,28,6,2,0,0,0,1,0
1140.15,1,3,1,1,1,0,1,0
672.18,342,3,0,0,3,0,1,0
1295.95,81,3,0,0,3,0,1,0
2283.23,68,6,0,0,1,0,1,0
4301.62,290,10,1,0,1,0,0,0
1499.88,523,7,0,0,2,0,1,0
450.03,248,7,2,0,2,0,1,0
1159.37,34,5,0,0,1,0,1,0
6746.6,89,6,1,0,1,0,1,0
4220.37,256,3,1,0,5,0,1,0
2721.02,427,3,2,0,1,1,1,0
2430.1,1182,2,1,1,2,0,1,1
2207.13,128,4,0,0,2,0,1,0
3493.83,311,4,1,0,6,1,1,0
694.62,8,8,4,1,4,0,1,0
282.85,60,2,1,1,2,0,1,0
1174.98,83,7,0,0,2,0,1,0
484.16,667,4,4,0,1,1,1,0
381.83,1,3,4,0,0,0,1,0
533.64,66,4,1,0,3,0,1,0
13164.96,479,12,2,0,0,0,0,0
1256.55,65,4,1,1,4,0,1,0
1574.84,45,10,2,0,1,0,0,0
323.0,235,2,1,0,2,0,1,0
173.51,246,8,1,0,1,0,1,0
483.45,115,4,1,0,2,0,1,0
4620.21,528,8,1,0,3,0,1,0
1531.92,40,6,0,0,1,0,1,0
1995.39,440,8,0,0,1,0,1,0
2295.18,253,4,0,0,2,0,1,0
607.07,82,1,1,0,1,0,1,0
4393.87,296,7,1,0,4,0,1,0
582.42,25,6,1,0,2,0,1,0
4474.87,25,4,0,0,3,0,0,0
1706.67,478,2,2,0,2,0,1,0
183.27,17,4,2,0,3,0,1,0
519.04,1,3,1,0,1,0,1,0
184.02,88,7,0,1,2,0,1,0
3509.69,19,4,1,0,2,0,1,0
1069.84,357,9,0,0,1,1,1,0
118.11,460,5,0,0,2,0,1,0
1596.78,118,5,0,0,2,0,1,0
640.88,99,8,2,0,1,0,1,0
248.69,139,3,2,0,2,0,1,0
5872.09,46,5,3,0,2,0,1,0
1220.83,63,5,2,0,0,0,1,0
817.76,19,4,1,0,0,1,1,0
735.52,106,2,0,0,5,0,1,0
241.46,170,3,3,0,1,0,1,0
297.51,479,5,1,0,3,0,1,0
3963.63,241,4,2,1,1,0,1,0
682.74,231,4,0,0,3,0,1,0
1121.1,66,5,1,0,2,0,1,0
141.98,394,10,0,1,0,0,1,0
293.51,528,5,1,0,3,0,1,0
2017.9,484,5,2,0,0,0,1,0
1599.92,7,3,0,0,0,0,1,0
6332.02,166,3,4,0,1,0,1,0
4200.49,185,8,1,0,2,0,1,0
870.69,62,3,2,0,0,0,1,0
1759.8,878,2,2,0,5,0,1,0
799.03,61,4,0,0,3,0,1,0
8559.61,43,5,3,0,0,0,0,0
3459.97,119,6,0,0,3,1,1,1
1299.44,70,2,1,0,3,0,1,0
1339.96,463,1,0,0,2,0,1,0
4651.06,104,7,1,0,1,0,1,0
1957.8,95,5,0,0,1,0,1,0
5211.53,176,3,2,0,0,1,1,0
122.28,15,4,0,0,2,0,1,0
1739.28,254,11,1,0,4,0,1,0
654.95,263,7,1,0,4,0,0,0
6351.07,115,5,1,0,2,0,1,0
5148.18,561,7,2,1,4,0,1,0
1133.24,155,2,2,0,1,0,1,0
5093.04,213,8,0,0,2,0,1,0
6523.16,464,4,0,0,1,0,1,0
1181.34,197,6,2,0,2,0,1,0
12989.98,101,8,1,0,2,0,1,0
1062.8,4,8,0,0,3,0,1,1
884.9,234,8,0,0,4,0,0,0
2606.78,602,8,1,0,2,0,1,0
769.86,114,3,4,0,2,1,1,0
1194.33,74,7,0,0,2,1,1,0
4489.22,131,6,2,0,2,0,1,0
1117.91,234,4,3,1,3,0,1,0
201.34,1,4,1,0,1,0,1,0
1583.38,392,6,1,0,0,0,0,0
546.59,391,3,2,0,3,0,1,0
2605.22,140,3,1,0,3,0,1,0
2199.95,23,7,1,0,2,1,1,0
4776.2,200,2,3,0,3,0,1,0
2717.68,26,7,0,0,2,0,0,0
3262.48,127,6,1,1,2,0,1,0
561.66,17,5,1,0,2,0,1,0
2450.35,160,3,2,0,3,0,1,0
7851.43,68,7,2,1,4,0,0,0
550.79,320,2,1,0,2,0,1,0
6632.51,289,7,4,0,3,0,1,0
633.11,1167,2,0,0,0,0,1,0
467.79,53,3,0,0,2,0,1,0
1474.69,11,2,0,0,2,0,1,1
2243.76,105,7,1,0,1,0,1,0
2729.16,15,3,2,0,2,0,1,0
419.15,35,6,1,1,2,0,1,0
1693.48,163,6,2,0,4,0,1,0
552.5,161,8,0,0,1,0,1,0
247.42,7,5,1,0,3,0,1,0
433.23,105,2,0,0,1,0,1,0
517.55,135,4,2,0,2,0,1,0
1847.51,56,5,2,1,1,0,0,0
3471.05,370,5,1,1,2,0,1,0
251.34,31,8,1,0,4,0,1,0
1559.25,52,6,1,0,6,0,1,0
338.09,30,3,0,0,0,0,1,0
2057.17,22,6,1,0,2,0,1,0
588.32,380,9,2,1,2,0,1,0
383.24,58,3,3,0,2,0,1,0
2439.78,230,9,2,1,2,0,1,0
609.77,100,7,1,0,1,0,1,0
799.54,181,2,3,0,1,0,1,0
119.11,474,10,0,1,0,0,1,0
2825.81,335,3,3,0,4,0,1,0
2492.17,12,6,1,0,2,0,1,0
1102.63,335,6,1,0,2,0,1,0
238.04,108,9,2,0,3,0,1,0
3675.22,77,3,1,1,4,1,1,0
563.26,200,4,0,0,0,0,1,0
696.9,539,4,0,1,4,0,1,0
11070.55,17,8,3,0,1,1,1,0
542.6,263,9,0,0,4,1,1,0
2303.56,40,4,2,0,2,0,0,0
1923.87,86,3,0,0,0,0,1,0
1619.99,372,7,0,0,2,0,1,0
1453.89,142,2,1,0,2,0,0,0
1597.81,12,6,1,0,3,1,1,0
1439.34,127,6,0,0,1,0,1,0
1041.15,280,6,0,0,6,0,1,0
4970.54,135,7,0,0,2,0,1,0
295.11,32,7,0,0,3,0,1,0
3045.61,105,2,0,1,1,1,1,0
2495.74,464,2,0,0,0,0,1,0
2204.82,193,6,1,0,2,0,1,0
3350.88,235,4,0,0,1,1,0,0
999.65,277,4,1,0,1,0,1,0
169.19,17,5,1,0,1,1,1,0
1020.15,156,2,1,0,0,1,1,0
407.0,84,10,2,1,0,0,1,0
527.5,26,4,0,0,0,0,0,0
316.58,40,5,3,1,1,0,1,0
680.38,273,5,0,0,4,0,1,0
603.88,31,5,2,0,4,0,1,0
101.74,67,0,1,0,1,0,1,0
2208.84,60,4,2,0,1,0,1,0
10100.31,8,3,2,0,1,0,1,0
2010.7,111,4,0,0,2,1,1,0
895.23,261,1,1,0,3,1,1,0
1038.21,4,6,0,0,4,0,1,0
719.83,21,2,0,1,2,0,1,0
1199.96,229,4,1,1,0,1,0,1
1056.79,162,1,2,0,0,0,1,0
472.93,226,7,0,0,2,0,1,0
5901.07,47,6,2,0,2,0,1,0
247.86,293,2,1,0,1,0,1,0
2249.2,117,3,2,0,1,0,1,0
991.09,169,2,0,1,1,0,1,0
7338.07,17,5,2,0,1,0,1,0
1542.04,41,4,0,0,4,0,1,0
765.17,267,9,1,0,4,0,1,0
856.02,45,2,0,0,0,0,1,0
1141.28,17,6,2,0,5,0,1,0
349.75,163,6,2,0,1,0,1,0
509.35,142,3,2,0,5,0,0,0
184.02,168,6,1,0,2,0,1,0
435.73,173,8,0,0,8,0,1,0
1204.6,124,5,0,0,0,0,1,0
1480.56,122,3,1,0,4,0,1,0
151.51,464,5,0,1,1,1,1,0
956.03,137,1,2,1,1,0,1,0
1926.4,172,6,1,0,0,0,1,0
931.77,55,4,0,0,0,0,0,0
581.85,368,1,0,0,0,0,1,0
726.21,4,4,0,0,0,0,1,0
638.57,146,2,2,1,1,0,1,0
580.14,87,3,0,0,3,0,1,0
1304.82,166,7,0,0,0,0,1,0
11022.44,80,6,0,0,2,0,1,0
521.29,227,3,0,1,0,0,1,0
797.8,3,4,2,0,3,0,1,0
1041.38,93,6,0,0,2,0,1,0
551.5,320,5,0,0,2,0,1,0
3288.66,51,3,2,1,6,0,1,0
102.42,9,5,1,0,3,0,1,0
644.8,123,4,0,0,2,0,1,0
2485.71,675,2,0,0,5,0,1,0
817.22,11,2,2,0,1,0,1,0
482.59,13,5,1,0,1,0,0,0
1704.04,162,6,1,0,2,0,1,0
2714.45,51,1,2,0,2,0,1,0
1353.75,95,2,1,1,2,0,1,0
492.15,319,4,1,0,3,0,1,0
1730.57,39,8,0,0,3,0,1,0
733.59,228,7,0,0,6,0,1,0
2310.43,126,8,1,1,2,0,1,0
4833.18,423,3,2,1,3,0,1,0
81.0,649,8,1,0,2,0,1,0
1225.45,119,4,0,1,2,0,1,0
193.3,158,6,1,0,3,1,1,0
12604.24,246,4,2,1,1,1,1,0
686.68,69,6,1,1,1,1,0,1
2313.17,46,6,0,0,2,0,1,0
1058.58,601,2,4,0,4,0,1,0
491.23,102,4,3,0,3,0,1,0
436.13,1,6,1,0,2,0,1,0
5354.43,327,10,1,0,0,0,1,0
2852.46,164,7,1,0,2,0,1,0
7658.6,33,3,0,0,1,0,1,0
1159.16,5,5,0,0,3,0,1,0
1462.52,62,5,1,0,1,0,1,0
839.5,473,4,3,0,2,0,1,0
822.97,487,5,0,0,0,0,1,0
386.88,67,9,0,0,0,0,1,0
1192.74,325,3,1,1,0,0,1,0
498.08,104,3,2,0,2,0,1,0
1706.0,191,6,0,0,3,0,0,0
1299.86,73,6,2,1,1,1,1,0
1462.18,130,8,1,0,1,1,0,0
5855.46,62,10,0,0,1,1,1,0
1056.04,11,6,0,1,0,0,1,0
2337.24,27,3,0,0,2,1,1,0
8531.41,61,4,2,0,5,0,0,0
4050.59,673,7,0,1,3,0,0,0
3474.37,606,1,2,1,1,0,1,0
806.99,316,8,2,0,5,0,1,0
1379.73,47,0,1,0,2,0,1,0
293.45,104,6,1,0,1,0,1,0
1806.08,104,1,1,0,0,0,1,0
1442.97,88,6,0,0,1,1,1,0
1122.58,8,5,0,0,3,1,1,0
3063.14,137,6,1,1,2,0,0,1
327.74,13,9,0,0,1,0,1,0
5624.36,291,4,0,0,0,0,0,0
2702.05,211,6,0,1,2,1,1,0
1021.85,78,7,0,1,3,0,1,0
945.08,187,3,0,1,3,0,1,0
1773.32,47,4,2,0,2,0,0,0
5018.32,55,3,0,0,3,0,0,0
1213.92,67,5,1,1,1,0,1,0
1266.52,287,1,0,1,0,0,1,0
1116.68,42,2,0,0,2,0,1,0
6516.05,148,2,1,0,1,0,1,0
758.33,40,3,3,0,1,0,1,0
1064.75,60,3,1,1,2,0,0,0
4738.31,48,4,1,0,1,0,1,0
1270.3,186,7,0,0,1,0,1,0
3418.85,134,8,0,0,3,1,1,0
440.86,229,7,0,0,1,0,0,0
893.11,44,6,2,0,5,1,1,0
4838.86,1,11,2,0,2,0,1,0
557.61,205,5,0,0,4,0,1,0
942.66,21,7,0,0,3,0,1,0
1417.55,50,6,1,0,3,0,1,0
407.83,65,4,1,0,3,0,1,0
725.01,247,2,2,0,3,0,1,0
1227.38,176,4,1,1,1,1,1,0
1149.04,36,5,1,0,3,0,1,0
3945.58,163,3,0,0,2,0,1,0
5122.8,221,5,0,0,3,0,1,0
465.87,88,7,2,0,3,0,1,0
1225.7,50,4,1,0,2,0,1,0
2152.21,204,5,1,1,1,0,1,0
4995.77,169,5,1,0,4,0,1,0
2249.56,14,4,1,0,1,1,1,0
1466.91,197,2,1,0,3,0,1,0
2135.68,120,1,1,1,1,0,1,0
2151.17,251,4,0,0,0,0,1,0
433.67,38,3,2,0,0,1,1,0
1329.82,53,5,1,0,3,0,1,0
4718.1,141,3,3,0,1,0,1,0
891.27,118,1,1,0,1,0,1,0
1248.19,87,4,0,0,1,0,1,0
860.47,246,6,0,1,0,0,1,0
108.43,149,8,1,0,5,0,1,0
1119.45,222,8,0,0,3,1,1,0
1482.95,29,4,2,0,2,0,1,0
656.88,235,3,0,0,0,0,0,0
345.63,111,1,1,0,0,0,1,0
454.59,6,3,1,0,4,0,1,0
2354.74,48,4,0,1,5,0,1,0
7883.48,4,4,1,0,1,0,0,0
4369.63,109,4,1,0,1,1,1,0
285.9,70,8,0,0,3,0,1,0
2577.63,788,4,3,0,5,0,1,0
565.01,365,2,1,1,1,0,0,0
612.61,314,6,0,0,2,0,1,0
690.92,125,6,1,0,1,0,1,0
2221.79,296,9,1,0,2,0,0,0
2861.94,55,8,3,0,2,0,1,0
994.23,148,4,1,0,1,0,1,0
1011.24,89,5,3,0,3,1,1,1
1744.57,33,8,2,0,2,0,1,0
1935.26,13,4,1,1,4,0,1,0
3555.41,147,1,1,0,3,0,1,0
303.57,18,3,1,0,4,0,1,0
1118.82,227,6,0,0,3,0,1,0
376.9,457,4,3,0,2,0,1,0
1042.17,31,6,2,0,5,1,1,0
874.65,114,9,0,0,0,0,1,0
1046.55,241,6,2,0,0,0,1,0
492.88,60,7,1,0,3,0,1,0
247.82,456,7,2,0,1,0,1,0
135.04,394,6,2,0,1,0,1,0
961.81,19,9,0,0,0,0,1,0
712.66,5,8,1,1,1,0,1,0
557.83,674,4,0,0,2,0,1,0
4115.64,564,5,2,0,5,0,0,0
464.31,98,4,1,0,1,0,1,0
4522.56,9,6,2,0,2,1,1,0
5562.73,173,5,1,0,4,0,1,0
155.88,62,5,1,0,1,0,1,0
1202.77,496,7,0,1,0,1,1,0
735.32,284,6,1,0,2,0,1,0
59.63,188,8,0,0,2,0,1,0
258.62,60,7,3,0,1,0,0,0
2380.19,217,7,1,0,2,0,1,0
8260.16,61,6,1,1,1,0,1,0
2704.52,6,6,1,0,3,0,1,0
1515.7,127,5,0,0,4,0,1,0
1073.49,120,3,0,0,1,0,1,0
5899.74,259,7,1,0,2,0,1,0
9397.88,361,4,1,1,1,0,1,0
609.82,78,4,0,0,2,0,0,0
148.42,107,2,1,0,0,0,1,0
134.53,114,7,0,1,2,0,0,0
4112.89,70,6,2,0,4,0,1,0
1046.22,244,5,2,1,1,0,1,0
1317.17,132,3,0,0,4,0,1,0
182.97,441,2,1,1,1,0,1,0
516.36,189,9,1,0,2,0,0,0
816.09,42,9,0,1,0,0,1,0
1349.97,32,3,0,0,3,0,0,0
736.13,83,4,0,0,1,0,1,0
388.65,76,6,0,1,1,0,1,0
500.41,94,6,3,0,1,1,0,0
3671.38,36,4,4,1,1,0,1,0
1400.78,688,7,0,0,1,0,1,0
2022.64,28,5,2,0,2,0,1,0
446.36,190,3,1,0,4,0,1,0
57.18,2,4,1,1,1,0,1,0
649.95,94,5,3,0,1,0,0,0
461.01,66,3,1,1,1,0,1,0
1554.66,86,6,1,1,2,1,1,1
29311.16,124,5,0,0,2,0,1,0
2197.7,165,5,0,0,4,0,1,0
16915.07,157,9,1,0,3,0,1,0
1936.76,179,3,2,0,0,0,1,0
584.12,335,4,1,0,1,1,1,0
1552.96,392,4,1,0,5,0,1,0
6507.03,240,7,4,0,2,1,1,1
6833.3,14,6,1,0,3,0,1,0
616.87,585,3,0,0,2,0,1,0
1412.59,530,4,1,1,2,0,1,0
262.63,223,6,3,0,3,1,1,0
2501.56,131,4,0,0,4,0,1,0
5184.12,51,6,0,0,2,1,1,0
1141.16,254,6,0,0,4,0,1,0
562.63,378,6,1,0,1,0,0,0
1572.04,196,4,1,0,3,0,1,0
1664.8,178,13,0,1,3,0,1,0
1189.33,38,7,1,0,2,0,1,0
1311.22,79,6,0,0,2,0,1,0
921.67,231,9,2,0,2,0,1,0
2968.92,3,4,0,0,1,0,0,0
2289.82,184,5,1,0,1,1,1,0
410.3,261,6,0,0,1,1,1,0
399.18,73,2,0,0,2,0,0,0
850.33,14,8,1,0,1,0,1,0
2291.21,307,5,1,0,0,0,1,0
1271.63,27,9,1,0,2,1,1,0
576.43,83,4,0,0,1,0,1,0
1424.42,221,7,0,0,2,1,1,0
787.76,305,5,0,0,2,0,1,0
2645.16,356,6,2,1,1,0,1,0
1530.05,136,8,2,0,8,0,1,0
800.09,116,8,2,0,3,0,1,0
1382.32,339,9,1,1,1,1,1,0
4084.88,149,2,0,0,3,0,1,0
620.4,155,7,0,0,2,0,1,0
1640.34,102,1,1,0,3,0,1,0
1022.02,83,3,1,1,2,0,1,0
1680.73,117,2,1,1,3,1,1,0
569.89,81,5,1,1,3,1,1,0
1224.56,75,4,1,1,1,0,1,0
3320.34,911,4,2,0,1,1,0,0
429.66,73,1,0,0,2,0,1,0
290.21,53,6,0,0,2,0,1,0
301.43,78,7,2,0,3,0,1,0
340.13,160,3,0,0,3,0,1,0
1988.87,435,4,0,0,2,0,1,0
268.85,279,5,1,0,1,0,1,0
814.12,332,8,1,0,0,0,1,0
2035.08,352,0,1,0,4,1,1,0
1663.47,455,2,0,0,2,0,1,0
745.79,48,5,1,1,1,1,0,0
1327.33,110,7,1,0,1,0,1,0
1220.66,87,2,0,0,3,0,1,0
876.34,86,8,0,0,2,0,1,0
888.17,190,4,1,0,6,0,1,0
10254.04,92,6,2,0,3,1,1,0
2463.43,172,4,0,0,3,1,1,0
13103.71,86,7,1,0,2,0,1,0
667.16,67,2,1,1,1,0,1,0
1007.3,78,5,1,1,2,1,1,0
289.42,293,2,1,0,3,0,1,0
488.06,165,3,1,0,3,0,1,0
7346.01,656,6,0,0,1,0,1,0
650.65,321,6,2,1,1,0,1,0
7474.72,119,5,1,0,1,0,1,0
316.28,49,6,0,0,3,0,0,0
382.42,201,7,0,1,3,0,1,0
779.59,233,7,2,0,3,0,1,0
1028.9,112,3,0,0,4,0,1,0
2760.28,47,5,1,0,4,0,1,0
1721.19,146,3,0,0,5,0,1,0
723.2,52,6,3,0,1,0,1,0
959.76,506,3,0,0,2,0,1,0
797.07,178,4,2,0,5,0,1,0
439.37,62,5,1,0,2,0,1,0
451.26,43,4,0,0,2,0,1,0
3065.25,227,4,1,0,2,0,1,0
176.24,221,6,2,0,2,0,1,0
5526.77,163,4,2,0,1,0,1,1
778.22,171,2,5,1,3,0,1,0
506.48,166,7,1,1,2,0,1,0
2297.92,80,4,1,0,4,1,1,0
4842.65,498,8,0,0,1,0,1,0
3353.07,117,5,1,1,4,0,0,1
1811.39,3,5,2,1,2,1,1,0
3251.47,77,5,1,0,1,1,1,0
197.06,25,6,3,0,1,0,0,0
650.78,81,10,0,0,2,0,1,0
440.91,168,7,1,0,4,0,1,0
3731.77,4,3,1,0,2,0,1,1
747.34,367,4,0,0,1,0,1,0
2553.98,169,10,2,0,2,0,0,0
1874.05,63,3,4,0,2,0,1,0
462.98,67,1,0,1,1,0,1,0
609.75,112,5,0,0,0,0,1,0
3999.07,51,6,1,0,2,0,1,0
504.98,1,5,1,0,4,0,1,0
1242.48,4,3,1,0,0,0,1,0
501.43,79,6,0,1,4,0,1,0
801.15,23,1,1,0,2,0,1,0
1047.16,4,4,1,0,0,0,1,0
501.26,352,1,0,0,3,0,1,0
419.71,57,3,1,0,4,0,1,0
1460.12,125,5,3,0,1,1,1,0
471.19,35,6,2,0,3,0,0,0
487.53,8,3,2,1,4,0,0,0
428.78,245,8,2,0,2,1,1,0
1014.44,24,3,0,0,3,0,1,0
2817.77,4,1,0,0,2,0,1,0
4946.96,159,4,0,0,2,0,0,0
530.64,2,3,1,0,4,0,1,0
9417.37,103,3,3,1,1,0,1,0
401.54,61,3,1,0,2,0,1,0
3240.71,69,6,1,0,0,1,1,0
532.88,1,3,1,0,4,0,1,0
459.01,600,9,0,0,2,0,1,0
520.74,130,5,2,0,0,0,1,0
1040.6,152,6,0,0,1,0,1,0
1958.57,197,3,0,0,1,0,1,0
2142.8,287,8,0,0,0,0,1,0
426.67,168,6,1,0,0,0,0,0
407.62,258,5,1,0,1,0,1,0
438.5,107,6,2,1,6,1,1,0
981.07,83,4,3,0,3,0,1,0
888.78,311,7,0,0,2,0,1,0
424.04,360,8,0,0,3,0,1,0
1435.98,26,7,1,1,2,1,0,0
10536.16,140,5,3,0,0,0,1,0
662.01,207,4,2,1,1,1,1,0
710.87,15,9,1,1,2,0,1,0
1919.2,477,9,0,0,2,1,1,0
627.15,132,5,1,0,4,0,1,0
2140.86,186,5,1,0,4,0,1,0
534.57,35,7,1,1,4,0,1,0
6850.79,55,6,1,1,1,0,1,0
1548.09,23,4,0,1,2,0,1,0
589.91,55,4,1,0,2,1,1,0
608.69,122,3,1,1,4,1,1,0
656.03,322,7,0,1,3,0,1,0
4327.52,137,2,1,0,4,0,1,0
308.35,50,8,2,0,1,0,1,0
562.31,8,5,0,0,3,0,1,0
625.37,175,9,1,0,2,0,1,0
1079.56,98,2,1,0,0,0,1,0
836.22,748,4,2,0,2,0,1,0
246.85,272,4,2,0,0,0,1,0
735.23,297,3,0,0,3,0,1,0
992.72,2,5,0,0,1,1,0,0
585.17,270,6,0,0,3,1,1,0
2179.34,38,5,1,0,3,0,0,0
2750.14,158,6,0,1,1,0,1,0
1013.95,106,10,0,0,4,0,1,0
1380.97,152,6,0,0,0,1,1,0
126.34,25,8,3,0,1,1,1,0
719.75,109,5,2,0,1,0,0,1
2995.37,6,3,0,0,3,1,1,0
718.07,7,4,0,0,3,0,1,0
524.65,192,4,2,0,1,0,1,0
10696.68,545,6,2,0,1,0,1,0
6762.02,270,6,1,0,1,0,1,0
1750.36,113,3,4,0,4,0,1,0
3425.18,10,4,2,0,1,0,1,0
118.4,8,3,0,1,1,1,1,0
498.92,30,6,0,1,3,0,1,0
685.43,669,5,3,0,0,0,1,0
866.12,91,10,0,0,2,0,1,0
671.86,333,2,1,1,0,0,1,0
85.62,219,5,0,0,1,1,0,0
1613.28,167,4,0,0,2,0,1,0
1888.72,531,5,2,0,0,0,1,0
5441.98,47,5,2,0,1,0,1,0
498.54,109,9,1,0,4,1,1,1
459.36,360,8,3,0,3,0,1,0
75.19,144,5,0,1,1,0,1,0
817.65,50,3,1,1,1,1,1,0
2700.28,42,10,0,0,3,0,1,0
594.8,251,3,0,0,0,0,0,0
9352.93,2,1,0,0,0,1,0,1
848.44,442,4,2,0,4,0,0,0
1270.28,3,6,2,0,4,0,1,0
280.59,179,6,0,0,6,0,0,0
1461.5,167,4,0,0,0,0,1,0
151.51,155,6,0,0,4,0,1,0
2194.47,115,5,1,0,0,0,1,0
2262.96,344,2,0,0,1,0,1,0
4269.67,193,4,0,0,0,0,1,0
395.45,274,3,0,0,3,0,1,0
1287.63,22,5,1,0,6,0,0,0
1927.19,9,8,0,0,3,0,1,0
1706.64,5,4,0,0,5,0,1,0
461.6,28,5,1,0,1,1,1,0
100.29,197,6,1,0,1,0,1,0
1551.47,122,6,0,1,0,0,1,0
941.52,251,6,2,0,4,0,1,0
622.24,38,5,1,0,4,0,1,0
2354.17,82,8,0,0,0,0,1,0
1048.46,394,5,0,0,4,0,1,0
293.19,493,5,0,1,0,0,1,0
158.94,458,6,1,0,0,0,1,0
354.62,306,2,0,1,4,0,1,0
12004.21,209,4,1,0,2,0,1,0
2259.22,440,3,0,0,3,0,1,0
1324.26,225,10,0,0,4,0,1,0
914.46,553,4,1,0,3,0,1,0
856.29,4,4,1,0,4,0,1,0
3523.45,458,5,0,0,1,0,1,0
671.43,146,5,1,0,2,0,1,0
1952.61,21,3,1,1,3,0,1,0
774.0,43,4,1,0,3,0,1,0
7632.39,344,4,2,0,3,0,1,0
2303.74,126,6,0,0,1,1,1,0
3810.66,731,6,1,0,3,0,1,0
611.3,22,1,4,1,2,0,1,0
3159.4,95,4,2,0,1,0,1,0
802.25,72,1,1,0,1,0,1,0
1224.19,130,1,0,0,2,0,1,0
5625.4,180,4,0,0,7,0,1,0
386.54,195,4,0,0,2,0,1,0
1343.79,1,4,0,0,3,0,1,1
1699.36,16,9,1,1,3,0,1,0
1844.58,6,4,2,0,0,0,1,0
698.7,359,5,0,0,1,0,1,0
8833.12,67,8,0,0,3,0,0,0
300.39,82,10,3,0,2,0,1,0
4716.8,107,6,1,0,4,0,1,0
3696.22,340,6,1,0,2,0,1,0
7338.49,2,6,1,0,1,0,1,0
224.03,22,6,1,1,0,0,1,0
459.97,208,6,2,0,2,0,1,0
4875.33,597,4,1,1,4,1,1,0
167.83,185,6,0,0,4,0,1,0
219.98,54,4,2,1,1,0,1,0
672.96,132,5,0,0,0,1,1,0
1328.75,663,0,0,0,3,1,1,0
5389.59,135,4,1,0,0,0,1,0
911.17,84,7,1,1,4,0,1,0
596.91,87,5,0,0,1,0,1,0
1497.26,614,6,2,0,1,0,1,0
1753.9,228,4,1,0,5,0,1,0
1704.86,209,5,0,1,2,1,1,0
917.83,47,3,3,0,2,0,1,0
155.23,147,6,2,1,2,0,1,0
438.07,79,5,0,0,3,0,1,0
4538.13,49,5,0,0,1,0,1,0
1322.22,406,4,2,0,1,0,1,0
794.31,86,4,1,0,0,0,1,0
3354.87,59,7,1,1,2,1,1,0
354.21,483,7,2,0,0,0,1,0
875.37,39,9,0,0,2,0,1,0
1258.6,246,2,1,0,2,0,1,0
705.3,190,6,1,0,1,0,1,0
1212.89,455,4,1,0,1,0,1,0
908.96,321,5,0,0,1,0,1,0
270.6,219,4,1,0,2,0,1,0
1314.85,67,5,0,0,1,0,1,0
290.51,123,4,0,1,0,0,1,0
1294.16,520,7,1,0,0,0,0,0
4333.52,4,0,0,0,2,0,1,0
827.97,284,7,2,0,2,1,1,0
339.85,52,1,2,0,3,0,0,0
965.85,36,7,0,0,0,0,0,0
477.24,47,2,0,1,1,0,1,0
1987.25,11,1,0,1,1,0,1,1
945.78,868,3,1,1,3,0,1,0
6061.81,367,3,1,0,1,1,1,0
3508.66,132,0,3,0,1,0,1,0
940.98,226,6,2,0,2,0,1,0
2243.09,146,4,0,0,0,0,1,1
740.08,300,5,1,0,1,0,1,0
1134.51,335,4,1,0,2,1,1,0
764.0,47,6,2,0,3,0,1,0
2360.09,110,1,4,0,2,0,0,0
4596.21,181,9,1,0,6,0,1,0
2437.31,690,3,0,0,3,1,1,0
2757.11,206,4,1,1,3,0,1,0
2760.13,410,3,0,0,3,0,1,0
1903.13,336,3,2,1,3,0,1,0
350.97,157,5,1,0,5,0,0,0
6008.75,403,6,1,0,5,0,1,0
6663.57,85,7,1,0,0,1,1,0
867.94,85,1,2,0,2,0,1,0
756.95,273,3,2,1,1,0,1,1
2023.15,26,5,0,0,1,0,1,0
1902.29,65,7,0,0,0,0,1,0
896.1,168,6,0,0,4,1,1,0
314.18,98,3,0,1,3,0,1,0
1488.76,508,4,0,0,1,0,1,0
1903.48,572,6,3,0,2,0,1,0
2266.11,125,7,0,0,2,0,1,0
1555.1,139,8,1,0,4,0,1,0
836.21,232,9,0,0,1,0,1,0
2963.13,110,5,2,0,2,0,0,0
1171.28,37,4,0,0,2,0,1,0
688.89,247,3,0,0,0,0,1,0
915.39,240,3,1,0,3,0,1,0
191.34,50,2,0,0,0,0,1,0
913.93,322,2,0,0,1,0,1,0
2182.96,171,9,0,0,1,0,1,0
1540.38,48,3,0,0,2,1,1,0
5017.39,190,2,2,0,3,0,1,0
843.05,47,6,1,0,4,0,1,0
1785.25,55,2,2,0,3,0,1,0
2422.95,339,9,1,0,2,0,1,0
11416.98,477,6,0,0,2,0,1,0
1267.45,53,4,0,0,1,0,1,0
385.99,473,7,0,0,3,0,1,0
2560.43,49,5,1,0,2,0,1,0
7084.94,22,12,2,0,2,0,1,0
794.29,10,8,0,0,5,0,0,0
2542.95,49,7,2,0,2,0,1,0
3747.06,87,5,0,0,1,0,1,0
3032.27,472,10,1,0,3,0,1,0
1243.34,49,5,1,0,1,0,1,0
545.4,81,2,1,0,3,0,1,0
1011.03,238,4,1,0,2,0,1,0
1734.72,64,7,2,0,3,0,1,0
2719.55,207,5,2,0,4,0,1,0
1531.41,101,7,0,1,3,0,1,0
750.01,39,2,2,0,2,1,1,0
1911.0,238,5,1,0,0,0,1,0
2591.74,4,5,1,0,3,0,1,0
1602.96,62,6,0,0,1,0,1,0
475.24,79,5,0,1,1,0,0,1
914.7,110,3,0,0,3,0,1,0
2829.4,205,6,1,0,1,0,1,0
275.06,110,5,0,0,3,0,1,0
135.21,162,5,1,0,0,0,1,0
4954.66,163,5,0,0,4,0,1,0
1828.8,84,3,1,0,1,0,1,0
2011.69,489,6,1,0,2,0,1,0
373.6,561,4,0,0,4,0,1,0
2292.8,156,5,2,0,3,0,1,0
1444.11,13,3,1,0,0,0,1,0
224.9,121,6,2,0,2,1,1,0
4556.38,36,4,0,0,3,0,1,0
1285.22,118,4,2,1,1,0,1,0
737.98,37,3,1,0,0,0,1,0
751.45,219,5,1,0,0,0,1,0
146.17,15,6,0,1,2,1,1,0
1984.93,551,6,0,0,3,0,1,0
1424.9,39,6,1,0,3,0,1,0
903.18,194,3,1,1,1,0,1,0
3938.22,447,4,1,0,2,0,1,0
274.83,51,6,1,1,6,0,0,0
603.79,490,5,2,1,0,0,1,0
468.71,88,10,2,1,3,0,1,0
829.82,581,7,1,0,1,0,1,0
1173.18,639,4,0,0,3,0,1,0
1685.83,37,5,1,0,4,0,1,0
775.13,320,6,3,0,4,0,1,0
456.07,38,6,0,0,1,1,0,0
5919.5,46,3,1,0,1,0,1,0
12229.91,15,2,1,0,0,1,1,0
1265.58,30,7,1,1,2,0,1,0
514.51,180,5,1,0,2,0,1,0
4795.6,107,7,1,0,0,0,1,0
258.07,281,5,1,0,6,0,1,0
784.64,72,7,2,0,2,0,1,0
546.69,623,6,2,0,2,0,1,0
343.94,9,6,1,0,3,1,1,0
828.8,11,3,3,0,1,0,1,0
462.12,217,3,1,0,5,1,1,0
1110.6,393,5,2,0,0,0,1,0
1126.85,285,6,0,0,1,0,1,0
589.14,121,4,1,0,0,0,1,0
757.09,56,4,0,0,2,0,1,0
870.57,2,5,1,0,2,0,1,1
2464.75,128,7,1,0,0,0,1,0
945.36,116,4,3,0,2,0,1,0
2501.64,75,3,0,0,0,0,1,0
1970.05,155,3,3,0,1,1,1,0
1942.11,234,5,0,1,0,0,1,0
4393.34,217,7,1,0,3,0,0,0
358.03,54,5,0,0,4,0,1,0
683.22,158,5,1,0,2,1,1,0
6395.17,28,4,3,1,2,0,1,0
847.83,23,4,1,0,3,1,1,0
65.69,277,8,2,0,2,0,1,0
895.19,213,5,0,0,2,0,1,0
1255.06,262,8,4,1,0,0,1,0
80.07,29,4,0,0,0,0,1,0
4162.77,442,7,3,0,0,0,0,0
537.16,25,3,0,0,1,0,1,0
1523.19,367,6,0,1,2,0,1,0
874.82,78,9,1,0,0,0,1,0
302.37,20,9,2,0,2,0,1,0
375.96,60,2,0,0,2,0,1,0
430.49,36,3,1,0,2,0,1,1
3247.6,121,9,0,0,2,0,1,0
946.21,538,2,1,0,3,1,0,0
650.76,71,3,0,1,5,0,1,0
430.69,170,8,0,0,3,0,1,0
3626.96,400,6,3,0,1,1,1,0
4741.94,179,4,3,0,4,0,1,0
3585.83,80,7,1,0,0,1,1,0
1794.42,844,3,0,0,3,0,1,0
1465.32,37,7,0,0,2,0,1,0
325.08,133,0,2,0,2,0,1,0
857.64,286,5,0,0,2,1,1,0
553.43,1,4,0,1,3,0,1,0
176.71,217,7,0,0,1,1,1,0
3155.95,55,7,1,0,1,0,1,0
546.85,33,5,2,0,3,0,1,0
3626.2,57,1,1,1,1,0,0,1
2648.49,613,3,1,0,2,0,1,0
1913.55,400,5,0,1,3,0,1,0
2024.11,43,4,2,0,0,0,1,0
592.7,22,6,0,1,5,0,0,0
7029.35,81,2,1,0,5,0,1,0
1144.96,161,7,1,0,0,0,1,0
1483.16,363,7,2,0,3,0,1,0
573.02,609,6,2,1,6,0,1,0
432.18,250,3,1,0,3,1,1,0
1767.46,164,6,0,0,3,1,1,0
1363.1,27,4,1,0,1,0,1,0
498.02,13,6,1,0,4,0,1,0
260.23,163,4,1,0,5,0,1,0
307.99,139,5,1,1,7,0,1,0
3626.9,336,6,0,0,0,0,1,0
593.92,70,4,1,0,4,0,1,0
781.4,7,8,3,0,4,0,1,0
4676.66,99,4,0,1,2,1,1,1
357.04,626,7,2,0,0,0,1,0
530.07,285,3,1,0,0,0,1,0
508.38,6,4,0,0,5,0,1,0
5530.69,373,4,0,0,0,1,0,0
8049.65,114,7,1,1,3,0,1,0
2325.2,81,5,0,1,5,0,1,0
2400.39,76,8,1,0,6,1,1,0
613.79,162,6,3,1,2,0,1,0
7687.33,136,6,3,0,2,0,1,0
1433.24,192,2,0,0,4,0,1,0
2573.73,153,5,0,0,1,0,1,0
986.81,27,5,3,0,3,1,1,0
838.8,53,8,1,0,0,1,1,0
5785.11,331,4,1,1,2,0,1,0
1881.31,195,7,4,1,2,0,0,0
4681.51,107,4,1,1,3,0,0,0
1415.63,36,4,1,1,5,0,0,0
469.48,1,8,1,0,3,0,1,0
611.95,67,6,0,0,1,0,1,0
1215.57,10,5,0,0,0,0,1,0
586.11,118,4,1,0,2,0,1,0
362.32,310,3,1,1,2,0,1,0
3646.11,60,2,1,0,2,0,1,0
635.96,338,7,0,0,2,1,1,0
1259.15,219,7,1,0,4,0,1,0
1474.59,24,1,1,0,2,0,1,0
609.02,186,5,1,0,2,0,1,0
4678.81,29,5,1,1,6,0,1,0
358.83,191,6,2,0,1,0,0,0
1424.57,27,4,0,0,2,0,1,0
1402.65,89,3,4,0,1,1,1,0
1038.72,150,3,0,1,1,0,1,0
299.79,9,9,1,0,4,0,1,0
2619.71,29,3,2,1,4,0,0,0
2306.56,69,3,0,1,1,0,1,0
558.04,111,7,0,1,1,0,1,0
2224.94,351,5,1,1,1,0,1,0
1595.44,37,8,1,0,0,0,1,0
304.72,76,5,3,0,0,0,1,0
466.88,116,9,0,0,2,0,1,0
3423.03,63,5,2,0,5,0,1,0
1494.3,176,6,0,0,1,0,1,0
623.72,53,11,0,0,3,0,1,0
464.76,266,5,1,1,0,0,1,0
654.98,126,9,2,0,2,0,1,0
703.12,16,3,2,1,1,0,1,0
470.61,177,4,0,1,0,0,0,0
192.14,151,13,2,1,2,0,0,1
3428.96,74,11,1,0,1,0,1,0
2894.69,2,2,0,0,1,0,1,0
306.97,40,5,0,0,1,0,1,0
1256.78,93,2,0,0,2,0,1,0
444.86,40,9,1,0,3,0,1,0
844.24,155,5,2,0,2,0,1,0
776.84,224,4,0,1,3,0,0,0
714.92,348,8,1,1,3,0,1,0
8127.0,187,3,0,1,1,0,1,1
706.04,210,4,2,0,7,0,1,0
488.69,168,2,2,0,3,0,1,0
511.54,761,6,1,0,1,0,1,0
3114.35,54,3,0,0,3,0,1,0
210.17,55,6,0,0,0,0,0,0
511.52,24,4,0,0,1,0,1,0
4660.24,119,5,0,0,1,1,1,0
1399.66,18,3,0,0,3,0,1,0
1328.65,56,5,0,0,2,1,1,0
9247.85,118,5,0,1,2,0,1,0
1402.97,568,4,0,0,3,1,1,0
540.13,597,4,0,0,4,0,1,0
827.1,245,7,0,1,2,0,1,0
352.33,88,5,0,0,2,0,1,0
3850.42,360,5,1,1,2,0,0,0
1948.01,374,3,1,0,2,0,1,0
3375.89,433,7,2,0,1,1,1,0
3688.53,183,2,1,0,2,0,1,0
724.72,40,4,1,0,3,0,1,0
426.34,17,5,0,0,1,1,1,0
1041.36,443,4,2,0,4,0,1,0
458.17,10,2,1,0,3,0,1,0
1293.31,63,4,0,0,1,0,1,0
3401.93,120,6,0,0,2,0,1,0
926.91,3,4,0,0,2,0,1,0
1274.1,427,7,2,0,0,0,1,0
998.4,60,3,1,0,2,0,1,0
2447.27,5,2,3,1,2,0,1,0
562.4,908,2,1,0,1,1,0,0
121.94,67,5,1,0,1,1,1,0
1756.13,376,5,3,0,2,0,1,0
2944.91,108,6,0,0,1,0,1,0
1713.64,195,6,1,0,2,1,1,0
578.11,49,5,0,0,2,0,1,0
352.48,125,2,2,0,0,1,1,0
1798.12,53,7,0,1,3,0,0,0
1263.3,543,2,1,1,3,0,1,0
967.01,11,9,0,0,6,0,0,0
6784.96,57,3,3,0,3,1,1,1
425.47,402,6,0,0,4,0,1,0
6470.68,117,4,0,0,3,0,1,0
1132.05,164,2,2,1,2,0,1,0
174.94,189,3,2,1,2,0,1,0
916.72,13,5,1,1,1,0,1,0
2862.63,3,3,0,0,2,0,1,0
761.24,500,5,2,0,3,0,1,0
250.94,57,7,2,0,2,0,1,0
930.28,86,3,1,0,1,0,0,0
465.37,206,1,2,0,1,0,1,0
1793.3,48,8,1,0,2,0,1,0
2376.54,237,9,0,1,0,1,1,0
381.35,110,7,2,0,1,0,1,0
541.42,349,5,1,1,3,0,1,0
2337.04,58,5,1,0,1,0,1,0
464.59,41,2,1,0,4,0,1,0
371.61,320,9,0,0,1,0,1,0
337.41,71,7,1,0,2,0,0,1
1559.37,95,10,1,0,1,0,0,0
1493.92,284,3,2,0,2,1,1,0
553.33,181,2,0,1,3,0,1,0
1102.22,104,4,1,0,2,0,1,0
5049.94,51,10,2,1,5,0,1,0
414.03,260,9,1,0,4,0,1,0
155.75,35,5,2,0,1,0,1,0
1728.61,474,5,0,0,0,0,1,0
982.01,29,8,1,0,0,0,0,0
539.14,294,1,2,1,2,0,1,0
2105.02,99,4,0,0,1,0,0,0
2538.24,37,3,3,0,4,1,1,1
120.51,92,8,2,0,4,0,1,0
571.01,45,7,0,0,3,0,1,0
11131.3,26,9,2,0,4,0,0,0
1965.31,49,5,1,0,2,1,1,0
2156.2,363,7,0,0,3,0,0,0
3543.59,20,3,1,0,3,0,1,0
1115.51,647,3,0,0,1,0,1,0
2432.52,1,4,1,0,0,0,1,0
2248.6,193,6,2,1,4,0,1,0
1880.03,349,4,1,0,3,0,1,0
794.72,489,1,4,0,1,1,1,0
1302.52,27,5,0,1,1,1,1,0
608.89,215,6,2,0,3,0,1,0
1110.78,20,5,3,1,0,0,1,0
340.87,78,7,0,0,1,0,1,0
497.39,236,7,1,0,4,0,1,0
826.9,76,5,1,0,2,0,1,0
426.79,67,9,1,0,4,0,1,0
661.81,22,2,0,1,2,0,1,0
930.83,12,7,4,1,2,0,1,1
1639.69,22,10,0,0,2,0,1,0
2833.47,374,1,1,0,2,0,1,0
689.67,2,5,2,0,1,0,1,0
4167.64,212,5,1,1,2,0,1,0
2803.46,263,1,0,1,2,0,1,0
1815.46,151,7,0,0,4,0,1,0
1278.76,236,3,2,1,2,0,1,0
1508.88,190,4,1,0,5,0,1,0
3594.11,109,9,1,0,2,0,1,0
3727.82,86,5,1,0,3,0,1,0
4166.98,510,5,1,0,0,0,1,0
1142.9,643,1,1,0,2,1,1,0
1910.21,189,3,2,0,2,0,1,0
4202.97,39,9,0,0,3,1,1,0
587.74,106,1,0,0,1,0,1,0
797.58,123,6,0,0,0,0,1,0
1114.36,255,5,1,0,0,0,1,0
2696.2,198,4,1,0,4,0,1,0
2738.52,130,8,4,0,4,0,1,0
870.56,205,6,3,0,2,0,1,0
242.59,4,9,1,0,2,0,1,0
1402.74,269,2,3,0,2,1,1,0
437.77,42,8,1,0,0,1,1,0
247.17,192,3,0,0,1,0,1,0
309.86,21,3,2,0,2,0,1,0
1519.87,21,3,2,0,3,0,1,0
4277.13,6,1,4,1,2,0,1,1
1140.13,433,7,0,1,2,0,1,0
1354.76,166,5,0,0,4,0,1,0
3579.2,80,4,0,0,1,0,1,0
234.05,279,2,2,0,1,0,1,0
1844.89,177,6,1,0,1,0,1,0
1084.0,174,5,1,0,1,0,1,0
1931.51,120,3,1,1,2,0,1,0
676.22,1,9,3,0,2,1,1,0
483.99,53,8,2,0,1,0,1,0
1262.07,20,3,0,0,2,1,1,0
5705.53,195,4,2,0,4,0,1,0
2593.88,51,2,0,1,0,0,0,0
660.04,107,3,0,0,4,1,0,0
286.87,78,6,1,0,0,0,1,0
203.96,27,4,0,0,1,1,1,0
4089.18,572,8,0,1,3,0,1,0
421.96,487,5,0,0,7,0,1,0
791.94,15,7,1,0,1,0,1,0
4110.13,316,5,1,0,4,1,1,0
218.35,120,4,0,0,4,1,1,0
4876.9,267,4,1,0,2,0,1,0
850.96,29,9,2,1,1,0,1,0
347.73,25,3,0,0,0,0,1,0
856.32,398,6,0,0,3,0,0,0
532.4,410,6,2,1,3,1,1,0
1704.15,112,6,2,0,2,0,1,0
573.56,367,4,0,0,0,0,1,0
162.12,198,6,1,0,1,0,1,0
879.57,36,4,1,0,6,0,1,0
282.44,71,3,1,0,4,0,1,0
1345.23,26,7,0,0,1,0,0,0
334.58,267,5,1,0,1,0,1,0
673.16,758,5,2,0,2,0,0,0
1316.31,142,6,1,0,5,0,1,0
886.73,192,5,0,0,3,0,1,0
1408.71,246,8,0,0,3,0,1,0
2165.24,45,5,1,0,0,0,1,0
344.49,73,2,2,0,3,0,1,0
1028.24,95,3,2,0,1,0,1,0
39.27,162,7,1,0,2,0,1,0
1404.35,342,7,0,0,1,0,1,0
811.74,52,5,0,1,4,0,1,0
410.16,114,7,1,0,2,1,1,0
1503.75,250,7,1,0,1,0,1,0
3542.89,16,2,0,0,1,0,1,0
681.29,129,2,1,0,1,0,1,0
426.32,28,2,2,0,3,0,1,0
1293.39,139,6,1,0,3,0,1,0
288.41,262,7,1,0,2,0,0,0
566.58,48,6,1,0,5,1,1,0
3723.44,340,7,1,0,0,0,1,0
1166.99,73,4,2,1,1,0,1,0
167.42,38,5,1,0,2,0,0,0
181.82,112,4,1,0,4,1,1,0
1289.6,375,6,1,0,3,0,1,0
2597.72,12,2,0,1,0,1,1,0
217.54,71,8,2,0,3,0,1,0
1719.37,190,4,2,1,2,0,1,0
4147.84,79,9,1,0,3,0,1,0
7243.49,13,7,0,1,0,0,1,0
1527.25,72,3,2,0,1,0,1,0
1820.38,309,7,2,0,4,1,1,0
129.91,619,9,2,0,1,0,1,0
8953.08,7,6,1,0,5,0,1,0
616.78,151,4,1,0,0,0,1,0
431.18,20,11,1,0,5,0,0,0
849.62,205,3,0,1,0,0,1,0
4972.48,1,5,0,0,2,0,1,0
9977.08,2,4,1,0,1,0,1,1
1243.16,270,3,1,0,1,0,0,1
2975.25,13,5,0,0,4,0,1,0
1145.05,65,4,0,0,1,1,1,0
388.47,570,8,1,0,4,1,1,0
4801.79,758,5,2,0,1,1,1,0
588.67,31,6,1,1,3,0,1,0
5092.53,148,9,2,1,2,1,1,1
4018.01,147,6,1,0,0,0,1,0
2026.44,108,6,0,0,7,0,1,0
6829.28,465,6,5,0,0,0,1,0
10222.5,252,9,1,0,2,0,1,0
920.35,260,7,1,0,0,1,1,0
488.43,56,8,1,0,0,0,1,0
169.99,102,2,1,0,0,0,1,0
10349.38,120,5,2,0,2,0,1,0
706.5,63,5,2,0,3,0,0,0
3411.94,17,4,1,1,2,0,0,0
522.56,24,4,2,0,3,0,1,0
5106.48,35,7,1,1,3,1,1,0
544.51,40,8,0,0,1,0,1,0
333.05,49,7,3,0,1,0,1,0
890.24,53,7,0,0,1,0,1,0
644.34,109,9,1,0,3,0,1,0
1990.82,128,7,0,0,2,1,1,0
1041.7,66,5,2,0,3,0,1,0
2054.32,428,5,1,0,2,0,1,0
819.73,144,9,2,0,1,0,1,0
563.91,278,6,0,0,1,0,1,0
611.82,464,10,0,0,0,0,1,0
8475.53,32,7,1,0,2,0,1,0
1373.57,100,7,2,1,2,0,0,0
150.84,102,6,0,0,1,0,0,0
651.83,78,3,0,0,4,0,1,0
1208.17,1,5,0,0,3,0,1,0
6942.38,304,4,2,0,5,0,1,0
3067.75,21,8,3,1,2,0,1,0
436.28,971,6,2,0,6,0,1,0
12312.32,266,10,3,1,0,0,0,1
1062.99,156,3,2,0,0,0,1,0
3813.6,30,3,2,1,2,0,1,0
345.5,130,11,1,0,3,0,1,0
99.67,54,3,0,0,4,0,1,0
268.16,52,4,0,0,3,0,1,0
42.51,318,5,1,0,3,0,1,0
9064.21,86,4,1,0,2,0,1,0
1359.04,107,6,1,0,5,0,1,0
435.0,333,6,1,1,4,0,1,0
1724.38,16,2,1,0,0,0,1,0
1325.22,162,4,1,0,2,0,1,0
2040.47,155,4,0,0,1,0,1,0
3675.82,99,7,1,0,5,0,1,0
820.64,318,3,1,0,2,1,1,0
454.94,515,3,0,0,2,0,0,0
2509.34,112,6,0,0,0,0,1,0
2446.3,109,2,1,0,2,0,1,0
1212.86,125,5,1,1,3,0,1,0
9677.45,231,5,3,0,1,0,1,0
707.81,198,2,0,0,2,0,1,0
445.92,45,5,1,0,0,0,1,0
1665.85,11,6,0,0,5,1,1,0
558.39,536,4,0,0,4,0,1,0
1799.95,54,3,0,0,0,0,1,0
476.75,183,8,1,0,1,0,1,0
734.92,317,2,3,0,1,0,1,0
7265.12,64,5,0,0,0,0,1,0
731.0,181,1,0,0,0,0,1,0
493.32,20,6,0,1,0,0,1,0
3535.74,630,6,0,0,1,0,1,0
383.35,10,6,1,0,2,0,1,0
548.43,103,3,2,0,1,0,1,0
1951.91,138,4,1,1,1,0,1,1
2802.9,281,6,0,1,4,0,1,0
3716.27,23,5,2,1,1,0,1,0
519.45,104,5,2,0,4,0,1,0
1990.24,64,3,0,0,1,0,1,0
688.07,67,4,0,0,2,0,0,0
598.45,271,1,1,0,3,0,0,1
3652.67,1,7,4,1,2,0,0,1
632.98,248,3,0,0,5,0,1,0
1448.39,299,6,1,1,1,0,1,0
1281.23,416,4,2,1,1,1,1,0
375.87,177,4,0,0,0,0,1,0
2881.58,73,9,0,1,4,0,1,0
1920.38,100,4,1,1,3,0,1,0
150.46,629,6,1,0,3,0,1,0
1447.25,383,9,0,0,2,0,1,0
506.25,112,2,1,0,3,0,1,0
3284.85,515,6,0,0,2,1,0,0
258.42,311,6,0,1,1,0,1,1
767.8,416,1,1,0,2,0,0,0
1575.02,206,3,1,0,1,1,1,0
1157.87,350,4,2,0,4,0,0,0
2351.85,400,5,0,0,0,0,1,0
240.23,17,3,1,0,0,0,1,0
5721.09,604,5,0,0,0,0,0,0
1854.08,73,6,0,0,3,0,1,0
4271.49,104,9,1,0,2,1,1,0
2628.69,282,3,1,0,1,0,1,0
1083.97,196,5,1,0,0,1,1,0
303.63,402,7,2,0,2,0,1,0
624.19,92,8,0,0,1,0,1,0
5375.27,84,3,0,0,1,0,1,0
4382.78,5,3,4,0,2,1,1,1
590.16,111,3,1,0,2,0,1,0
65.48,231,8,3,1,2,0,1,1
886.53,64,7,0,0,0,0,1,0
822.46,111,5,2,1,0,0,1,0
854.25,44,3,0,0,2,0,1,0
1860.39,266,6,0,0,5,0,1,0
2633.88,11,7,0,0,1,0,1,0
2952.18,219,3,3,0,3,0,1,0
1712.5,85,7,0,1,0,0,1,0
181.13,7,8,2,0,2,0,1,0
779.62,345,3,3,0,2,0,1,0
10982.84,120,2,1,0,1,0,1,0
1594.34,164,4,1,0,2,0,1,0
1584.18,237,4,0,0,1,0,1,0
1571.03,191,3,2,0,0,0,1,0
1661.34,236,6,1,0,4,0,1,0
101.18,258,1,1,0,3,0,1,0
863.05,160,8,0,0,5,0,1,0
1055.86,81,8,1,1,4,0,1,0
3950.1,50,10,1,0,4,0,1,0
1150.18,419,5,1,1,1,0,1,0
211.34,630,3,1,1,2,1,1,0
1685.96,79,4,2,0,1,1,1,0
490.87,21,5,0,0,3,0,1,0
324.8,45,6,2,0,1,0,0,0
476.2,199,3,4,1,4,1,1,1
1886.55,34,9,0,0,4,0,0,0
3861.31,272,6,1,1,1,0,1,0
1777.44,461,6,1,0,2,0,1,0
2063.22,596,3,1,0,0,0,1,0
1759.96,1,5,2,1,0,0,0,0
1213.58,571,6,1,0,4,0,1,0
2201.58,242,9,0,0,1,0,1,0
97.63,15,3,0,1,2,1,1,0
1225.48,96,3,0,0,2,1,1,0
385.71,216,6,1,0,1,1,1,0
3508.36,565,5,1,0,3,0,1,0
946.57,32,4,1,0,2,0,1,0
1131.1,24,3,2,1,2,0,1,0
243.45,115,2,1,0,2,0,0,0
3031.55,620,4,0,0,1,0,1,0
2053.56,639,5,0,0,1,0,1,0
1913.99,46,3,2,0,4,0,1,0
486.37,69,5,0,0,2,0,1,0
505.91,429,2,0,0,0,0,1,0
1371.42,238,3,2,1,1,0,1,0
547.58,645,3,1,0,4,0,1,0
1694.08,402,9,2,0,4,0,1,0
126.35,43,3,1,1,0,0,1,0
673.48,256,2,1,0,1,1,1,0
6612.74,8,0,1,1,1,0,1,0
1701.87,306,7,0,0,3,0,1,0
1295.68,165,3,0,1,3,0,0,1
7984.25,562,5,1,1,5,0,0,1
106.06,579,5,0,0,5,0,1,0
485.26,9,5,2,1,1,0,1,0
734.23,31,7,0,0,2,0,1,0
2587.25,119,6,0,0,2,0,1,0
2632.41,380,5,1,1,3,0,1,0
461.27,303,6,0,0,0,0,1,0
2974.87,600,3,1,0,1,0,1,0
732.66,173,2,1,0,1,0,1,0
3683.58,53,3,0,0,2,0,1,0
390.47,4,9,1,0,2,1,1,0
969.41,45,4,1,0,1,0,1,0
671.71,202,4,1,0,1,0,0,0
3152.75,469,5,0,0,2,1,0,0
650.16,69,5,1,0,2,1,1,0
1051.06,375,4,1,0,1,1,1,0
1820.4,90,5,2,0,1,0,1,0
1891.75,66,5,1,0,3,0,1,0
2662.32,127,6,0,1,2,0,1,0
1354.41,105,6,3,0,5,0,1,0
721.8,441,3,1,0,3,0,1,0
773.02,113,4,3,0,1,0,1,0
1125.15,58,1,0,0,2,0,1,0
1407.53,332,7,0,0,5,0,1,0
946.55,1203,13,0,0,2,0,1,0
1117.9,188,7,1,0,0,1,0,0
240.51,51,1,2,0,1,0,1,0
2137.42,49,7,0,0,4,0,1,0
1314.37,10,3,2,1,1,0,1,0
2986.54,14,6,0,0,3,0,0,0
1096.81,443,3,2,0,2,0,1,0
192.79,18,4,0,1,2,0,1,0
766.28,119,6,2,1,3,0,1,0
897.91,215,8,0,0,3,0,0,0
2305.16,341,7,2,0,2,0,1,0
138.34,33,6,1,0,0,0,1,0
1142.73,103,3,2,0,1,0,1,0
1832.94,52,4,2,0,1,0,1,0
565.95,53,3,0,1,2,1,1,0
1181.6,65,5,0,0,2,0,1,0
585.79,159,3,1,0,2,0,1,0
528.7,3,2,1,0,0,1,0,1
728.93,94,6,0,0,4,1,1,0
538.78,37,5,1,0,4,0,0,0
2172.47,614,6,3,0,0,0,1,0
525.87,157,8,0,0,1,0,1,0
444.56,364,4,2,0,0,0,1,0
6424.85,39,5,2,0,1,0,1,0
2866.19,298,6,1,0,1,0,1,0
170.46,96,7,1,0,4,0,1,0
510.42,35,4,4,0,0,0,1,0
1397.53,257,5,1,0,4,1,1,0
1515.89,258,7,1,0,2,0,1,0
247.03,988,4,0,1,3,0,1,0
3493.17,273,5,1,0,1,1,1,0
2502.95,28,3,3,0,2,0,1,0
1775.61,70,5,1,0,3,0,1,0
4258.74,108,5,1,0,3,0,1,0
1723.81,24,8,0,0,0,0,1,0
1717.42,279,5,0,1,2,0,1,0
5206.58,134,4,0,0,2,0,1,0
3298.49,520,9,0,0,0,0,0,0
472.71,160,6,2,0,1,1,1,0
2065.64,133,5,0,0,3,0,1,0
564.38,13,1,1,0,1,0,1,0
1815.57,29,5,2,1,3,0,1,0
1766.25,340,8,1,0,4,0,1,0
274.93,841,7,0,0,3,0,1,0
970.83,96,7,1,0,5,1,1,0
1429.75,299,5,3,0,3,1,1,0
708.9,177,4,2,0,2,0,1,0
1502.24,575,7,1,0,5,0,1,0
2455.04,48,6,0,1,3,1,0,1
1063.59,141,11,3,0,3,0,1,0
1372.79,94,4,2,0,3,0,1,0
4373.96,140,5,0,0,4,0,0,0
1760.22,56,6,1,0,3,0,1,0
1340.54,123,8,1,0,3,0,1,0
420.7,176,8,1,1,1,0,1,0
2145.28,15,6,2,0,4,0,1,0
1525.61,244,8,0,0,2,0,1,0
3958.97,220,4,1,0,2,0,1,0
1149.27,382,8,2,1,2,0,1,0
178.35,99,6,1,0,4,0,1,0
200.31,11,5,0,0,1,1,1,0
2288.57,111,5,0,0,1,0,1,0
620.05,26,6,0,0,3,0,1,0
1697.26,187,6,0,1,5,0,1,0
1229.34,8,4,1,0,1,0,1,0
928.12,84,3,0,0,6,1,1,0
995.89,15,7,1,0,1,0,1,0
461.56,1,4,3,0,1,0,1,0
1079.47,581,5,0,1,4,0,1,0
611.25,999,3,0,1,0,0,1,0
755.77,145,5,1,1,2,0,1,1
793.42,49,5,1,0,0,0,1,0
874.2,435,4,2,0,2,0,1,0
2757.76,461,2,2,0,2,0,0,0
963.15,346,6,0,0,1,0,1,0
3052.46,141,2,3,0,2,1,1,0
5104.38,13,5,0,0,3,0,1,0
2578.45,16,6,1,1,3,0,1,0
1871.45,408,7,0,0,2,0,1,0
1520.56,375,3,1,0,1,0,1,0
2605.44,102,3,5,1,2,1,1,1
1199.14,71,5,0,0,0,0,1,0
2935.31,185,3,2,0,5,0,1,0
2026.58,296,3,0,0,3,0,1,0
765.22,236,3,1,0,2,0,1,0
2686.11,172,3,0,0,1,0,1,0
1201.68,47,4,0,0,4,0,1,0
986.21,54,4,0,1,3,0,1,0
681.16,231,4,1,0,2,0,1,0
1294.68,292,3,1,1,0,1,1,0
2970.43,22,5,1,0,1,0,0,0
2667.61,37,6,2,1,4,0,1,0
1561.49,205,9,0,0,3,0,1,0
1997.48,88,4,1,0,2,0,1,0
3911.58,149,4,1,0,2,0,1,0
943.91,171,1,0,0,0,0,1,0
359.45,269,12,1,0,2,0,0,0
4028.42,294,2,1,0,2,0,1,0
645.63,59,6,1,0,3,0,1,0
549.86,140,5,1,0,1,0,1,0
181.96,23,4,1,0,3,0,0,0
1941.63,332,3,0,0,4,0,1,0
216.71,336,3,2,0,2,0,1,0
517.88,64,6,1,1,1,1,1,1
1974.83,31,4,2,0,4,0,1,0
2257.29,13,7,1,0,3,0,1,0
571.52,154,9,0,0,3,0,1,0
958.96,17,8,0,0,3,0,1,0
458.25,205,2,2,1,2,0,0,1
633.72,204,3,2,0,3,1,1,0
1431.12,171,10,2,0,0,0,1,0
664.05,376,8,1,0,0,0,1,0
859.01,85,6,1,1,3,0,1,0
253.48,418,4,2,0,1,0,0,0
3404.85,6,6,3,0,2,0,1,0
1826.34,21,6,2,0,3,0,1,0
2423.35,95,6,2,0,1,0,0,0
3985.53,162,5,0,0,1,0,1,0
480.48,5,5,1,1,0,0,1,0
766.32,150,3,2,0,2,0,1,0
164.87,66,5,3,0,4,1,1,0
25347.18,392,3,0,0,0,1,1,0
944.27,137,7,1,1,2,0,1,0
3098.67,159,4,1,0,1,0,1,0
317.93,524,5,1,0,1,1,1,0
2970.21,260,5,2,0,2,0,1,0
7027.53,103,1,0,0,1,0,1,0
1032.48,116,5,1,1,3,1,1,0
399.06,187,4,0,1,2,0,1,1
954.52,40,6,1,0,2,0,1,0
118.3,16,11,1,0,1,0,1,0
1055.86,67,5,2,0,1,0,1,0
2492.31,271,5,2,0,2,0,1,0
1058.11,53,4,2,0,4,0,1,0
825.39,25,7,1,0,1,0,1,0
1858.58,44,5,3,0,1,1,1,0
2006.25,204,5,0,0,1,0,1,0
208.53,171,7,0,0,4,0,1,0
1198.5,209,5,1,0,2,0,0,0
12531.3,69,3,3,0,1,0,0,0
288.58,416,1,2,0,0,0,1,0
1006.85,108,6,0,0,3,0,1,0
7644.53,129,1,1,0,4,1,1,0
3308.25,534,7,0,0,1,1,1,0
656.29,697,4,1,1,3,0,1,0
1347.67,195,4,0,1,4,0,1,0
1094.32,521,5,0,0,3,0,1,0
519.01,140,7,2,0,3,0,1,0
1018.16,66,2,0,0,1,0,1,0
828.85,68,6,1,0,5,0,1,0
1227.52,147,3,0,0,5,1,1,0
518.85,167,7,0,0,3,0,1,0
305.94,104,4,1,0,3,0,1,0
1052.28,387,3,0,0,4,0,1,0
6094.36,100,3,2,0,2,0,0,0
1190.59,57,7,2,0,0,1,1,0
787.14,1,4,0,0,0,0,1,0
2331.08,634,2,2,0,2,1,1,0
936.06,313,8,3,0,1,0,1,0
7101.3,172,8,3,0,2,0,1,0
1092.35,319,4,1,0,2,0,1,0
2209.45,299,8,0,0,2,0,0,0
515.63,483,4,4,1,2,0,1,1
1813.64,87,7,1,0,2,0,1,0
1443.89,145,1,2,0,1,0,1,0
1036.38,18,4,3,1,6,0,1,0
663.97,605,4,3,0,3,0,1,0
579.39,757,6,2,0,4,1,1,0
1454.41,280,7,0,0,2,0,1,0
2056.87,108,4,0,1,4,0,1,0
965.68,123,5,1,0,4,0,1,0
1461.57,102,4,0,1,3,0,1,0
1055.83,62,6,2,1,4,0,1,0
1210.18,135,5,0,0,0,0,1,0
897.45,9,6,1,0,2,0,0,0
1116.52,866,4,2,1,1,0,1,0
16285.66,99,3,3,0,7,0,1,0
1497.62,472,4,3,0,2,1,1,0
2090.79,231,5,4,0,0,0,1,0
1699.39,61,6,1,1,2,0,1,0
843.18,45,3,0,0,1,0,0,0
3999.76,979,7,1,0,1,0,1,0
819.62,266,4,0,0,1,0,1,0
3149.67,51,6,1,1,1,0,1,0
785.09,12,5,2,0,1,0,1,0
419.9,214,1,2,0,3,0,1,0
1580.34,64,5,2,0,2,1,1,0
363.34,45,7,1,0,2,0,1,0
1873.64,239,5,0,0,2,0,1,0
332.23,204,10,1,0,3,0,1,0
797.11,118,4,1,0,1,0,1,0
261.98,514,5,2,0,2,0,1,0
18474.88,204,4,0,0,2,0,1,0
209.78,402,7,0,0,2,0,1,0
1107.45,38,7,1,0,4,0,1,0
3440.27,63,5,2,0,2,1,1,0
3091.42,19,7,1,0,4,0,0,0
2569.18,65,3,1,0,2,0,1,0
798.53,642,4,2,0,2,0,1,0
4234.79,592,9,1,1,2,0,1,0
2733.64,257,5,1,0,0,0,1,0
1356.01,132,3,2,0,2,0,1,0
1394.9,273,8,1,0,3,0,1,0
809.23,145,3,2,0,2,0,0,0
441.58,1,8,0,0,0,1,1,0
3778.76,125,4,0,0,3,0,1,0
4073.3,164,3,1,1,4,0,1,0
453.0,55,5,0,0,0,1,1,0
940.31,40,7,0,0,2,0,1,0
950.11,57,6,0,1,3,0,1,0
1061.4,175,3,0,1,1,1,1,0
1169.46,28,6,1,0,4,0,1,0
2826.69,229,5,0,1,3,1,1,0
519.46,98,6,0,1,1,0,1,0
470.43,78,5,0,1,1,0,1,0
3776.75,296,3,0,0,1,0,1,0
690.46,126,6,1,0,4,1,1,0
310.12,85,5,1,0,2,0,1,0
675.11,378,6,1,1,1,0,1,0
788.35,82,2,2,0,1,0,1,0
5192.46,352,5,3,0,4,0,0,1
2765.08,126,2,1,1,3,1,1,0
3454.8,41,5,0,1,4,0,1,0
2489.84,170,4,0,0,0,0,1,0
2824.94,60,2,0,0,5,1,1,0
551.1,28,6,1,1,1,0,1,0
899.1,16,7,0,0,3,0,1,0
407.52,49,6,2,0,2,1,1,0
888.48,240,9,3,0,1,0,1,0
2173.52,327,7,0,0,3,0,0,0
1254.61,356,5,1,0,1,0,1,0
4070.34,56,6,2,0,2,0,1,0
350.23,194,1,0,0,2,0,1,0
1808.47,47,4,1,0,1,0,1,0
314.72,175,8,0,0,0,1,1,0
1204.93,392,5,1,0,2,0,1,0
2299.24,7,2,2,1,6,1,1,0
884.92,758,7,0,0,1,0,1,1
1902.89,315,3,1,0,1,0,1,0
420.01,258,6,1,0,0,0,1,0
207.74,211,9,0,0,1,0,0,0
1914.15,264,1,0,0,0,0,1,0
6273.0,939,5,1,0,2,0,1,0
405.03,264,2,1,0,1,0,1,0
3722.66,77,8,1,0,2,0,0,0
1145.3,171,8,0,0,2,0,0,0
288.39,73,5,0,1,3,1,1,0
353.72,631,3,1,0,3,0,1,0
1114.08,414,4,1,0,1,0,1,0
731.82,150,10,1,0,3,0,1,0
295.03,273,5,1,1,5,0,0,0
201.53,432,4,0,0,1,1,1,0
470.26,50,5,0,0,0,0,1,0
1331.16,155,3,0,1,4,0,1,0
1089.64,118,6,3,0,1,0,1,0
664.32,265,2,1,0,1,0,1,0
1341.96,85,6,1,0,5,0,1,0
3102.7,222,4,0,0,1,0,1,0
1626.4,92,10,1,0,0,1,1,0
971.35,21,2,2,0,5,1,1,0
2774.07,20,8,0,0,1,0,1,0
419.96,22,6,1,0,2,0,1,0
875.75,5,4,0,0,3,0,1,0
896.87,137,6,1,0,1,1,1,0
318.32,200,5,2,0,3,0,1,0
720.63,24,6,1,0,1,1,1,0
137.69,170,3,2,1,3,0,0,0
7421.81,163,5,0,0,5,0,1,0
429.48,28,7,0,0,0,0,1,0
5356.76,93,3,0,0,1,0,1,0
1139.2,253,6,1,0,3,0,1,0
1929.21,3,9,0,0,2,1,1,1
672.63,28,5,2,0,3,0,1,0
1350.09,986,2,3,0,4,0,1,0
2101.67,238,1,0,0,3,0,1,0
2131.44,112,8,1,0,3,0,1,0
2379.8,178,4,0,0,2,0,1,0
758.75,337,6,1,0,1,0,1,0
678.33,332,9,0,0,3,0,0,0
222.7,70,11,3,0,2,1,1,0
1850.51,121,3,2,0,1,0,1,0
3236.92,182,3,2,1,1,0,1,0
5519.16,13,3,0,0,1,0,0,0
1487.98,524,10,1,0,3,0,1,0
509.55,102,5,0,0,2,1,1,0
200.92,83,5,0,0,1,0,1,0
3107.79,427,6,1,0,3,0,1,0
181.95,22,5,0,1,2,1,1,0
780.08,7,2,0,0,0,0,1,0
876.29,207,6,1,0,3,0,1,0
1023.05,87,4,1,0,2,1,1,0
1136.61,260,3,2,0,3,0,1,0
1259.09,12,5,2,0,3,1,1,0
97.97,87,8,2,0,1,0,1,0
1112.82,48,6,1,0,2,0,1,0
117.97,242,2,1,0,2,1,1,0
2280.66,46,4,1,0,3,1,0,1
629.47,110,7,2,1,0,0,1,0
126.84,307,6,1,1,0,1,1,0
485.8,444,4,2,0,1,0,1,0
620.13,230,4,1,0,2,0,1,0
3607.25,100,4,2,0,2,0,1,0
1334.93,152,5,1,0,3,0,1,0
1547.58,210,3,0,0,1,0,1,0
3573.22,374,1,1,0,1,0,1,0
996.11,394,5,1,0,2,0,0,0
2331.32,481,4,1,0,3,0,1,0
2172.99,299,7,2,0,4,0,1,0
302.94,28,5,1,0,1,0,1,0
4783.77,247,6,0,1,0,0,1,0
264.99,303,7,1,0,1,0,1,0
2744.53,378,6,0,0,3,0,1,0
240.55,465,5,0,1,0,0,1,0
2000.67,128,8,1,1,5,0,1,0
7057.98,191,8,0,0,3,0,1,0
886.27,1,2,2,0,1,0,0,0
848.65,153,2,0,0,0,0,1,0
2019.17,115,9,1,0,4,0,1,0
788.87,590,4,0,0,3,0,0,0
6756.62,417,2,0,0,3,0,1,0
1329.01,287,7,0,0,4,0,1,0
796.18,10,4,1,0,2,0,1,0
638.88,92,6,2,0,4,0,1,0
431.41,214,2,0,0,3,0,1,0
585.37,5,4,0,1,2,0,1,1
772.26,48,6,0,1,5,0,1,0
673.41,393,6,3,0,0,0,1,0
567.83,25,5,2,0,0,1,1,0
8944.92,9,3,1,0,2,1,0,0
391.47,156,5,1,1,3,0,1,0
1269.82,526,5,1,0,2,0,1,0
1983.31,323,8,0,0,3,1,1,0
2059.27,662,8,1,0,3,1,1,0
1034.21,252,6,3,0,2,1,1,0
862.04,103,1,0,0,3,1,1,0
1722.53,527,3,0,0,2,0,1,0
1431.56,100,5,3,0,2,1,0,0
846.44,77,5,0,1,0,0,1,0
230.01,107,5,2,0,3,0,1,0
686.82,302,7,2,0,2,0,1,0
348.43,449,3,2,0,2,0,1,0
562.75,79,7,0,1,2,0,1,0
1133.68,111,1,3,0,3,0,1,0
1569.85,411,2,0,1,0,0,1,0
6505.82,8,10,1,0,2,0,1,0
640.72,275,3,1,0,2,1,0,0
2379.45,108,2,1,0,5,0,1,0
1489.15,85,4,1,1,3,0,1,0
4007.8,106,8,0,0,2,0,1,0
1951.26,97,5,4,0,1,0,0,0
400.02,254,4,0,0,2,0,1,0
195.77,473,6,0,1,1,0,1,0
1497.06,121,9,3,1,3,0,1,0
646.48,321,6,0,0,0,0,0,0
411.45,236,5,2,1,3,0,1,0
308.72,72,13,1,0,1,0,1,0
1288.17,159,5,0,1,7,0,1,0
4952.8,197,4,0,1,0,0,1,0
728.75,4,5,0,0,1,1,1,0
1978.85,90,3,2,0,0,1,1,0
990.03,884,7,2,0,2,0,1,0
302.06,182,6,0,1,2,0,1,0
2286.58,73,2,3,1,2,1,1,0
366.98,51,7,2,0,2,0,1,0
1120.61,42,4,1,0,2,0,0,0
779.37,92,4,0,0,3,0,1,0
2678.67,38,2,0,0,1,0,1,0
380.64,26,6,0,1,2,0,1,0
1621.12,81,4,3,0,0,0,1,0
473.52,168,3,1,0,2,0,0,0
657.8,28,6,2,0,1,0,1,0
28.93,8,6,1,1,0,1,1,1
8884.81,6,9,1,0,2,0,1,0
1901.8,56,6,1,0,1,0,1,0
509.1,37,3,0,0,1,0,1,0
356.15,139,6,3,1,0,0,1,0
668.04,109,6,0,1,2,0,1,0
2245.94,70,4,0,0,2,1,1,0
165.33,322,7,0,0,0,0,1,0
951.86,126,6,1,0,2,0,1,0
6442.31,17,3,1,0,1,0,1,0
352.85,63,6,1,0,2,0,1,0
1188.43,652,9,2,0,5,0,1,0
9929.94,678,7,2,0,1,0,0,0
2063.49,52,8,0,0,4,0,0,0
1243.8,32,2,0,0,6,0,1,0
1820.08,123,4,3,1,0,0,1,1
734.46,118,8,0,0,1,0,1,0
4022.39,95,4,4,1,4,0,1,0
735.59,135,7,1,0,1,0,1,0
154.6,47,7,1,0,2,0,1,0
741.52,21,5,1,0,3,1,1,0
417.07,152,1,1,0,2,0,1,0
827.83,485,3,2,0,3,0,1,0
846.34,26,5,2,0,1,0,1,0
3631.58,219,7,1,0,1,0,1,0
2197.98,103,8,1,0,2,0,1,0
1426.91,62,2,1,0,4,0,1,0
1093.41,345,4,2,1,4,0,1,0
380.37,109,9,1,0,4,0,1,0
123.82,157,6,2,0,1,0,1,0
1228.02,105,3,0,1,2,0,1,0
2427.56,15,10,1,0,3,0,1,0
984.04,162,3,0,0,2,0,1,0
642.36,97,9,2,0,3,0,0,0
1744.99,16,6,1,1,0,0,1,0
1008.95,163,2,0,1,3,1,1,0
5917.94,1,7,0,0,0,0,1,0
3762.08,42,2,2,0,1,1,0,0
2862.66,273,3,3,0,1,0,1,0
2339.6,6,2,3,0,1,0,0,1
301.82,187,5,1,0,2,0,1,0
2128.12,538,0,0,0,2,0,1,0
1597.71,33,6,0,0,1,0,1,0
2011.08,97,4,0,0,0,0,1,0
1794.73,154,4,0,0,4,0,1,0
1724.62,107,5,1,0,1,0,1,0
16331.75,174,7,0,0,4,0,0,0
1016.19,93,5,0,0,3,0,1,0
2797.1,28,2,0,1,1,0,1,0
684.72,16,5,3,0,1,0,1,0
2417.87,245,7,0,0,0,1,1,0
2805.45,49,5,3,0,1,0,1,0
1578.81,338,8,1,0,1,0,1,0
5821.11,244,5,4,0,1,0,1,0
452.92,9,7,0,0,0,1,1,0
673.7,40,9,0,0,3,0,1,0
1356.12,62,3,2,0,2,0,1,0
2646.01,162,7,0,0,3,0,1,0
1312.16,298,7,0,1,0,0,1,0
3966.97,11,3,0,1,3,0,1,0
565.84,51,5,0,0,4,1,1,0
350.52,84,3,1,0,1,0,1,0
1492.38,36,3,1,0,5,0,1,0
1015.18,141,7,2,0,1,0,1,0
1887.23,117,9,2,0,2,0,0,0
1066.99,68,9,1,0,2,0,1,0
780.54,130,7,2,0,4,0,1,0
1017.46,79,4,2,0,2,0,0,0
1128.73,75,5,2,0,0,0,1,0
808.37,55,8,1,0,1,0,1,0
895.04,139,3,0,0,1,0,0,0
732.46,105,4,1,0,3,0,1,0
2582.89,39,10,1,0,0,0,1,0
1331.45,2,8,0,1,1,0,1,0
10475.06,29,3,1,0,3,0,1,0
1287.82,7,1,2,1,1,0,1,0
632.16,101,5,1,0,2,0,1,0
15846.05,45,2,1,0,3,0,1,0
1658.43,98,7,1,0,2,0,1,0
2951.67,71,4,0,0,0,1,1,0
1982.48,139,5,1,0,2,0,1,0
2044.71,231,3,0,0,4,0,1,0
1873.67,117,5,1,0,0,0,1,0
364.28,11,8,0,0,1,0,1,0
1583.72,3,2,2,0,2,0,1,0
291.53,43,5,0,0,0,1,1,0
921.16,99,3,0,0,3,1,1,0
530.8,8,4,1,1,1,1,1,0
1567.87,71,1,2,0,3,0,1,0
1531.69,392,8,0,0,3,0,1,0
1774.27,16,3,2,0,0,1,1,0
1461.61,533,7,0,0,1,0,1,0
597.75,349,5,1,1,5,0,1,0
844.71,320,5,2,0,0,0,1,0
2752.86,358,4,0,0,1,0,1,0
3190.26,15,8,2,0,2,0,1,0
348.35,29,2,0,0,2,0,1,0
237.24,25,4,1,0,1,0,1,0
530.12,21,6,1,0,3,0,1,0
3118.81,71,3,2,0,4,0,1,0
3695.55,319,5,2,0,2,0,1,0
434.97,52,7,4,0,2,0,1,0
1491.16,50,3,2,0,3,0,1,0
6866.65,202,3,2,0,1,1,1,0
1661.23,18,7,1,0,3,1,1,0
4543.73,80,4,3,0,1,0,1,0
2977.16,63,1,0,0,1,0,1,0
441.33,338,6,1,0,0,0,1,0
906.89,130,5,0,1,3,1,1,0
1135.42,187,3,2,0,2,0,1,0
1216.99,24,5,1,0,3,0,1,0
2741.69,475,5,1,0,2,1,1,0
1650.25,70,8,2,0,1,0,1,0
58.19,220,5,1,1,2,0,1,0
295.05,556,6,0,1,1,0,1,0
123.05,127,4,0,0,2,0,1,0
1306.84,127,9,1,1,1,0,1,0
1394.77,22,4,0,1,1,0,1,0
1455.67,89,3,3,0,3,0,1,0
420.34,344,4,2,0,4,0,1,0
2151.98,26,7,2,0,3,0,1,0
2244.55,449,7,0,0,1,0,1,0
312.58,198,7,0,0,3,0,1,0
253.14,98,9,1,1,2,1,1,0
1096.49,142,5,1,0,2,0,1,0
6579.95,29,6,2,0,2,0,1,0
6001.37,44,4,1,0,2,0,1,0
1926.39,60,5,2,1,3,0,1,0
528.48,87,3,1,0,0,0,1,0
2662.03,444,4,1,0,3,0,1,0
697.55,82,5,2,0,4,0,1,0
509.02,133,5,0,0,1,0,1,0
128.51,31,2,0,1,0,0,1,0
1214.86,239,6,1,1,1,0,1,0
584.14,147,2,1,0,4,0,1,0
1207.65,104,8,2,0,3,0,1,0
110.02,529,7,1,0,2,0,1,0
1299.62,398,7,1,0,0,0,1,0
96.44,193,7,0,0,0,0,1,0
3254.98,458,9,1,0,3,0,0,0
1848.06,149,6,0,1,5,0,1,0
829.92,315,5,1,0,3,0,0,0
1925.07,94,1,0,0,4,0,1,0
412.37,16,4,0,0,0,0,1,0
1178.95,925,4,3,0,1,1,1,0
2427.88,32,4,0,0,0,0,1,1
49.69,52,4,3,0,2,0,1,0
701.19,32,7,2,0,2,0,1,0
1072.08,74,6,1,0,2,0,1,0
901.18,61,3,0,1,4,0,1,0
4708.39,165,2,2,1,0,0,1,0
356.42,1015,5,2,1,3,0,1,0
589.24,9,5,2,0,2,0,1,0
161.44,271,4,1,0,1,0,1,0
4965.59,24,7,2,0,0,0,1,0
857.23,3,10,1,0,3,0,1,0
707.4,183,5,1,0,3,1,1,0
1040.56,371,4,2,1,3,0,1,0
2071.93,34,2,1,0,1,0,1,0
1552.1,75,3,0,0,2,0,1,1
15488.98,33,2,2,0,2,0,1,0
1726.65,426,9,1,0,2,1,1,0
688.66,56,4,2,0,3,0,1,0
625.56,105,4,1,1,2,0,1,0
740.44,405,4,2,1,2,0,1,0
244.24,144,8,2,0,2,1,1,0
1141.23,486,3,0,0,0,0,1,0
2400.59,469,4,1,0,1,0,1,0
593.86,111,7,1,0,1,0,1,0
489.13,157,5,0,1,1,0,1,0
4993.76,47,6,0,0,3,0,1,0
263.36,838,6,2,0,1,1,1,0
138.68,58,5,0,0,0,0,1,0
346.23,275,7,1,0,1,0,1,0
235.0,67,7,1,0,3,0,1,0
1613.6,67,6,0,0,0,0,1,0
764.56,19,7,0,0,3,0,1,0
880.34,147,4,1,0,3,0,1,0
3473.56,50,4,0,0,3,0,1,0
549.31,28,7,0,0,1,0,1,0
2380.56,46,6,1,0,1,0,1,0
4970.73,52,5,1,1,4,0,1,0
695.3,126,4,2,0,2,0,1,0
2291.64,87,10,2,0,1,0,1,0
861.08,14,7,1,0,2,0,1,0
2763.07,138,6,3,0,2,0,1,0
227.81,278,4,0,0,2,0,1,0
211.56,153,8,0,0,0,0,1,0
741.54,660,5,1,0,5,0,1,0
450.82,18,6,1,0,5,1,1,0
654.12,309,7,1,0,3,0,1,0
880.49,126,4,3,0,1,0,1,0
2252.99,132,2,1,0,4,0,0,0
729.49,131,6,2,0,2,0,1,0
481.13,70,3,0,0,0,0,1,0
771.62,70,4,1,0,2,0,1,0
508.19,179,4,0,0,2,0,0,0
430.95,8,4,2,0,4,1,1,0
218.54,159,4,0,0,1,0,1,0
1175.53,232,5,1,0,2,0,1,0
620.98,79,5,2,0,2,0,1,0
2882.11,44,5,0,1,2,0,1,0
257.91,43,2,0,0,6,1,1,0
637.73,15,2,0,0,3,0,1,0
6720.43,16,2,3,0,0,0,1,0
428.54,32,2,3,0,1,0,1,0
865.64,3,6,3,0,5,0,1,0
325.11,55,3,1,0,2,0,1,0
284.74,65,7,0,1,0,0,1,0
5152.88,961,4,0,0,3,0,1,0
1301.2,862,4,1,0,5,0,1,0
1253.48,37,7,2,0,3,0,0,0
201.08,43,7,0,0,0,0,1,0
1569.86,121,6,0,0,3,0,1,0
3489.18,28,2,1,0,2,0,1,0
3461.57,126,1,1,0,2,0,0,1
2139.51,91,10,0,1,5,0,1,0
354.43,70,7,0,0,2,0,1,0
1499.85,311,5,0,0,0,0,1,0
2137.91,316,4,4,0,3,0,1,0
182.28,794,8,2,0,3,0,0,0
357.35,45,5,1,0,0,0,1,0
2665.53,394,2,1,0,1,0,1,0
2633.44,138,6,1,0,3,0,1,0
233.09,161,6,3,0,4,1,1,0
2428.48,407,7,1,0,6,0,1,0
1206.29,514,4,1,0,2,1,1,0
2394.69,233,7,0,0,2,0,1,0
581.42,76,1,3,1,5,0,1,1
2090.55,121,9,2,1,4,0,1,0
2549.95,171,3,1,0,2,0,1,0
771.75,317,8,1,0,2,0,1,0
1116.28,193,5,0,0,1,0,1,0
573.34,81,5,0,1,1,0,1,0
5719.51,97,4,0,0,0,0,1,0
972.36,9,7,1,1,0,0,1,0
436.15,464,6,2,0,4,0,1,0
536.02,16,4,0,0,1,0,1,0
1244.85,156,6,0,0,7,0,1,0
2329.32,369,4,0,1,3,0,1,1
288.35,98,3,0,0,1,0,1,0
6958.09,289,5,4,0,2,0,1,0
1493.2,293,9,0,0,3,0,1,0
1748.4,11,2,2,1,1,1,1,0
995.07,95,2,1,1,4,0,1,0
1117.96,211,7,0,1,3,0,1,0
945.5,98,8,3,0,1,1,1,0
3034.48,141,3,1,0,2,0,0,0
1087.97,162,3,1,1,2,0,1,0
2361.5,29,4,0,0,2,0,1,0
710.63,95,7,1,0,0,0,1,0
1333.6,5,6,1,0,1,1,0,0
490.82,29,8,1,1,0,0,1,0
3701.63,129,5,1,0,2,0,0,0
476.4,153,5,1,1,2,0,0,0
792.36,28,6,0,0,2,0,1,0
800.34,253,5,2,0,1,0,1,0
769.74,84,10,0,0,1,0,1,0
2258.59,456,8,1,1,3,1,1,1
798.99,88,5,2,0,3,0,0,0
4420.13,29,3,1,1,5,0,1,0
483.73,255,7,0,0,3,0,1,0
1299.04,150,12,0,1,1,0,1,0
504.83,87,4,0,0,2,0,1,0
1670.66,79,8,1,0,0,0,0,0
1079.28,29,7,1,0,3,0,1,0
939.12,75,6,0,1,1,0,1,0
3599.23,5,4,0,0,1,0,1,0
570.01,125,4,0,0,1,1,1,0
1971.43,408,4,1,0,3,0,1,0
508.28,285,6,4,1,3,0,1,1
1227.44,5,5,0,1,2,0,1,0
331.76,383,5,1,0,1,0,1,0
565.37,108,4,1,0,0,0,1,0
1010.15,38,7,1,0,2,1,0,0
6732.15,251,4,2,0,2,0,1,0
1212.94,70,8,2,0,3,0,0,0
5736.87,52,5,0,0,2,0,1,0
1366.93,31,4,0,1,1,0,1,0
744.65,120,3,1,0,0,0,1,0
5112.05,17,8,1,0,2,0,1,0
1697.68,277,3,2,0,2,0,1,0
576.67,114,3,1,0,1,1,1,0
1755.61,106,3,0,0,1,0,0,0
818.44,1,7,1,0,1,0,1,0
150.05,306,2,0,0,2,0,1,0
2796.08,122,6,1,0,2,0,1,0
3277.82,104,2,1,0,4,0,1,0
6890.8,257,2,1,0,3,0,1,0
1672.62,11,8,0,1,2,1,0,1
855.15,82,7,0,1,2,0,1,1
2527.51,154,10,1,0,2,0,1,0
2565.27,111,3,0,0,3,0,1,0
5643.62,36,6,1,0,1,0,1,0
1048.77,64,1,1,0,4,0,1,0
929.29,64,6,2,0,1,1,1,0
536.17,868,7,1,1,2,0,0,0
1877.06,71,5,2,0,3,0,1,0
233.16,41,4,2,0,1,0,1,0
2382.93,311,3,3,1,1,0,1,0
1974.04,98,10,3,0,4,0,1,1
1968.58,105,4,1,0,0,0,1,0
1259.19,143,5,2,1,0,0,1,0
5079.55,163,1,2,0,2,0,1,0
2622.79,160,4,0,0,0,0,1,0
597.6,6,1,1,0,2,1,1,0
608.39,307,6,1,0,3,0,1,0
455.01,39,4,2,0,1,0,0,0
1903.18,62,3,1,0,1,1,1,0
403.37,34,3,1,0,2,0,1,0
3240.21,262,7,3,0,0,0,1,0
4117.38,157,5,0,1,7,0,1,0
455.31,253,6,2,0,0,0,1,0
910.92,190,2,2,0,1,0,1,0
1115.01,19,6,2,1,2,0,1,0
2654.42,64,6,0,0,2,0,1,0
5482.65,127,3,1,0,0,0,1,0
203.26,65,9,3,0,2,0,1,0
797.77,41,8,1,0,1,0,1,0
840.49,366,6,0,0,3,0,1,0
270.25,247,3,0,0,2,0,0,0
675.12,76,8,0,0,5,0,0,0
1682.05,260,3,1,1,2,0,1,0
829.91,177,2,0,0,1,0,1,0
234.01,1,6,1,1,2,1,1,1
19420.47,86,4,0,0,3,0,1,0
1431.07,61,6,2,0,1,0,1,0
1226.22,44,9,1,0,1,0,1,0
365.8,52,2,2,0,2,1,1,0
1423.26,513,6,1,0,3,0,1,0
930.56,119,4,0,1,0,0,1,0
165.92,338,7,2,0,2,0,1,0
376.06,43,6,1,0,2,1,1,0
2428.25,34,5,0,0,2,0,1,0
7661.92,395,4,3,0,1,0,1,0
1583.14,123,3,2,0,3,0,1,0
3304.64,405,8,2,0,3,0,1,0
938.46,11,3,2,0,3,0,1,0
1005.71,446,4,2,0,4,0,1,0
3264.88,96,6,1,0,2,0,0,0
5783.58,30,7,3,0,3,0,1,0
4028.29,207,8,1,1,1,0,1,0
377.53,286,9,2,0,4,1,1,0
1025.61,8,3,0,0,2,0,1,0
1447.4,784,6,2,0,1,0,1,0
845.83,214,8,0,0,1,0,1,0
1616.24,69,6,1,0,3,0,0,0
2491.34,29,5,1,1,6,0,1,0
2989.35,89,4,2,0,2,0,1,0
5918.69,44,6,2,0,3,0,1,0
788.84,122,5,1,0,2,0,1,0
280.33,274,4,0,0,1,0,1,0
1569.06,194,9,0,1,2,0,1,1
7214.23,103,6,1,0,3,0,1,0
680.63,22,3,0,0,3,0,1,0
2179.49,567,9,1,0,1,0,1,0
2198.97,56,3,2,1,2,0,1,0
1328.02,58,2,1,0,1,0,1,0
1104.25,186,3,0,0,1,1,1,0
435.53,264,7,0,0,4,1,1,0
111.98,746,2,3,0,1,1,1,0
360.74,626,4,1,0,0,1,1,0
742.26,441,2,1,0,1,0,0,0
3285.99,102,8,1,1,2,0,1,0
989.18,32,2,2,0,4,0,1,0
652.61,158,8,0,0,4,0,1,0
449.9,3,5,0,0,3,1,1,0
2114.99,39,2,0,0,5,0,1,0
4265.68,1,2,1,0,6,0,1,0
3176.18,35,5,0,0,2,0,1,0
2010.52,115,4,0,0,2,0,1,0
250.73,89,6,0,0,2,0,0,0
771.49,82,2,1,0,5,1,1,0
7687.14,319,3,1,1,6,0,1,0
3367.58,202,4,0,1,2,0,1,0
235.69,496,3,0,1,2,0,1,0
1037.33,106,8,0,0,4,0,1,0
1576.71,57,8,2,0,1,0,1,0
511.75,23,3,1,0,4,0,1,0
108.94,200,5,1,0,2,0,1,0
1210.54,331,4,1,0,1,0,1,0
498.82,36,9,1,0,2,1,1,0
500.78,379,10,1,0,1,0,1,0
769.18,134,4,0,0,2,1,1,0
959.42,28,5,1,0,2,0,1,0
1086.72,185,7,1,0,4,0,1,0
453.05,132,3,2,0,1,0,1,0
879.88,5,7,0,0,1,0,1,0
189.16,91,4,0,0,5,1,1,0
1496.73,276,5,1,1,4,0,1,0
63.04,145,8,0,0,0,0,1,0
820.99,59,2,0,1,2,0,1,0
2749.53,475,7,1,0,3,0,1,0
380.19,48,7,2,0,3,0,1,0
2244.93,52,5,1,0,2,0,1,0
3483.29,78,3,2,1,1,0,1,0
40.13,404,5,0,0,3,0,1,0
942.6,127,2,1,1,1,0,1,0
61.82,206,0,2,1,2,0,1,0
974.37,673,4,0,0,3,0,0,0
1088.8,275,6,2,1,1,0,1,0
91.6,34,6,4,0,2,1,1,0
7516.37,279,8,0,1,2,0,1,0
1459.74,248,5,2,0,2,0,1,0
469.18,47,5,1,0,4,0,1,0
4747.53,70,7,0,1,0,0,1,0
182.07,222,6,0,1,3,1,1,0
320.8,49,5,1,0,0,0,1,0
110.01,42,5,1,0,1,0,1,0
6641.18,218,7,3,0,1,0,1,0
1528.97,382,2,0,0,1,0,1,0
2120.49,14,4,1,0,2,0,1,0
1481.78,106,7,1,0,4,0,1,0
1946.46,168,4,2,0,1,0,1,0
1185.69,203,9,1,0,2,1,0,0
1437.87,1002,3,2,0,0,0,1,0
1221.22,206,9,0,0,1,0,0,0
596.7,174,4,0,0,1,0,1,0
1046.68,824,6,0,0,0,1,1,0
1441.72,11,4,1,1,1,1,1,0
1224.82,13,7,1,0,1,0,0,0
250.19,148,6,3,0,2,1,1,0
285.72,79,5,0,1,2,0,1,0
3238.42,18,6,1,0,1,0,1,0
806.74,65,7,0,0,4,0,1,0
1967.91,201,2,0,0,3,0,1,0
367.93,382,4,2,0,2,0,1,0
251.35,17,6,1,0,3,0,1,0
471.73,139,9,1,0,0,0,1,0
877.81,63,3,0,0,2,0,1,0
563.89,198,7,0,0,6,1,1,0
3999.54,143,8,2,0,2,0,1,0
1312.28,470,5,1,0,2,0,1,0
6966.99,6,4,3,0,4,0,1,0
1643.21,114,1,1,0,2,0,1,0
98.24,38,2,2,0,4,0,1,0
3152.79,138,7,0,0,1,0,1,0
242.37,345,3,2,0,2,0,1,0
1380.96,436,4,2,0,3,0,1,0
505.38,91,6,0,0,3,1,1,0
9346.07,300,4,1,1,1,1,1,0
4626.69,59,8,2,0,0,0,1,0
522.27,1,5,2,0,0,1,0,0
965.5,347,5,1,1,2,1,1,0
1400.52,22,5,1,1,2,1,1,0
2600.38,3,3,4,0,5,1,1,1
1129.07,78,8,0,0,2,0,1,0
393.51,85,9,0,0,0,0,0,0
535.09,14,6,1,0,1,0,1,0
1091.73,302,7,1,0,3,0,1,0
3768.59,93,0,2,0,1,0,1,0
1682.17,121,4,0,0,0,0,1,0
506.02,55,7,0,0,0,0,1,0
2097.23,128,5,0,0,3,0,1,0
744.73,262,3,2,0,1,1,1,0
2671.53,425,7,1,0,1,0,1,0
13725.5,634,7,1,0,0,0,1,0
765.99,100,5,0,0,0,0,1,0
2444.52,829,5,1,1,4,0,1,0
520.4,62,8,1,0,3,0,1,0
980.18,1,1,2,0,4,0,1,1
1129.54,262,1,1,0,4,0,0,0
903.54,35,6,2,1,1,1,1,0
12874.63,9,6,1,0,1,1,1,0
807.07,463,4,0,0,1,0,1,0
1972.09,282,7,1,1,1,0,1,0
159.16,19,2,1,1,1,0,1,0
1689.18,270,3,0,0,1,0,1,0
3435.97,334,6,0,0,1,0,1,0
647.04,424,7,3,0,4,1,1,1
89.1,141,3,1,0,2,0,0,0
1055.06,218,5,2,0,0,0,1,0
1115.64,258,6,1,0,2,0,1,0
2262.16,210,7,0,0,1,0,1,0
8191.92,187,4,0,0,3,0,1,0
749.9,142,9,1,0,2,0,1,0
465.78,117,4,0,0,1,0,1,0
341.41,999,9,0,0,3,0,0,0
1336.86,74,3,1,0,3,0,1,0
1771.1,16,9,1,0,4,1,1,0
635.46,260,3,1,1,1,0,1,0
2389.13,43,4,1,0,1,0,1,0
1746.53,136,6,1,1,2,0,1,0
1145.08,18,5,0,0,1,1,1,0
444.78,173,9,0,0,3,0,1,0
677.31,518,3,2,1,1,0,1,0
96.57,230,1,2,0,2,0,1,0
1388.23,43,4,1,0,2,0,1,0
1125.9,638,8,1,0,2,1,1,0
1324.09,66,7,1,0,3,0,1,0
1815.87,103,4,1,0,0,0,1,0
1612.95,124,13,2,1,3,0,1,0
982.03,842,4,1,0,3,0,1,0
1151.32,12,7,1,0,4,0,1,0
269.26,214,6,0,0,3,0,1,0
611.72,80,4,2,0,2,0,1,0
1153.4,14,3,0,0,3,0,1,0
525.39,492,8,2,0,1,0,1,0
2591.91,160,5,1,0,1,0,1,0
567.57,252,6,4,0,4,0,1,0
1361.45,49,9,1,0,1,0,1,0
1232.21,258,7,2,1,4,0,1,0
2312.95,317,2,1,0,0,0,1,0
2699.42,101,2,1,0,2,1,1,0
2195.21,152,4,1,0,5,0,1,0
133.49,642,4,0,0,2,0,1,0
3619.71,337,5,0,0,1,0,1,0
5050.83,105,2,1,0,3,1,1,0
677.14,196,1,0,1,3,0,1,0
1389.43,276,3,0,0,1,0,1,0
449.96,4,4,0,1,2,0,1,0
156.28,159,8,1,0,0,0,1,0
523.89,750,3,2,0,1,0,1,0
638.97,529,5,1,0,2,0,1,0
769.04,321,2,1,0,1,0,1,0
420.35,20,7,1,0,2,0,1,0
526.67,922,6,1,0,3,0,1,0
1084.63,169,9,0,0,2,0,1,0
507.64,45,3,3,0,3,1,0,1
1888.47,201,3,1,0,4,0,1,0
2168.22,349,4,2,0,1,0,1,0
11853.61,21,4,1,0,1,0,1,0
3380.17,446,3,1,0,1,0,1,0
1398.43,455,2,2,0,1,0,1,0
589.77,2,6,0,0,1,0,1,0
1471.07,415,3,0,0,4,0,0,0
1520.2,528,4,0,0,0,1,1,0
656.35,6,10,5,0,1,0,1,0
2401.22,62,4,1,0,2,0,1,0
270.94,84,8,1,1,3,0,1,0
858.86,77,10,3,0,3,0,0,0
1911.91,256,6,4,0,1,0,1,0
822.56,79,6,2,0,2,0,1,0
891.8,564,3,0,1,2,0,1,0
955.48,953,6,0,0,1,0,1,0
475.52,68,9,0,0,1,0,1,0
3547.15,127,1,0,1,1,0,1,0
396.22,146,5,3,0,4,0,1,0
1507.43,155,3,0,0,2,0,1,0
1658.47,84,2,0,0,1,0,1,0
424.7,32,5,0,0,0,0,1,0
1179.8,10,6,2,0,1,0,1,0
441.58,20,6,0,1,1,0,1,0
4407.41,416,8,2,0,4,1,1,0
351.15,59,2,0,0,5,0,1,0
570.27,14,6,0,0,2,0,1,0
322.39,175,8,1,0,3,0,1,0
282.11,14,5,1,1,1,0,1,0
5384.15,13,8,2,0,1,0,1,0
1887.06,174,6,1,0,0,0,1,0
1261.8,161,4,2,0,5,0,1,0
568.74,7,4,1,0,3,0,1,0
2717.89,111,7,3,0,1,0,1,0
480.96,103,8,0,0,1,0,1,0
2425.13,142,4,0,0,3,0,1,0
458.28,240,8,1,0,1,0,1,0
575.65,59,5,2,0,0,0,1,0
2340.88,102,4,2,0,3,0,1,0
2601.46,283,6,1,0,4,0,1,0
1993.15,460,7,2,1,3,1,1,0
383.88,399,5,0,1,2,0,1,0
701.54,116,4,0,1,2,1,1,0
1282.93,132,6,1,0,1,0,1,0
469.05,135,4,2,0,1,0,1,0
4319.79,365,4,1,1,2,0,0,0
99.29,329,2,0,0,3,0,0,0
503.34,67,3,1,0,1,0,1,0
658.81,31,8,0,0,1,0,1,0
63.82,85,5,1,0,4,0,1,0
271.45,61,5,2,1,1,0,1,0
2049.37,542,7,1,0,4,0,1,0
1130.35,55,6,1,0,3,0,1,0
5287.69,35,6,5,1,3,1,1,1
5142.15,413,3,2,0,2,0,0,0
1690.95,16,5,0,0,2,0,1,0
1500.03,54,3,1,0,2,0,1,0
1171.37,104,7,1,1,3,0,1,0
77.09,162,10,0,0,0,0,1,0
271.9,71,7,0,1,2,0,1,0
1212.79,123,3,0,0,3,0,0,0
2030.48,39,6,1,1,5,0,1,0
1465.09,153,4,1,0,2,0,1,0
449.23,94,7,0,0,2,0,1,0
2800.09,340,4,5,0,5,0,1,0
4829.24,96,3,0,1,2,0,1,0
2801.72,105,4,0,0,0,0,1,0
2950.11,161,6,2,0,3,0,1,0
626.89,23,3,1,0,1,0,1,0
3216.13,30,2,0,0,3,1,1,0
1268.71,281,4,0,0,3,0,1,0
1829.06,57,7,0,0,2,0,1,0
1580.4,207,5,3,0,2,0,1,0
971.18,18,4,1,0,3,0,1,0
464.05,310,3,1,0,2,0,1,0
1010.16,799,3,3,1,0,0,1,1
2941.75,84,5,0,0,1,0,1,0
705.23,126,4,0,0,4,0,1,0
2679.4,105,3,1,0,5,0,1,0
2291.75,404,6,4,0,3,0,1,0
813.27,1,7,3,1,5,0,1,1
4397.54,190,5,1,0,0,0,1,0
768.51,190,4,0,1,2,0,0,0
4961.91,86,2,2,0,5,0,1,0
1692.78,44,9,1,0,2,0,1,0
1079.37,49,8,2,1,0,1,1,0
451.33,290,4,1,0,2,0,1,0
1003.99,12,6,0,0,3,0,1,0
894.48,149,4,1,0,1,0,1,0
311.59,65,5,0,1,3,0,1,0
882.17,55,3,0,0,2,0,0,0
490.88,126,6,1,0,2,0,1,0
1970.4,410,4,2,0,2,0,1,0
4049.22,173,2,1,0,2,0,0,0
321.53,279,5,1,0,3,1,1,0
6077.25,165,3,1,0,2,0,1,0
964.34,215,3,3,0,2,0,1,0
413.63,101,2,1,1,0,0,1,0
2339.65,468,4,2,0,2,0,1,0
701.73,125,6,3,1,1,0,1,0
1010.56,144,8,1,0,2,0,1,0
731.96,133,9,0,0,0,0,1,0
484.57,68,6,0,0,2,0,1,0
2261.98,47,5,1,0,0,0,1,0
823.61,13,5,0,0,2,0,1,0
260.69,227,9,0,0,1,0,0,0
1902.76,61,7,2,0,1,1,1,0
328.46,88,5,1,0,2,0,1,0
346.1,454,3,1,0,3,1,1,0
3614.13,150,6,2,0,0,0,1,0
331.51,18,6,3,0,3,0,1,0
108.15,289,4,3,0,2,0,1,0
2044.4,53,3,1,0,0,0,1,0
809.27,144,1,0,0,1,0,1,0
882.13,128,2,0,0,2,0,0,1
800.71,48,4,1,0,3,1,1,0
1382.53,22,8,2,0,2,0,1,0
516.61,42,3,1,0,2,0,1,0
4798.77,18,8,0,0,0,1,1,0
250.58,58,5,1,1,0,0,1,0
1711.07,1064,8,0,0,2,0,1,0
2084.16,92,6,2,0,1,0,1,0
513.04,358,8,1,1,2,0,1,0
393.97,143,5,0,0,0,0,1,0
3032.6,197,9,2,0,0,0,1,0
407.13,30,10,2,0,1,0,1,0
597.85,57,4,1,0,5,0,1,0
2663.27,128,5,1,0,1,0,1,0
1135.4,383,6,2,0,2,0,1,0
181.79,7,6,0,0,4,0,1,0
6292.16,127,6,2,1,1,0,1,0
645.48,9,6,1,1,2,0,1,0
733.07,109,2,2,0,4,0,1,0
1416.27,178,5,0,0,3,0,1,0
2048.94,245,6,0,1,3,1,1,0
7793.96,26,11,1,0,0,0,1,0
208.5,32,3,1,0,3,0,1,0
2504.77,114,3,3,1,1,0,1,0
2305.4,1121,2,0,1,1,1,1,0
956.07,79,8,0,0,1,0,1,0
2409.74,100,7,2,0,2,0,1,0
2791.33,101,8,0,0,1,0,1,0
275.35,15,3,1,0,1,0,1,0
6309.21,267,2,1,0,1,1,1,0
230.73,52,7,1,0,3,0,1,0
352.37,218,8,1,1,1,0,1,0
844.05,116,3,1,0,3,1,1,0
7517.14,170,5,3,0,1,0,0,0
805.73,9,7,1,0,3,0,1,0
1062.17,397,4,1,0,2,0,1,0
4592.04,50,3,2,0,1,0,1,0
812.15,199,3,4,0,4,0,1,0
337.5,287,6,0,0,3,0,1,0
722.53,139,1,2,0,4,0,1,0
4319.05,74,6,0,0,1,0,1,0
1177.17,686,4,1,0,5,0,1,0
7560.24,58,5,4,0,0,0,1,0
2293.73,534,3,1,0,0,0,1,0
575.47,30,3,2,0,1,0,1,0
1154.1,88,6,1,1,3,0,1,0
467.21,26,6,1,0,0,0,1,0
562.04,1,5,0,0,1,0,1,0
96672.5,54,3,0,0,1,1,1,0
3037.0,16,4,0,0,0,0,1,0
2594.37,772,4,1,0,0,0,1,0
588.05,258,4,0,0,2,0,1,0
5268.94,1,5,0,1,2,0,1,1
3292.54,45,1,1,1,2,0,1,0
7198.45,199,5,0,0,2,0,1,0
6857.61,91,3,1,1,2,1,1,0
249.86,320,3,1,0,1,0,0,0
361.46,126,5,2,0,4,0,1,0
401.9,190,5,1,0,2,0,0,0
426.69,163,6,2,0,5,0,1,0
1515.43,182,9,1,0,2,0,1,0
622.16,47,7,2,0,2,0,1,0
8713.24,84,5,2,0,1,0,1,0
7366.37,9,6,1,0,1,0,1,0
1089.57,159,8,0,0,3,0,1,0
7749.06,110,8,2,0,1,0,1,0
4856.8,257,3,2,0,1,1,1,0
698.75,41,4,0,0,3,0,1,0
147.05,103,5,2,0,2,1,1,0
881.86,35,2,0,1,1,0,1,0
575.58,171,4,0,1,0,0,1,0
1348.17,339,3,3,0,3,0,1,0
1198.98,261,11,2,0,0,0,1,0
1167.96,519,1,1,0,3,0,1,0
1851.38,641,3,0,0,0,0,1,0
326.19,266,2,2,0,0,0,1,0
1654.68,60,5,1,1,1,0,1,0
706.54,44,8,1,0,3,1,1,0
1339.41,106,5,0,0,0,0,1,0
2856.66,917,5,2,1,3,0,0,0
322.34,95,6,0,0,4,0,0,1
827.75,39,6,2,0,1,0,1,0
974.05,519,3,0,0,4,0,1,0
655.72,87,4,0,0,1,0,0,0
2696.82,211,3,1,0,3,0,1,0
533.58,279,7,1,1,4,0,1,0
629.29,333,7,2,1,2,0,1,0
539.2,309,4,3,0,2,1,1,0
3268.4,325,8,0,0,2,1,1,0
670.19,198,3,0,0,3,0,1,0
1737.23,93,6,0,0,3,0,1,0
7908.59,198,3,1,1,3,0,1,0
1017.58,326,2,0,0,5,0,1,0
3334.44,77,6,3,1,1,0,1,1
5833.39,63,2,0,0,1,0,1,0
3063.13,75,7,2,1,5,0,1,0
1078.36,144,6,0,0,2,0,1,0
2084.13,9,4,1,1,0,1,1,0
302.66,271,4,1,0,1,0,0,0
502.68,26,6,3,0,2,0,0,0
599.04,25,6,1,0,6,1,1,0
10307.35,39,4,2,0,6,0,1,0
486.59,154,8,1,0,2,0,1,0
479.39,60,4,3,0,0,0,1,0
386.09,82,8,3,0,6,0,1,0
1919.48,482,3,3,1,3,0,1,0
1264.74,338,3,0,0,3,0,0,0
3251.13,344,3,2,0,4,0,0,0
2145.78,155,7,1,0,2,0,1,0
275.78,362,13,1,0,7,0,1,0
489.18,271,4,0,0,3,1,1,0
4295.52,551,4,1,0,3,0,1,0
894.89,11,4,1,0,2,1,1,0
3596.05,5,3,2,0,0,0,1,0
944.18,34,5,0,0,5,1,1,0
416.69,476,5,0,0,1,0,1,0
809.76,167,4,2,0,1,0,1,0
416.53,99,11,0,0,2,1,1,0
622.94,129,4,0,0,3,0,1,0
1340.67,318,8,1,1,4,0,1,0
1829.15,476,3,1,0,1,1,1,0
223.59,235,4,1,0,3,0,1,0
1077.75,256,3,0,0,4,0,1,0
609.95,69,3,0,0,1,0,1,0
573.4,113,5,0,0,3,0,1,0
1252.23,389,6,1,0,2,0,1,0
632.42,277,5,3,0,1,0,1,0
4368.34,207,10,0,0,1,0,1,0
3597.74,12,2,2,0,1,0,1,0
3575.39,7,5,3,0,2,0,1,0
668.54,25,2,1,0,5,0,1,0
418.85,156,9,3,1,0,0,1,0
1190.38,138,4,0,0,3,0,1,0
943.55,514,4,2,0,2,0,1,0
596.56,213,2,0,0,3,0,1,0
338.41,62,7,1,0,4,0,1,0
1052.04,31,6,2,0,1,0,1,0
732.11,340,3,0,1,1,0,1,0
2182.76,110,9,1,0,1,0,1,0
2132.62,190,7,1,0,1,0,1,0
3297.1,149,9,0,1,5,0,1,0
311.28,20,7,1,1,0,0,1,0
1637.72,10,1,0,0,0,0,1,0
529.82,85,7,0,0,2,0,1,0
323.63,80,2,1,0,0,0,1,0
714.37,201,4,1,1,0,0,1,1
3192.96,180,3,1,0,2,0,1,0
755.73,624,6,2,0,1,0,1,0
5247.23,351,4,1,0,2,0,1,0
1898.61,123,6,2,0,0,0,1,0
739.45,124,5,0,0,2,1,1,0
3498.36,201,2,0,1,1,1,1,0
1711.96,21,2,0,0,5,1,1,0
431.57,1641,8,0,0,3,0,1,0
7036.05,131,2,0,0,4,1,0,1
1421.52,433,9,0,1,4,0,1,0
1117.44,615,5,0,0,0,0,1,0
466.13,156,4,3,1,5,1,1,1
3567.21,19,7,0,0,3,0,1,0
1839.55,153,2,0,0,3,0,0,0
2057.48,163,2,0,0,4,0,1,0
660.15,280,7,2,0,1,0,1,0
2525.26,8,10,1,1,2,1,1,0
2729.34,113,5,0,0,2,0,1,0
561.84,460,5,1,0,2,0,1,0
265.87,853,4,1,1,4,0,1,0
1961.32,38,7,0,0,1,0,1,0
227.39,368,8,0,0,3,0,1,0
1276.68,28,6,1,0,2,0,1,0
701.17,331,5,3,1,1,0,1,0
3709.55,58,6,0,0,4,0,1,0
740.37,577,7,0,0,2,0,1,0
3318.52,214,3,0,0,2,0,1,0
655.76,91,2,3,0,2,0,1,0
2980.93,59,3,0,1,2,1,1,0
8607.09,48,4,1,0,2,1,1,0
376.89,205,4,0,0,2,0,1,0
1468.56,407,5,0,0,4,1,1,0
17133.35,253,5,0,1,2,0,1,0
1172.14,324,3,3,0,2,0,1,0
1166.53,273,6,1,0,3,0,1,0
2412.69,696,3,0,0,2,0,1,0
1142.62,255,3,1,0,1,0,1,0
198.89,42,6,2,1,4,0,1,0
3402.57,282,3,1,1,3,0,1,0
147.98,69,6,0,0,3,1,1,0
722.85,985,5,1,0,5,0,1,0
3668.09,85,7,0,0,2,0,1,0
767.74,62,2,0,0,0,0,1,0
548.02,49,5,2,0,3,0,1,0
2641.93,193,2,1,0,6,0,1,0
468.2,20,5,0,0,2,1,1,0
323.04,552,7,0,0,1,0,1,0
1443.05,62,4,0,0,1,0,1,0
913.31,63,4,0,0,2,0,0,0
316.18,8,4,2,0,0,0,1,0
2073.42,50,7,1,0,2,0,1,0
1744.96,97,8,3,0,2,0,1,1
765.28,83,8,0,0,4,0,1,0
819.48,57,5,1,0,1,0,1,0
1755.3,7,5,0,0,0,0,1,0
3606.03,64,9,0,0,3,0,1,0
826.51,271,4,0,0,2,0,1,0
2110.52,103,4,0,0,0,1,1,0
1929.86,61,4,1,0,2,0,1,0
2642.04,65,10,0,1,2,0,1,1
1140.6,145,3,1,0,1,0,1,0
440.4,64,4,1,1,2,0,1,0
690.56,179,4,2,0,1,0,1,0
1545.11,819,6,2,0,1,0,1,0
6757.88,7,0,2,0,0,0,0,0
675.86,33,3,2,1,1,0,0,0
2452.31,35,6,1,0,1,1,0,0
789.93,106,5,0,0,2,0,0,0
1224.72,7,3,1,0,8,0,1,0
4991.03,116,5,0,0,3,0,1,0
2354.99,475,3,0,0,1,1,1,0
316.94,2,1,2,0,3,0,1,0
618.64,81,2,0,0,3,0,1,0
3851.51,257,7,1,0,2,0,1,0
1263.8,30,5,0,0,3,1,0,0
347.64,14,5,1,0,2,0,0,0
483.5,179,10,2,0,1,0,1,0
2216.08,1,6,2,0,5,1,1,0
2964.34,291,3,0,0,3,0,1,0
1116.39,12,10,2,0,3,0,1,0
13033.96,133,4,2,0,3,0,1,0
2500.27,242,5,2,0,4,0,1,0
859.64,49,5,3,0,1,0,1,0
485.07,19,6,0,0,1,0,1,0
413.69,34,6,2,0,2,1,1,0
1533.67,347,2,0,0,0,0,1,0
672.65,220,5,2,1,5,0,0,0
5847.35,39,4,1,0,1,0,1,0
4751.96,226,7,0,0,0,0,0,0
2065.37,221,5,0,0,1,0,1,0
337.31,1095,2,0,0,0,0,1,0
559.91,89,5,3,1,3,0,1,0
3849.42,360,8,1,0,1,0,1,0
624.49,106,3,1,0,3,0,1,0
3368.23,410,2,1,1,2,0,1,0
1762.7,17,2,2,0,4,1,1,0
1154.84,34,6,2,0,2,0,1,0
543.03,341,7,0,0,1,0,1,0
998.0,307,4,4,0,0,0,1,1
1325.64,65,2,1,1,3,0,1,0
3079.55,163,5,1,0,0,0,1,0
452.26,86,8,2,1,2,0,1,0
843.18,1,3,0,0,4,1,1,0
1146.91,4,6,0,0,1,1,1,0
2127.45,10,6,1,0,0,0,1,0
442.1,162,7,0,1,5,0,1,0
293.96,58,4,0,1,2,0,1,0
2151.6,27,3,3,0,0,0,1,0
240.34,509,2,1,1,2,0,1,0
3963.88,23,6,2,1,0,1,1,1
938.3,201,1,0,0,0,0,1,0
233.33,404,0,1,1,2,0,1,0
678.29,32,6,1,1,5,0,1,0
1602.19,43,5,1,0,0,0,1,0
643.74,153,4,5,0,4,0,1,0
1118.82,127,8,0,0,3,0,1,0
2298.65,132,2,1,0,3,0,1,0
895.88,145,5,3,0,0,0,1,0
429.64,538,4,3,0,6,0,1,0
813.23,9,1,1,0,4,0,1,0
4513.55,257,8,1,0,0,1,1,0
5913.92,47,6,1,1,0,0,1,1
145.49,84,4,3,0,1,0,1,0
3265.04,16,4,3,0,2,0,1,0
1408.31,106,5,1,0,2,0,1,0
2762.75,293,5,0,0,1,0,1,0
632.39,18,7,1,1,1,1,1,0
187.12,58,6,2,0,0,0,1,0
1967.44,84,6,2,0,0,1,1,0
427.96,19,7,1,0,3,0,1,0
273.61,258,9,2,0,1,0,1,0
293.42,278,3,0,0,3,0,1,0
2000.02,325,10,0,0,3,0,1,0
1260.74,157,4,3,0,1,0,1,0
2398.18,127,2,0,1,1,0,1,0
2141.1,54,2,1,0,1,0,0,0
719.87,191,6,1,0,4,0,1,0
1022.01,105,5,0,0,3,0,1,0
657.58,635,5,3,0,2,0,1,0
888.62,620,5,0,0,2,0,1,0
416.86,424,4,2,0,3,0,0,0
1620.49,80,9,0,0,1,0,1,0
3213.52,82,7,0,0,1,0,1,0
484.63,344,5,2,1,1,0,1,0
3949.21,235,4,0,0,2,0,1,0
1228.47,219,3,1,0,2,1,1,0
1395.6,59,5,0,0,0,0,1,0
200.45,322,6,0,0,2,0,1,0
179.96,155,10,0,0,5,0,1,0
1266.63,106,3,1,0,6,0,1,0
2415.67,361,10,0,0,1,0,1,0
560.38,90,5,1,0,0,0,1,0
5826.05,190,2,3,0,4,1,1,0
2286.86,112,6,2,0,2,0,1,0
442.15,161,4,0,0,0,0,1,0
1130.99,7,6,2,1,3,0,1,0
13055.03,111,4,2,0,3,0,1,0
316.54,146,3,0,0,0,0,1,0
1859.89,122,5,1,1,2,0,1,0
794.14,338,5,1,0,2,0,1,0
2223.63,67,11,1,0,3,1,1,0
3894.32,387,3,2,0,3,0,1,0
745.28,92,5,0,1,2,1,1,1
3357.37,213,3,1,1,3,0,1,0
10109.22,16,9,1,0,1,1,1,0
1171.77,40,4,2,0,3,0,1,0
2404.0,257,4,0,0,4,0,1,0
607.63,2,6,1,0,6,1,1,0
1117.96,622,9,3,0,1,1,1,0
919.04,38,5,1,0,3,0,1,0
2433.14,416,3,0,0,4,0,0,0
3658.02,130,5,1,1,5,1,1,0
982.74,149,12,0,0,4,0,1,0
5082.83,15,10,1,0,0,0,1,0
5064.69,81,3,0,0,2,0,1,0
2557.67,30,12,1,0,1,0,1,0
654.57,134,2,0,0,3,1,1,0
594.77,144,2,0,0,4,0,1,0
486.69,222,4,1,1,0,0,1,0
2833.21,379,10,1,0,1,0,1,0
326.44,113,5,3,0,4,0,1,0
2157.79,47,4,2,0,1,0,0,0
372.0,73,6,0,0,3,0,1,0
2498.75,338,2,0,0,1,0,1,0
1115.68,28,4,1,1,3,0,1,0
4161.53,177,4,4,1,3,0,1,0
3433.91,2,5,1,0,0,0,1,0
4605.77,50,8,2,0,1,0,1,0
4725.93,161,2,0,0,1,0,1,0
1266.02,109,6,1,1,1,0,1,0
344.19,122,2,2,0,0,0,1,0
382.79,194,5,3,0,2,0,1,0
136.07,48,8,2,1,3,0,0,0
371.05,59,3,2,0,1,0,1,0
1174.77,207,6,0,0,2,0,1,0
626.62,139,2,2,0,2,0,1,0
915.86,2,9,2,0,3,1,1,1
1794.92,199,3,3,0,3,0,1,0
809.11,174,8,1,0,0,0,1,0
357.16,14,5,0,0,1,0,1,0
1039.78,247,6,2,1,2,0,1,0
446.53,132,7,0,0,3,1,0,1
836.49,41,4,1,0,3,0,1,0
4199.74,147,4,0,0,1,0,1,0
836.72,162,3,0,0,1,0,1,0
6444.34,454,3,0,1,1,1,1,1
4590.0,243,6,2,1,1,0,1,0
614.43,64,12,0,1,0,0,1,0
361.0,22,6,0,1,6,0,1,0
1040.49,345,6,0,0,1,0,1,0
3474.92,336,6,2,0,2,0,1,0
671.7,34,5,2,1,4,0,1,0
2719.19,11,3,2,0,1,0,1,0
3671.81,223,10,0,1,4,0,0,0
505.72,230,5,0,0,0,0,1,0
557.77,35,6,1,1,3,0,1,0
2236.49,198,6,0,1,2,1,1,1
1276.46,58,5,0,1,3,0,1,0
552.22,54,5,1,0,2,0,1,0
771.1,70,10,0,0,3,0,0,0
1021.96,132,4,0,0,1,0,1,0
229.33,293,0,1,0,0,0,1,0
2358.17,124,5,0,0,4,0,1,0
679.47,63,7,1,0,2,0,1,0
67.78,387,4,3,0,0,0,1,0
1070.77,10,6,0,0,2,0,0,0
522.4,287,5,1,0,2,1,1,0
5936.19,276,4,1,1,1,0,1,0
610.67,52,8,0,0,4,0,1,0
365.9,39,4,1,0,4,0,1,0
1822.44,373,5,1,0,2,0,1,0
566.54,147,3,2,1,4,0,1,0
502.98,8,6,1,1,1,0,1,0
1825.3,398,4,0,0,1,0,1,0
387.43,77,7,2,0,2,0,1,0
255.37,75,0,0,0,4,0,1,0
6161.02,185,3,1,0,1,0,1,0
1957.65,194,3,3,0,2,0,1,0
842.01,78,4,1,0,2,0,0,0
1092.83,27,4,3,0,1,0,1,0
1818.68,144,6,0,0,3,1,1,0
2902.53,176,3,1,0,2,0,1,0
514.93,354,2,1,1,3,0,1,0
1581.53,119,7,1,0,3,0,1,0
660.7,186,10,0,0,2,1,1,0
907.8,10,5,0,1,2,0,1,0
1287.8,404,7,0,0,0,0,1,0
1089.33,71,3,1,0,0,0,1,0
2288.31,180,5,0,0,0,0,1,0
1784.84,445,3,1,0,3,0,1,0
242.7,299,5,0,0,2,0,1,0
282.08,182,6,0,0,1,0,1,0
757.7,218,5,1,0,3,0,1,0
6826.9,456,3,0,0,0,0,1,0
467.97,300,3,0,1,3,0,1,0
890.49,169,2,1,1,3,0,1,0
641.4,193,5,0,0,3,1,0,1
630.15,28,8,1,0,1,0,1,0
1310.6,114,5,0,0,3,0,1,1
4450.52,64,2,0,0,1,0,1,0
1730.16,101,6,1,0,2,0,1,0
491.01,195,4,0,0,4,0,1,0
17209.72,29,4,2,0,1,0,1,0
1186.27,3,6,1,0,5,1,1,0
615.71,91,3,2,0,4,0,1,0
4501.19,69,5,1,0,0,0,1,0
686.04,98,9,1,0,0,0,1,0
5784.36,481,5,2,0,4,0,1,0
459.14,221,1,0,0,0,0,1,0
4582.64,71,3,1,1,3,1,1,0
1340.83,35,7,2,0,2,0,1,0
3988.03,173,2,0,1,7,0,1,0
7344.93,192,5,2,1,2,0,1,0
353.33,118,6,1,0,2,0,1,0
3927.55,43,7,2,0,2,0,1,0
268.03,5,8,0,0,4,0,1,0
384.84,55,6,1,0,6,0,1,0
491.07,109,4,1,0,1,0,1,0
1814.63,279,7,2,0,1,0,1,0
1133.44,346,2,1,0,0,0,1,0
927.84,95,5,1,0,0,0,1,0
1269.32,286,5,2,0,1,0,1,0
1980.87,902,5,0,0,2,0,1,0
2139.33,226,7,0,0,1,0,1,0
3275.31,234,5,1,0,4,1,1,0
6768.5,432,5,0,0,5,0,1,0
1073.45,74,5,1,0,3,0,1,0
651.26,2,4,2,1,0,0,0,0
2025.43,781,2,1,0,3,0,1,0
349.24,121,4,1,0,3,0,1,0
556.29,277,6,1,1,2,1,1,0
2979.11,301,6,0,0,3,1,1,0
968.62,91,1,1,1,2,1,1,0
327.6,140,3,0,0,1,0,1,0
247.2,139,3,0,0,4,1,1,0
1151.38,44,6,3,0,6,0,1,0
3435.43,22,7,0,1,2,0,1,0
3389.87,141,3,2,0,4,0,0,0
1225.23,23,4,0,0,1,0,1,0
8175.6,76,3,2,0,2,0,1,0
987.5,37,5,0,1,0,0,1,0
954.73,220,6,2,1,2,0,1,0
84.15,370,8,1,0,2,1,0,0
701.09,155,7,0,0,2,1,0,0
2570.91,95,8,2,0,4,0,1,0
5239.4,1025,4,2,1,1,0,1,1
478.07,3,7,0,0,1,1,1,1
1741.07,65,4,1,0,2,0,1,0
3124.03,58,5,2,1,3,0,1,0
1108.99,79,1,1,0,2,0,1,0
111.8,47,6,1,1,2,1,1,0
1404.29,55,2,1,0,1,0,1,0
2348.26,53,2,0,0,0,1,1,0
425.21,126,5,0,0,2,0,1,0
850.52,89,1,1,0,2,0,1,0
345.33,183,3,1,0,1,0,1,0
83.92,130,7,0,0,1,0,1,0
3062.55,36,5,1,0,1,1,0,0
1092.53,298,6,0,0,2,0,1,0
5419.05,115,5,2,0,2,0,1,0
2584.59,29,3,2,0,3,0,1,0
769.54,32,5,0,0,3,0,0,0
1009.11,286,7,1,0,1,0,1,0
1931.74,218,5,0,0,3,0,1,0
2883.86,127,5,0,1,2,0,0,0
1514.24,65,5,1,0,2,0,1,0
3312.95,111,2,1,0,1,0,1,0
815.12,182,7,1,0,1,1,1,0
404.58,380,7,2,0,7,0,1,0
1027.82,146,8,1,0,2,1,1,0
1346.39,58,10,1,0,0,0,0,0
329.79,7,5,1,0,1,0,1,0
288.09,34,7,1,0,1,0,1,0
1715.37,189,5,0,1,3,0,0,0
730.44,31,8,0,0,2,1,1,0
929.05,118,7,0,0,0,0,1,0
765.33,216,5,2,0,2,0,1,0
5017.07,66,3,0,0,1,0,1,0
3872.91,199,3,1,0,1,0,0,0
318.19,156,5,1,0,3,0,1,0
643.68,104,6,1,0,3,0,1,0
2565.75,409,7,0,0,4,1,1,0
2002.07,212,6,1,0,3,0,1,0
1052.1,80,6,0,0,1,0,1,0
351.57,293,9,2,1,3,0,1,0
554.16,241,6,1,0,2,0,1,0
654.08,282,4,1,0,2,1,1,0
1446.63,184,3,1,0,1,0,1,0
6025.33,85,4,0,0,3,0,1,0
551.76,77,4,0,0,2,0,0,0
393.06,191,6,0,0,2,0,1,0
983.79,25,6,0,0,1,0,1,0
3077.09,308,6,4,0,3,0,1,0
258.04,83,3,0,1,0,0,1,0
4692.09,179,7,1,0,0,0,1,0
923.31,124,6,0,0,3,0,1,0
526.2,131,4,2,0,2,1,1,0
221.36,241,7,2,0,3,0,1,0
2222.8,177,7,0,0,0,0,1,0
924.11,51,2,1,0,2,0,1,0
1300.76,13,4,2,0,1,0,1,0
445.5,330,3,1,0,2,1,0,0
797.04,389,6,1,0,0,0,0,0
674.13,32,1,0,0,2,1,1,0
991.69,66,7,2,0,1,1,1,0
561.41,59,7,3,0,4,0,0,0
236.47,498,6,2,0,3,0,1,0
16789.35,41,4,1,0,3,0,1,0
280.51,32,4,0,0,1,0,1,0
1314.83,36,4,2,0,2,0,1,0
186.41,235,5,1,0,5,0,1,0
148.85,394,3,3,0,0,0,1,0
1209.34,89,4,0,0,2,1,1,0
1305.53,26,6,2,0,4,1,1,0
3871.89,158,2,0,1,3,0,1,0
1635.24,42,7,1,0,2,0,1,0
944.06,11,6,1,0,3,0,1,0
424.28,391,5,0,0,2,0,0,0
4909.92,368,2,1,0,1,0,0,0
2776.24,670,4,2,0,1,0,1,0
315.35,115,7,2,0,1,0,1,0
1139.07,62,5,1,0,2,0,1,0
1266.55,264,4,0,0,2,0,1,0
776.15,35,4,0,0,0,0,1,0
2372.86,50,5,1,0,2,0,1,0
2519.29,53,3,1,0,2,0,0,0
906.43,545,7,0,0,3,0,1,0
828.1,235,8,0,0,1,0,1,0
4909.65,25,4,2,0,2,0,1,0
2787.33,17,4,2,0,2,0,1,0
1178.93,333,3,2,0,1,0,1,0
215.03,291,9,2,0,3,1,1,0
1546.89,200,7,1,0,1,1,1,0
2204.12,39,2,0,0,4,1,1,0
69.79,117,2,0,1,3,0,1,0
1410.74,166,8,0,0,2,0,1,0
722.93,484,8,0,0,1,0,1,0
879.32,33,3,0,0,1,0,1,0
442.58,130,5,1,1,1,0,1,0
945.59,30,13,1,0,2,0,1,0
4411.59,105,9,2,0,3,0,1,0
701.77,40,3,3,0,3,0,0,1
2880.08,325,4,1,0,3,1,1,0
489.64,52,6,3,0,2,0,1,0
2341.99,97,6,0,0,1,0,1,0
1098.45,94,8,0,1,2,0,1,0
1559.35,362,3,0,0,1,0,1,0
1104.51,255,6,1,0,2,0,1,0
2083.13,10,3,1,0,4,1,1,0
84.13,12,6,0,0,3,0,1,0
265.12,144,7,2,0,1,0,1,0
1664.17,100,4,0,0,3,0,1,0
142.09,58,8,2,0,1,0,1,0
645.11,283,4,0,0,1,0,1,0
1038.63,24,2,1,1,4,0,1,0
479.08,657,6,3,1,0,1,1,1
549.19,4,2,0,0,0,0,1,0
1438.83,22,1,2,0,1,0,0,0
3008.8,67,2,0,0,5,0,1,0
420.54,128,6,0,0,4,0,1,0
617.04,43,6,1,0,2,0,0,0
527.81,239,4,1,0,2,0,1,0
97.38,79,5,1,0,1,0,1,0
1263.59,7,5,1,0,4,0,1,0
2792.57,378,4,1,0,3,0,1,0
3030.99,518,7,0,1,1,0,1,0
459.08,173,9,1,0,1,0,0,0
313.66,295,2,0,0,4,0,0,0
1120.58,23,5,0,0,3,1,1,0
2513.1,56,4,3,0,3,0,0,0
1280.3,70,12,1,0,3,0,1,0
1464.55,582,4,2,1,1,0,1,0
3435.2,129,7,1,0,2,0,1,0
523.67,1,4,0,0,6,0,1,0
880.1,86,6,0,0,1,0,1,0
5622.92,1,10,0,1,1,1,1,1
900.71,48,4,2,0,1,1,1,0
308.79,109,1,2,0,3,0,1,0
561.52,70,3,0,0,1,0,1,0
429.16,5,8,2,0,3,0,1,0
1567.38,22,1,1,1,3,0,1,1
447.67,144,3,1,0,3,0,1,0
1438.04,214,4,4,0,2,0,1,0
525.28,93,4,2,0,1,0,1,0
131.19,236,6,0,1,1,1,1,0
1490.13,32,5,1,0,2,0,1,0
1272.15,23,5,3,0,1,1,1,0
1840.44,329,5,1,0,1,0,1,0
559.48,74,10,0,1,2,0,1,0
502.93,101,7,2,1,3,0,1,0
1638.39,530,7,0,0,1,0,1,0
5009.14,99,5,1,0,2,0,1,0
1108.95,1,8,0,0,1,0,1,0
1676.7,500,3,0,0,0,0,1,0
795.06,2,5,0,1,3,0,1,0
234.25,195,7,1,1,3,0,1,0
2885.43,70,3,0,0,3,1,1,0
2720.07,114,3,0,0,3,0,1,0
2232.27,142,6,1,0,2,1,1,0
914.2,94,3,1,0,1,0,1,0
1992.32,267,4,1,0,1,1,1,0
2680.51,480,7,2,0,0,0,1,0
5542.27,16,6,1,0,2,0,0,0
2946.95,289,6,6,1,1,0,1,0
1168.9,24,3,2,0,1,1,1,0
296.41,15,4,1,0,2,0,1,0
1281.34,561,3,0,0,3,0,1,0
1417.4,120,5,0,0,5,0,1,0
2228.38,29,3,0,0,3,0,1,0
4246.68,151,6,0,0,2,0,1,0
997.1,54,3,2,0,3,0,1,0
8964.14,112,12,0,0,0,1,1,0
188.8,176,4,1,0,3,0,0,0
1667.94,366,6,2,1,1,1,1,1
493.48,1,5,1,1,2,0,1,1
162.84,43,4,2,0,0,0,1,0
896.26,18,7,0,0,0,0,1,0
255.4,18,5,2,0,2,0,1,0
933.16,524,2,1,0,2,1,1,0
1135.43,495,4,2,0,2,1,1,0
3356.12,249,4,1,0,2,0,1,0
242.84,185,7,4,1,3,0,1,0
2720.16,339,4,1,1,2,0,1,0
1209.64,10,6,0,0,3,0,1,1
3068.21,22,7,1,0,2,1,1,0
712.12,68,7,2,0,1,0,1,0
289.38,321,4,0,1,1,0,1,0
324.57,115,7,0,0,0,0,1,0
301.33,126,8,1,0,0,0,1,0
1768.37,46,8,2,0,3,0,0,0
4802.64,188,1,0,0,1,0,1,0
623.31,393,6,1,1,2,0,1,0
2057.27,71,10,1,0,3,0,1,0
239.02,173,5,1,0,4,0,1,0
1313.33,72,4,0,0,4,0,1,0
2140.0,283,1,1,0,1,0,1,0
257.72,115,4,0,0,2,0,1,0
894.37,74,4,0,0,1,0,1,0
2243.78,98,7,2,1,1,0,1,0
58.34,17,11,0,1,3,0,1,0
4169.09,361,7,1,0,1,0,1,0
1561.93,570,3,0,0,0,0,1,0
2245.6,116,7,2,1,2,1,1,0
725.8,45,4,1,0,3,0,1,0
195.84,196,8,0,0,0,0,1,0
1870.69,108,7,0,0,5,0,1,0
1009.7,52,6,1,0,0,0,1,0
1132.42,7,7,1,0,1,1,0,0
3253.89,396,5,0,1,4,0,1,0
2349.75,286,5,0,0,3,1,1,0
7489.35,317,5,3,1,4,0,1,0
1279.03,104,7,0,0,4,0,1,0
549.38,251,1,1,1,2,0,1,0
908.31,156,4,0,1,2,0,1,0
1661.81,84,11,0,1,1,0,1,0
3028.6,332,5,1,1,1,0,1,0
252.89,1204,7,1,0,4,1,1,0
1106.04,413,4,0,1,0,1,1,1
5483.73,269,4,1,0,2,0,1,0
862.46,247,1,2,0,0,0,1,0
2782.24,189,7,1,0,3,0,0,0
1795.64,345,2,1,1,5,0,0,0
2852.24,122,1,0,0,2,0,1,0
487.96,36,0,0,0,2,0,1,0
490.09,263,2,2,0,2,0,1,0
1119.09,453,3,1,0,2,0,1,0
236.93,75,4,1,0,5,1,1,0
837.36,275,3,0,0,3,0,1,0
1412.16,57,9,0,0,1,0,1,0
6533.09,514,8,1,0,6,0,1,0
1640.44,207,4,0,1,3,1,1,0
2049.25,151,3,0,0,3,0,1,0
3513.88,272,4,0,0,2,0,1,0
417.94,302,5,1,0,0,0,1,0
929.75,401,6,0,0,2,0,1,0
12399.51,416,7,1,0,2,0,1,0
1013.21,9,4,0,0,6,0,1,0
3349.05,23,8,1,1,1,0,1,0
2874.8,314,3,0,1,3,0,1,0
250.11,525,1,0,1,2,0,1,0
1495.89,66,3,0,0,5,0,1,0
1269.97,1,4,1,0,1,0,1,0
1525.32,70,3,2,1,3,0,1,0
515.89,86,3,3,0,1,0,1,0
358.91,257,3,0,0,1,1,1,0
681.29,8,7,1,0,2,0,1,0
994.47,43,1,0,1,0,0,1,0
3586.69,403,4,2,0,2,0,1,0
6750.09,30,4,2,0,2,0,1,0
4431.96,256,8,0,0,2,0,1,0
2592.0,80,4,3,0,2,1,1,1
401.68,195,2,1,0,2,0,1,0
728.58,13,6,3,0,0,0,1,0
1352.79,60,6,2,1,2,0,1,0
582.64,99,7,2,1,2,1,1,0
1953.16,350,6,3,0,5,1,1,0
2254.06,149,7,2,0,5,0,1,0
1874.86,8,1,0,1,1,0,1,0
3056.83,291,12,2,0,3,0,1,0
443.82,10,3,0,0,1,0,1,0
2787.3,490,11,0,0,3,0,1,0
546.95,42,3,1,0,0,0,1,0
427.97,120,5,1,0,1,0,1,0
1867.05,13,3,0,0,2,1,1,0
3699.21,148,4,1,0,2,0,1,0
1786.5,123,6,2,0,1,1,1,0
1119.69,95,6,2,1,3,0,0,0
1495.41,6,3,1,0,4,0,1,0
1256.93,380,4,2,1,2,0,1,0
355.69,292,9,3,0,1,0,1,0
316.52,180,7,0,0,4,0,1,0
1013.51,152,7,0,1,2,0,1,1
1187.8,213,10,1,0,2,1,0,0
1109.13,27,7,1,0,1,0,1,0
2156.2,485,6,2,0,4,0,1,0
884.06,60,2,1,0,1,0,1,0
1925.57,192,7,1,0,3,0,1,0
949.0,167,5,2,0,2,0,1,0
6791.04,182,4,0,0,0,0,1,0
1188.82,380,8,1,1,1,1,1,0
11392.64,63,3,0,0,1,0,0,0
1559.33,248,2,1,0,0,0,1,0
885.65,164,6,2,0,3,0,1,0
446.1,14,4,1,0,3,0,1,0
259.07,96,5,0,0,4,1,0,0
406.9,327,3,0,0,4,0,1,0
455.04,68,7,0,1,3,0,0,0
1627.53,118,13,1,0,2,0,1,0
647.96,120,7,0,0,2,0,1,0
1322.03,173,6,0,0,2,0,1,0
3952.01,387,4,2,1,0,0,1,0
1004.45,34,6,0,0,4,0,1,0
8770.57,126,4,2,0,2,0,1,0
338.39,99,6,1,0,0,0,0,0
943.33,63,7,3,0,0,0,1,0
639.5,453,6,0,1,1,0,1,0
2797.57,1,5,1,0,1,1,0,0
116.77,23,6,0,1,4,0,1,0
259.01,237,7,0,0,1,1,1,0
985.01,55,4,0,0,1,0,1,0
5173.88,231,3,0,0,3,0,1,0
1374.5,321,6,1,0,3,0,1,0
283.85,52,10,3,0,4,1,1,0
331.24,38,2,0,0,2,0,0,0
5842.94,28,4,2,0,8,0,1,0
589.26,40,6,3,0,4,1,1,0
427.11,55,1,1,1,2,0,1,0
4804.81,365,1,0,0,1,0,1,0
3014.22,264,5,1,0,2,0,1,0
3920.83,1,1,1,0,1,0,1,1
424.1,373,7,2,0,4,1,1,0
238.63,14,9,2,0,0,0,1,0
1252.84,191,4,2,0,1,0,1,0
1533.22,29,3,2,0,2,0,1,0
1579.09,11,5,1,0,1,0,0,0
4808.71,256,3,2,0,3,0,1,0
193.68,113,1,1,0,0,0,1,0
2590.73,164,10,1,0,7,0,0,1
366.27,99,2,3,0,2,0,1,0
2580.49,12,5,0,0,1,0,1,0
682.01,242,3,1,0,0,1,1,0
485.91,309,4,0,1,1,0,1,0
595.91,7,3,1,0,2,0,1,0
258.37,84,6,0,1,0,1,1,1
1141.88,146,8,1,0,3,0,1,0
506.4,167,8,1,0,1,0,1,0
2407.39,155,4,1,0,2,0,1,0
2079.86,212,3,1,0,2,0,0,0
5932.24,613,4,2,0,0,0,1,0
1581.81,89,3,2,0,1,0,1,0
1845.82,146,8,1,0,1,0,1,0
4447.51,216,4,1,0,0,0,1,0
585.42,161,3,1,0,4,0,1,0
247.58,88,7,0,0,0,0,1,0
1339.56,176,10,1,1,2,0,1,0
264.37,189,4,0,0,2,0,1,0
12758.32,158,4,0,1,0,0,1,0
4700.85,41,11,2,0,1,1,1,0
9546.94,126,4,1,1,2,1,1,0
1167.3,388,7,0,0,1,0,1,0
1901.83,365,10,0,0,2,0,1,0
692.65,250,4,0,0,1,0,1,0
2651.62,215,4,0,0,3,0,1,0
325.21,29,7,1,0,4,1,1,0
86.22,110,5,0,0,2,0,1,0
497.35,21,2,0,0,2,0,1,0
255.83,305,6,1,0,0,0,1,0
4807.47,61,3,3,0,1,0,1,0
6739.07,262,4,1,1,1,0,1,0
269.64,303,5,0,0,4,0,1,0
3990.67,401,6,0,0,0,0,1,0
2839.5,252,3,1,1,1,0,1,0
228.2,149,4,0,0,2,0,0,0
742.28,164,7,2,0,3,1,1,0
613.9,69,5,1,0,0,0,1,0
2316.92,35,2,1,0,1,0,1,0
320.93,25,1,1,0,1,0,1,0
993.39,36,7,1,1,2,0,1,0
552.29,489,4,2,0,1,0,1,0
1760.48,32,3,2,0,0,0,1,0
882.9,231,9,1,0,0,0,1,0
642.11,36,10,1,0,3,0,1,0
885.99,666,5,0,0,4,0,0,0
8400.47,82,10,1,0,4,1,1,0
722.78,95,4,0,0,1,0,1,0
387.22,93,5,1,0,2,0,1,0
1965.37,305,6,1,0,1,0,1,0
950.01,44,7,0,0,2,0,1,0
266.34,320,5,0,0,3,1,1,0
10213.81,192,7,0,0,1,0,1,0
770.87,44,2,1,0,1,0,1,0
751.54,12,5,1,1,1,1,1,0
1286.7,268,3,0,0,5,0,1,0
6186.45,44,5,0,1,1,0,1,0
204.44,395,4,3,0,2,1,1,0
1445.18,25,3,0,1,4,0,1,0
8842.03,172,5,2,0,4,1,1,1
1247.29,212,5,1,0,3,0,1,0
318.83,192,5,2,1,4,0,0,1
590.87,68,7,0,0,2,1,1,0
1348.68,375,6,0,0,3,0,1,0
4149.75,264,2,0,1,2,0,1,0
781.07,128,3,1,0,6,1,1,0
2506.52,166,7,2,0,0,0,1,0
261.03,150,6,1,1,2,0,1,0
258.86,527,5,2,0,0,0,1,0
676.68,408,1,0,0,1,0,1,0
4619.44,48,3,0,0,3,1,1,0
1174.83,54,3,0,0,1,0,1,0
1465.29,717,4,0,0,2,0,1,0
1448.2,48,7,0,1,3,0,1,0
3324.94,552,7,0,1,0,0,1,0
595.73,188,4,2,0,4,0,1,0
2182.63,9,10,1,0,1,0,1,0
477.76,73,5,1,0,1,0,1,0
7968.67,116,6,3,0,2,0,0,1
492.56,322,7,0,0,1,0,1,0
453.78,71,6,0,1,1,0,1,0
1900.12,66,2,1,0,1,0,1,0
1187.72,455,5,1,0,1,0,1,0
1520.59,14,5,1,1,2,0,1,0
1376.52,144,3,1,0,1,1,1,0
368.56,126,2,3,0,2,0,1,1
5504.71,10,9,0,0,3,0,1,0
2679.92,16,11,1,0,3,0,1,0
4268.21,86,6,0,0,3,0,1,0
646.56,25,5,1,1,6,0,1,0
1663.24,117,7,2,0,0,0,1,0
1335.91,168,8,3,0,2,0,1,0
3388.03,211,5,2,0,4,0,1,0
3499.05,142,3,2,0,2,0,1,0
1330.16,85,2,1,0,1,0,1,0
240.34,25,4,1,0,1,0,1,0
6500.68,51,7,1,0,2,0,1,0
1912.16,97,5,2,0,1,0,1,0
596.79,464,8,0,1,2,0,1,0
1646.72,40,5,1,0,3,0,1,0
241.99,95,9,3,0,4,0,1,0
3150.62,237,4,2,0,4,1,1,0
251.84,219,3,0,1,2,0,1,0
879.33,606,6,1,0,3,0,1,0
1400.32,38,4,1,0,0,0,1,0
3099.02,2,3,2,0,1,0,1,0
1219.93,70,4,4,1,3,0,1,0
2069.29,29,5,1,0,3,0,1,0
1066.18,143,5,1,1,2,0,1,0
1061.9,412,4,0,0,0,0,1,0
1194.49,209,8,0,1,1,0,1,0
907.73,26,7,0,0,4,0,0,0
203.05,22,10,2,0,2,1,1,0
508.61,436,5,0,0,1,0,1,0
1400.77,120,6,1,1,2,0,1,0
854.81,463,3,1,0,2,0,1,0
938.41,239,4,1,0,1,0,1,0
793.65,902,3,1,0,0,1,1,0
462.39,368,4,2,0,1,0,1,0
669.75,96,7,0,0,3,0,1,0
806.87,255,4,0,1,5,0,1,0
1102.29,114,6,0,0,0,0,1,0
1625.19,47,5,1,0,1,0,1,0
915.48,49,8,2,1,4,0,1,0
391.64,91,5,0,1,3,0,1,0
270.95,21,4,2,0,1,0,1,0
14726.99,35,2,1,0,2,0,1,0
354.31,124,3,2,0,1,0,1,0
652.87,553,6,3,0,2,0,1,0
1839.04,155,6,0,0,0,0,1,0
1573.19,94,10,2,0,4,1,1,0
1846.16,50,10,0,0,3,1,1,0
704.36,39,7,1,0,0,0,1,0
1392.09,193,6,1,0,2,0,1,0
1166.01,339,3,2,0,2,1,1,0
802.61,91,3,0,0,2,1,1,0
1401.66,143,6,1,0,0,0,1,0
3150.65,220,5,0,0,5,0,1,0
1072.56,10,4,2,0,0,0,1,0
1079.72,77,6,2,0,3,0,1,0
3191.23,235,5,0,0,2,0,1,0
2867.97,207,6,1,0,2,0,1,0
5345.1,9,7,1,0,1,1,1,0
189.38,48,4,3,0,4,0,1,0
2711.13,205,4,0,0,2,1,1,0
2001.36,56,3,1,0,0,0,1,0
452.3,303,6,2,1,4,0,1,0
1410.34,5,3,2,0,4,0,1,0
3137.31,38,2,1,0,1,0,1,0
478.59,59,3,3,0,2,0,1,0
1707.12,466,3,1,0,2,0,1,0
2621.11,286,3,0,0,5,0,1,0
375.77,387,6,2,0,1,0,1,0
951.19,104,13,1,0,1,1,1,0
1481.73,311,5,0,0,7,0,1,0
494.66,345,7,1,1,5,0,1,0
455.25,91,6,1,0,0,0,1,0
958.1,935,2,3,0,4,0,1,0
2444.61,342,9,1,1,3,0,1,0
2087.52,657,5,1,0,1,0,1,0
463.4,362,2,1,0,0,0,1,0
2105.2,269,5,0,0,2,0,1,0
475.35,518,8,1,0,3,0,0,0
219.17,97,4,3,0,2,0,1,0
759.65,275,5,0,0,5,0,1,0
3371.02,43,2,2,0,5,0,0,0
2113.2,237,3,0,0,1,0,1,0
1094.91,276,7,2,0,4,0,0,0
722.92,226,5,0,0,0,0,1,0
742.66,341,4,0,0,1,0,1,0
1222.66,95,3,0,1,0,0,1,0
376.74,141,5,2,1,5,0,1,0
774.25,1,6,2,0,5,0,1,0
883.98,28,8,2,0,4,0,1,0
283.99,186,6,1,1,0,1,1,0
474.16,148,8,1,0,4,0,1,0
1653.26,39,6,0,0,3,0,0,0
1107.11,50,4,3,1,2,0,1,1
805.32,75,6,1,0,2,0,1,0
440.79,226,3,0,0,2,0,1,0
5307.36,169,3,0,0,1,0,1,0
474.39,12,6,1,0,2,0,1,0
1410.35,256,6,1,0,3,0,1,0
673.26,54,4,0,0,1,1,0,0
1137.15,200,6,2,0,0,0,1,0
1733.0,23,6,1,0,0,0,1,0
278.59,1111,4,1,1,2,1,1,0
1089.4,15,6,2,1,3,0,1,0
3607.35,243,6,0,0,4,0,1,0
6383.69,140,4,0,0,1,0,1,0
962.94,16,3,2,0,4,0,1,0
1143.31,4,7,3,0,1,0,1,1
10009.93,81,2,1,0,2,1,1,0
3411.56,291,3,1,0,2,0,1,0
591.53,7,4,0,0,2,0,1,0
590.53,219,4,1,0,2,0,1,0
2854.21,191,4,1,0,3,1,1,0
399.0,55,6,1,0,3,1,1,0
3254.28,14,7,1,0,1,0,1,0
1531.95,444,5,0,1,5,0,1,0
1840.37,64,4,0,0,2,0,1,0
848.33,21,4,2,0,2,0,1,0
584.16,205,4,1,0,3,0,1,0
4731.48,43,9,1,1,1,0,1,0
856.85,116,7,0,0,4,0,1,0
727.1,9,5,1,1,2,0,1,0
1012.18,892,3,1,1,3,0,1,0
1330.12,106,4,0,0,4,0,1,0
391.18,1264,7,2,0,1,0,1,0
623.36,87,7,1,1,3,0,1,0
591.09,76,6,1,0,1,0,0,0
2553.65,442,6,0,0,3,0,1,0
452.16,71,6,0,0,3,0,1,0
189.47,101,5,0,0,2,0,1,0
153.38,14,5,0,0,0,0,1,0
252.05,560,3,0,0,1,0,0,0
4279.27,16,2,1,0,3,0,1,0
1114.55,265,5,2,0,1,0,0,0
1810.3,139,9,1,0,2,0,1,0
1875.23,11,5,2,0,0,0,1,0
1160.01,1,8,3,0,3,0,1,1
1017.62,493,10,1,0,1,0,1,0
3116.69,243,6,2,0,1,1,1,0
1269.01,208,8,2,0,3,1,1,0
4443.05,103,8,1,0,4,0,1,0
2040.25,49,6,1,1,4,0,1,0
591.23,205,8,0,0,0,1,1,0
667.05,168,8,0,0,1,0,1,0
529.82,233,3,1,0,1,1,1,0
3705.41,81,4,0,0,4,0,1,0
731.39,780,5,1,0,3,0,1,0
493.5,12,5,0,0,0,0,1,0
1509.87,14,6,1,0,2,0,1,0
995.09,447,7,1,1,4,0,1,0
1472.28,187,6,2,0,1,0,1,0
7257.67,71,5,1,0,5,0,1,0
2732.77,258,4,0,0,1,1,1,0
1126.66,108,4,0,0,1,0,1,0
268.16,3,2,2,0,2,0,1,0
665.17,189,2,2,0,1,0,1,0
2232.88,50,4,2,0,3,1,1,0
340.0,22,4,0,0,2,0,1,0
9329.81,45,3,3,0,2,0,1,1
1112.56,116,5,1,0,2,0,1,0
1151.53,9,2,0,0,2,0,1,0
563.04,386,5,0,0,0,0,1,0
1802.15,147,6,1,0,1,0,1,0
344.47,62,3,2,0,4,0,1,0
9555.69,209,7,2,1,1,1,1,0
4094.3,293,5,2,0,5,0,1,0
2934.51,171,4,1,0,3,0,1,0
273.03,40,3,2,1,2,0,1,0
1346.7,21,2,3,0,2,0,1,1
3674.18,353,3,2,0,4,0,1,0
1984.47,48,3,2,0,1,0,1,0
402.58,3,6,1,0,3,0,1,0
572.44,185,6,0,0,1,0,1,0
697.89,29,5,0,0,1,0,1,0
599.78,847,6,0,1,2,1,1,0
5058.27,366,6,0,0,2,0,1,0
160.61,168,6,1,0,1,0,1,0
2113.12,323,9,0,1,1,1,1,1
301.18,114,3,1,0,0,1,1,0
419.37,279,8,0,0,1,0,1,0
146.98,187,4,2,0,3,0,1,0
633.3,5,4,0,0,1,0,1,0
4967.8,534,3,0,0,3,1,1,0
1429.13,355,5,1,0,2,0,1,0
330.84,551,8,0,0,1,0,1,0
3032.52,236,6,1,0,3,0,1,0
3756.73,95,5,0,1,2,0,1,0
1216.88,41,7,3,1,1,1,1,0
8389.61,35,3,0,0,3,0,1,0
2493.8,28,8,0,0,1,1,1,0
2170.37,44,4,0,1,3,0,1,0
491.09,143,4,1,0,1,1,1,0
2053.7,207,2,3,0,0,0,1,0
1362.11,67,8,3,0,4,0,1,0
1844.25,143,7,0,0,3,0,1,0
553.03,75,1,1,0,2,0,1,0
1246.5,214,3,1,0,3,0,1,0
484.51,803,8,1,0,3,0,1,0
128.11,210,5,1,1,3,0,1,0
2975.91,10,5,1,1,3,0,1,0
244.11,116,5,1,0,1,0,1,0
1220.71,264,5,1,0,4,0,1,0
1529.97,140,7,1,1,2,0,1,0
1520.15,543,2,0,0,2,0,1,0
826.27,10,2,2,0,0,0,1,0
1438.29,61,7,0,1,0,0,1,0
1756.3,44,9,0,0,2,0,1,0
2286.93,262,9,1,1,0,0,1,0
6207.05,133,10,1,1,0,0,1,1
1386.02,26,1,2,0,2,0,1,0
1169.17,60,10,3,1,1,0,1,1
442.87,133,3,0,1,3,0,1,0
1695.86,999,5,1,1,1,0,1,0
2137.48,81,6,2,1,3,0,1,0
904.78,30,7,0,0,2,0,1,0
1890.53,123,8,3,0,1,0,1,0
818.51,66,3,0,0,2,0,1,0
2145.21,150,8,3,1,1,1,1,1
2731.49,113,4,0,0,3,1,1,0
2693.58,210,8,4,0,1,0,1,0
1233.79,442,6,0,0,4,0,1,0
387.62,40,5,0,1,0,0,1,0
594.72,309,3,2,0,4,0,1,0
1988.54,536,3,4,1,3,0,1,0
12693.08,84,6,0,0,1,1,0,0
779.99,21,7,1,1,1,0,1,0
1729.93,310,6,0,1,1,0,1,0
628.88,217,4,1,0,2,0,1,0
414.07,43,2,0,1,1,0,1,0
557.62,106,3,0,0,3,0,1,0
136.66,155,4,2,0,1,0,1,0
4244.74,33,5,2,0,2,0,1,0
117.9,225,2,1,0,3,0,1,0
842.33,210,8,0,0,1,0,1,0
337.6,392,5,3,0,5,0,1,0
452.88,150,2,2,0,2,0,1,0
4343.88,153,6,0,0,1,0,1,0
1340.86,173,5,3,0,3,0,1,0
417.63,57,4,1,0,0,0,1,1
608.19,255,5,0,0,2,0,1,0
510.06,195,0,1,0,3,0,1,0
1049.9,328,9,1,1,0,0,1,0
1303.61,263,3,0,0,3,0,1,0
7299.6,183,5,0,1,3,0,1,0
161.37,31,1,1,0,2,0,1,0
1059.11,452,5,0,1,5,0,1,0
799.86,82,2,0,1,1,0,1,0
2825.8,599,5,1,0,3,0,1,0
1563.71,92,4,1,0,2,1,1,0
1979.03,28,5,0,0,2,0,1,0
1548.57,389,10,1,0,2,0,1,0
431.82,285,3,0,0,1,0,1,0
3682.2,277,7,0,1,1,0,1,0
2436.96,16,5,0,0,2,1,1,0
2739.5,380,1,1,0,1,0,1,0
3881.78,163,5,2,0,6,0,1,0
1665.16,114,9,2,0,1,0,1,0
4822.23,439,7,0,0,3,0,1,0
1599.81,197,5,3,0,3,0,1,0
880.9,25,6,0,0,4,0,1,0
1089.41,131,1,1,0,4,0,1,0
1070.79,182,3,3,0,0,1,1,0
652.37,411,9,0,1,4,0,1,0
5607.66,59,6,2,1,1,0,0,0
1474.83,284,2,0,1,1,0,1,0
1205.61,289,5,1,0,3,0,1,0
1616.91,24,3,2,1,2,0,1,0
21587.17,3,3,1,0,2,0,1,0
353.64,156,3,0,0,0,0,1,0
471.05,280,8,1,1,1,0,1,0
275.73,145,4,0,0,3,0,1,0
869.05,302,5,0,0,2,0,1,0
1401.81,175,4,1,0,1,1,1,0
688.61,190,2,2,0,2,0,1,0
639.24,5,8,0,0,0,0,0,0
1264.47,16,4,1,0,1,0,1,0
663.74,232,3,1,0,2,0,1,0
1495.44,259,4,0,0,4,1,1,0
3341.7,140,9,1,0,3,0,0,0
2158.2,160,2,0,0,3,0,1,0
2646.55,171,2,3,0,1,0,1,0
3248.4,19,3,1,1,1,0,0,0
1455.1,198,8,1,0,3,0,0,0
935.76,117,1,0,1,2,0,1,0
506.61,166,4,0,0,1,0,1,0
741.61,149,6,1,0,0,0,1,0
649.57,259,6,0,1,1,1,1,0
2279.41,69,5,0,0,0,0,1,0
1551.2,84,7,2,0,0,1,0,0
2201.2,89,6,1,1,1,0,1,0
343.66,258,6,1,0,2,0,1,0
4590.52,101,2,2,0,1,0,1,0
715.53,35,4,1,0,2,0,1,0
365.03,733,5,1,0,1,0,1,0
706.82,122,6,1,0,2,0,1,0
13144.6,20,6,3,0,1,0,0,0
744.18,199,5,0,0,3,0,1,0
792.27,241,3,2,0,1,1,1,0
904.96,124,2,0,0,0,0,1,0
945.18,187,4,0,1,3,0,1,0
501.96,34,9,4,1,2,0,1,0
1265.49,82,4,3,0,1,0,1,0
3215.04,31,5,2,0,4,0,1,0
1501.6,88,5,2,0,2,0,0,0
360.98,148,5,1,0,2,0,1,0
777.17,105,11,0,0,4,0,1,0
631.74,161,3,3,0,1,0,1,0
1156.25,125,3,2,0,1,0,1,0
4148.29,68,7,0,0,2,0,1,0
944.94,27,5,1,0,1,0,1,0
1004.1,52,7,0,0,0,0,1,0
6487.58,40,6,0,0,2,0,1,0
2633.86,221,2,0,0,1,0,1,0
1947.07,308,5,0,1,4,0,1,0
7770.82,229,6,0,0,2,0,1,0
1789.71,185,9,0,0,0,0,1,0
150.43,66,8,1,0,3,0,1,0
2521.64,223,10,0,0,0,0,1,0
223.18,167,8,0,0,1,0,1,0
1723.32,8,7,1,0,1,0,1,0
197.6,428,4,2,0,2,0,1,0
687.56,14,7,0,1,1,0,1,0
762.2,125,7,0,0,1,0,1,0
507.7,129,5,2,1,1,1,1,0
773.67,326,8,0,0,2,0,1,0
3079.62,439,5,0,0,1,0,1,0
537.03,505,7,6,0,2,0,1,0
1891.53,151,7,5,1,2,1,1,1
417.53,204,8,1,0,2,0,1,0
907.32,16,4,2,0,1,0,1,0
1516.01,120,6,1,0,3,0,1,0
404.83,410,7,0,0,2,1,0,0
295.38,109,5,2,1,0,0,1,0
1793.42,12,5,1,0,3,0,1,0
3371.39,40,5,0,1,4,0,1,0
1013.27,101,3,1,0,2,1,0,0
694.15,48,5,2,1,3,0,1,0
1281.36,89,4,0,0,1,0,1,0
1159.19,72,6,0,0,3,0,1,0
1398.15,69,5,4,0,4,0,1,0
87.51,17,2,3,0,0,1,1,0
376.49,385,4,1,0,1,0,1,0
470.96,212,6,0,0,1,0,1,0
1275.21,175,0,0,0,3,0,1,0
1320.65,167,2,1,0,3,0,1,0
2071.82,90,5,1,0,1,1,1,0
1418.82,312,4,0,0,2,0,1,0
298.65,478,4,1,1,4,0,0,0
4661.09,1,6,1,0,2,0,1,0
3912.45,14,7,1,0,2,0,1,0
311.63,202,7,1,0,1,1,1,0
1529.51,48,4,0,0,2,0,1,0
604.61,436,4,1,0,5,0,1,0
1260.0,198,5,1,0,2,0,1,0
3144.19,82,4,1,0,1,0,1,0
9228.98,96,9,3,0,1,0,1,0
2324.54,211,3,2,0,1,0,1,0
1472.82,27,12,1,0,2,0,1,0
780.69,386,6,0,0,4,0,1,0
1315.71,1,4,1,1,4,0,1,0
4271.72,694,3,2,0,3,0,1,0
1048.68,33,5,0,0,0,0,1,0
452.09,243,4,1,0,5,0,1,0
217.09,7,4,1,0,2,0,1,0
1831.79,101,4,1,0,4,0,1,0
1404.29,179,8,0,0,2,0,1,0
574.84,13,2,3,1,1,0,0,0
3059.52,105,4,1,1,3,0,1,0
719.26,65,1,3,0,3,0,1,1
958.49,124,5,2,0,3,0,1,0
1078.51,126,6,1,0,2,0,1,0
772.05,276,4,1,0,5,0,1,0
1388.34,23,4,0,0,1,0,1,0
3468.63,15,1,1,0,1,1,1,0
349.85,92,4,1,0,0,0,1,0
1787.41,393,4,0,0,4,0,1,0
1302.65,347,6,2,1,1,0,1,0
1278.91,147,5,1,0,2,0,1,0
2622.4,395,8,1,0,2,0,0,0
1152.05,294,9,2,0,1,1,1,0
1772.65,58,4,0,0,4,0,0,0
2243.66,33,4,1,1,0,0,0,0
662.24,64,5,3,0,1,0,1,0
1479.09,46,5,0,0,0,0,1,0
853.39,175,9,0,0,1,0,0,0
960.37,158,2,0,0,0,1,0,0
794.68,164,4,2,0,2,0,1,0
1756.5,37,5,1,0,4,0,1,0
1189.92,282,3,0,0,4,0,1,0
1627.08,102,5,1,0,1,0,1,0
1077.59,115,4,1,0,1,0,1,0
220.5,1043,6,0,0,1,0,1,0
1131.58,59,7,0,0,3,0,1,0
1168.57,90,6,2,0,1,0,1,0
1397.72,203,6,2,1,1,0,1,0
605.63,382,2,1,1,1,0,1,0
331.8,24,5,0,0,1,0,1,0
2047.97,239,2,3,1,1,0,1,0
834.13,450,5,1,0,2,0,1,1
1301.46,98,4,0,0,1,0,1,0
827.61,60,7,0,0,5,0,1,0
1090.01,203,8,0,0,2,0,1,0
699.74,50,8,0,0,1,0,1,0
416.51,87,6,0,0,2,0,0,0
1761.17,408,3,1,0,1,0,1,0
599.97,160,9,1,0,1,0,1,0
1292.01,17,8,1,1,4,0,1,0
1653.19,72,5,1,0,2,0,1,0
609.83,177,7,1,0,2,0,1,0
329.02,118,1,0,0,1,0,1,0
12407.86,194,2,2,0,4,1,1,0
646.92,257,7,1,1,0,0,1,0
2045.54,117,4,2,0,1,1,1,0
7627.1,781,6,2,0,3,1,1,0
2416.09,443,7,0,0,2,0,1,0
812.05,11,3,1,1,0,0,1,0
1025.45,55,7,0,0,2,0,1,0
476.94,64,0,1,0,2,1,0,1
2648.36,36,4,0,0,3,1,0,0
1931.92,67,7,0,0,2,0,1,0
655.62,99,9,2,1,2,0,1,0
386.77,9,10,2,0,0,0,1,0
292.59,24,6,1,0,3,0,0,0
2941.03,18,7,1,0,3,0,1,0
1236.91,8,4,0,0,1,0,1,0
1359.65,118,11,1,0,1,0,0,0
481.57,73,7,1,0,3,0,1,0
253.79,493,3,2,0,2,0,1,0
2871.57,19,5,0,0,2,0,0,0
1143.72,468,5,0,0,3,0,1,0
2716.87,16,5,1,0,2,0,1,0
745.51,173,3,0,0,2,0,1,0
865.39,51,6,0,0,1,0,1,0
2237.91,315,5,3,0,0,0,1,0
2280.95,11,9,0,0,1,1,1,0
2434.67,548,2,1,0,1,0,1,0
816.31,8,3,0,0,2,1,1,0
2027.48,49,0,2,0,1,0,1,0
3324.58,112,1,2,0,2,0,1,1
987.55,253,2,3,0,2,1,1,0
656.23,543,5,1,1,3,0,1,0
4199.61,100,9,0,0,1,0,0,0
569.95,254,4,0,0,2,0,1,0
2057.97,233,4,2,0,1,0,0,0
1034.4,152,5,0,0,0,0,1,0
173.89,211,7,0,1,0,0,1,0
3390.03,6,2,1,0,4,0,1,0
69.56,104,6,1,0,3,0,1,0
150.79,277,4,0,1,2,0,1,0
1858.14,115,7,0,1,2,0,1,0
1857.66,372,6,2,1,1,0,1,0
579.65,322,8,1,1,0,0,1,0
1271.33,358,6,0,0,1,0,1,0
87.23,25,3,1,1,4,0,1,0
2223.81,50,6,2,0,3,0,1,0
1407.72,5,3,1,0,2,0,1,0
1047.7,731,5,1,0,3,0,1,0
1119.73,48,5,1,0,1,0,1,0
1795.89,82,5,0,0,2,0,0,0
1065.39,57,5,0,0,3,0,1,0
168.33,7,8,0,0,2,0,1,0
9860.9,54,2,0,0,1,0,1,0
3643.87,18,7,1,0,0,0,1,0
303.4,90,8,1,0,1,0,1,0
776.55,613,6,0,0,2,0,1,0
866.07,215,4,2,0,3,1,1,0
3225.52,220,6,1,0,5,0,1,0
126.56,108,5,0,0,1,0,1,0
665.8,300,3,1,0,1,1,1,0
188.55,430,6,1,0,1,1,0,0
824.61,586,5,0,1,4,0,1,0
683.69,18,9,0,0,4,0,1,0
1187.61,381,6,0,1,2,1,1,0
598.92,45,5,0,0,2,0,1,0
517.48,91,6,2,1,1,0,1,0
2037.86,76,8,1,1,1,0,1,0
1727.92,202,4,2,1,3,1,0,0
1903.4,164,4,1,0,3,0,0,0
918.83,20,2,2,0,0,1,1,0
619.1,274,2,0,0,4,0,1,0
973.74,104,5,0,0,0,0,1,0
1810.14,1,4,1,1,2,0,1,0
124.36,96,6,0,0,0,0,1,0
1626.38,130,3,0,0,4,0,0,0
1493.89,12,2,1,0,2,0,1,0
1166.95,29,9,1,0,0,0,1,0
944.53,908,3,2,1,3,0,0,0
84.26,368,9,1,1,0,0,1,0
706.38,25,3,0,0,2,1,1,0
6564.55,156,2,1,1,0,0,1,0
1110.87,85,3,0,0,4,0,1,0
806.51,141,3,0,0,0,0,1,0
1115.33,114,7,1,0,2,0,1,0
1563.64,8,5,0,0,4,0,1,0
2119.26,68,4,0,0,0,0,1,0
872.29,24,5,1,1,5,0,1,0
1677.26,120,4,0,0,5,0,1,0
5864.37,428,3,0,0,1,0,1,0
2999.65,973,4,1,0,5,0,1,0
11387.83,519,4,1,0,3,0,1,0
568.63,764,8,2,1,2,0,1,0
5861.67,2,5,0,0,7,0,1,0
497.37,235,6,0,0,3,0,1,0
1561.76,57,8,1,1,0,0,0,0
2281.24,361,1,0,0,5,1,1,0
658.01,302,6,2,0,4,0,0,0
1197.47,99,8,0,1,0,0,1,1
2725.65,115,7,1,0,2,0,1,0
539.01,55,1,0,1,1,0,1,0
5821.91,61,4,2,0,2,0,1,0
274.62,715,5,2,0,2,0,0,0
7628.84,395,3,1,0,6,0,1,0
2984.91,38,4,1,0,2,0,1,0
1002.52,58,8,2,1,1,0,1,0
733.14,20,3,0,1,2,0,1,0
660.48,809,6,0,0,0,1,1,0
957.38,427,6,1,0,2,1,1,0
1044.72,144,8,0,0,0,0,1,0
3847.68,212,5,0,0,5,0,1,0
7853.03,248,4,0,0,1,0,1,0
1338.6,41,6,1,0,7,0,1,0
470.77,491,7,3,0,3,0,1,0
635.41,134,5,3,0,0,0,1,0
913.16,17,6,4,0,2,1,1,0
391.46,91,5,1,0,1,0,1,0
337.33,165,2,1,0,5,0,1,0
8929.6,78,1,0,0,1,0,1,0
1484.17,216,3,0,0,3,0,1,0
476.69,384,6,0,0,1,0,1,0
2481.46,266,8,4,0,3,0,1,0
337.53,185,10,1,0,1,0,1,0
366.5,129,4,0,1,1,0,1,0
491.25,52,5,1,1,3,0,1,0
5735.98,109,8,1,0,0,0,1,0
851.6,62,2,2,0,4,0,1,0
95.42,489,4,2,0,2,0,0,0
3677.78,428,7,2,0,3,0,1,0
807.24,30,6,2,0,0,1,1,0
172.53,311,10,0,1,2,0,1,0
798.96,218,6,2,0,4,0,1,0
1846.42,665,4,2,1,4,0,1,1
1642.62,112,3,0,1,4,0,1,0
6623.74,230,3,1,0,3,0,1,0
467.42,131,4,0,0,3,0,1,0
1149.08,12,5,0,0,2,0,1,0
544.81,8,6,0,0,2,0,1,0
234.58,23,5,0,1,4,0,1,0
2658.53,63,7,2,1,2,0,1,0
1742.84,53,5,1,0,3,0,1,0
1456.34,234,2,2,0,1,0,1,1
1680.41,226,8,0,0,4,0,1,0
552.54,639,3,1,0,3,0,1,0
401.14,66,4,1,0,4,0,1,0
1138.71,501,8,1,0,3,0,1,0
3502.43,170,7,2,0,1,0,1,0
5475.71,123,7,1,0,1,0,1,0
2429.48,198,8,1,0,1,0,1,0
1129.1,218,7,0,1,2,1,1,0
1436.24,33,3,1,1,3,0,1,0
1109.42,250,0,2,1,0,0,1,0
393.1,232,6,1,0,3,0,1,0
1124.0,1080,3,1,0,3,0,1,0
288.64,437,2,3,1,0,0,1,0
968.67,207,7,1,0,3,0,1,0
5631.35,224,7,0,0,5,0,1,0
2497.03,525,3,1,0,3,0,1,0
435.67,614,3,2,0,1,0,1,0
1020.01,315,8,0,0,1,0,1,0
476.1,262,6,0,0,2,0,1,0
1030.18,21,1,2,0,0,0,1,0
3106.05,319,2,3,0,3,1,1,0
2106.97,52,5,0,1,2,0,1,0
13149.57,149,4,0,0,2,0,1,0
3613.66,93,2,3,1,2,0,1,0
1344.8,76,8,1,1,3,0,0,0
2158.46,66,6,0,0,3,0,1,0
895.66,348,8,0,1,1,1,1,0
355.13,263,6,0,0,1,0,1,0
4047.18,133,8,1,1,4,0,1,1
3007.88,196,8,1,0,4,0,1,0
861.73,750,6,2,0,3,1,1,0
1442.22,91,8,0,0,3,1,1,0
3793.1,144,2,2,1,2,0,1,0
2556.39,137,1,0,0,2,0,1,0
253.89,494,4,2,0,3,0,1,0
1399.15,77,3,0,0,3,1,1,0
927.38,771,2,0,0,2,0,1,0
3337.58,65,8,0,0,2,0,1,0
3074.95,20,6,0,0,1,0,1,0
4099.45,38,4,0,0,2,0,1,0
358.56,99,6,2,0,4,0,1,0
500.64,188,4,1,1,2,0,0,0
3341.19,130,4,1,0,3,0,1,0
606.89,84,7,0,0,1,0,1,0
239.5,148,11,2,1,3,0,1,1
1867.95,328,5,1,0,0,0,1,0
634.46,328,5,1,0,1,0,1,0
6566.86,233,8,1,0,3,0,0,0
1474.66,548,6,4,0,0,0,0,0
1287.24,160,4,0,0,7,0,1,0
758.06,1,6,1,0,1,0,1,0
5382.11,61,8,1,0,1,0,1,0
1569.57,71,5,2,0,1,0,1,0
728.87,142,3,0,0,2,0,1,0
495.67,423,8,0,0,2,0,1,0
1018.95,327,3,2,1,2,0,1,0
412.55,47,4,1,0,3,0,1,0
3068.3,131,4,0,0,6,0,1,0
179.77,193,4,1,0,4,0,1,0
953.83,788,10,1,0,2,1,1,0
2018.55,5,6,0,0,5,1,1,0
1543.98,112,6,2,0,4,1,1,0
535.24,797,6,0,0,4,0,1,0
2122.31,680,2,0,0,3,0,1,0
452.13,72,3,0,0,1,0,0,0
1072.36,1,5,0,0,1,0,1,0
2104.52,159,3,0,0,2,0,1,0
1742.22,363,8,0,0,1,0,1,0
558.34,70,5,2,0,4,0,1,0
3631.84,489,4,0,0,1,0,0,0
1195.95,72,9,0,0,4,0,1,0
2305.37,169,5,1,0,0,1,1,0
5059.89,230,5,2,0,2,0,1,0
3352.7,76,1,0,1,3,0,1,0
3361.46,78,7,1,0,3,0,1,0
1329.66,114,8,0,0,1,0,1,0
2425.84,324,6,0,0,2,0,0,0
1357.77,19,4,1,0,2,0,1,0
327.23,179,6,2,0,4,0,1,0
1484.37,203,2,2,0,1,1,1,0
1417.09,146,3,2,0,3,1,1,0
1965.95,494,5,1,0,2,0,1,0
964.88,165,8,0,0,3,0,1,0
512.11,181,4,3,1,1,0,1,1
2114.36,164,4,0,1,1,0,1,0
294.93,230,2,4,0,2,0,1,1
4716.49,26,2,3,0,6,0,1,0
870.08,404,6,1,1,1,0,1,1
1401.82,7,5,1,0,3,0,0,0
1917.08,184,7,0,0,1,0,1,0
1979.68,172,6,0,0,0,0,1,0
268.01,42,4,1,0,1,0,1,0
2500.1,7,8,0,0,2,1,1,0
1484.98,26,8,0,0,2,0,1,0
580.99,57,3,1,0,1,0,1,0
518.19,384,4,3,0,0,1,1,0
785.21,348,3,3,0,1,0,1,0
299.24,11,1,0,0,1,0,1,0
6138.08,61,5,0,0,5,0,1,0
4847.17,396,6,2,0,4,1,1,0
1722.79,48,4,2,0,2,0,0,0
877.08,992,4,2,0,4,0,1,0
900.45,53,3,1,0,2,0,1,0
2340.37,241,5,1,1,0,0,1,0
6360.28,97,5,1,0,3,0,1,0
619.93,26,4,4,0,1,0,0,0
358.67,53,5,1,0,3,0,1,0
5154.58,202,4,1,0,1,0,1,0
183.62,73,5,1,0,2,0,1,0
400.0,166,6,2,0,1,0,1,0
856.75,41,7,1,0,1,0,1,0
230.34,107,4,0,0,1,0,0,0
3334.74,129,3,0,1,2,0,1,0
2583.51,95,8,0,1,1,0,1,0
617.21,39,6,0,1,2,0,0,0
3942.67,111,9,3,0,1,0,1,0
4671.77,212,6,1,1,2,0,1,0
979.29,602,7,0,0,6,0,1,0
698.78,280,7,1,0,2,0,1,0
10504.95,31,3,0,0,0,0,1,0
2255.58,57,6,0,0,3,0,1,0
1417.04,14,6,2,0,3,0,1,0
4287.87,26,5,3,1,1,0,1,0
1483.16,51,6,2,1,0,0,1,0
661.41,40,4,2,0,3,1,1,0
1188.16,43,11,2,0,1,0,1,0
3098.44,47,4,0,0,2,0,1,0
149.58,64,5,0,0,2,0,1,0
822.19,24,5,3,0,1,0,1,0
4372.36,58,4,2,0,1,0,1,0
657.29,209,7,0,0,2,0,1,0
5146.69,48,8,1,0,0,0,1,0
4513.12,33,6,2,1,4,0,1,0
1027.08,12,3,0,0,3,0,1,0
621.08,124,3,0,0,2,0,1,0
822.74,332,8,0,0,2,0,1,0
15750.3,10,3,0,0,0,0,1,0
7146.83,140,2,1,1,1,0,1,0
1243.13,189,8,0,0,2,0,0,0
596.96,161,5,2,0,1,0,1,0
1232.8,378,6,2,0,3,0,1,0
1399.44,362,5,3,0,1,0,1,0
316.28,10,8,2,0,2,0,0,0
1188.02,80,9,3,1,3,1,1,1
4115.04,200,5,1,0,2,0,1,0
181.39,548,7,0,0,0,1,1,0
2506.35,293,5,0,0,2,0,1,0
4336.39,34,3,2,0,1,0,1,0
626.06,58,4,0,0,1,0,1,0
5968.05,259,6,0,1,3,0,0,0
549.86,114,6,1,0,3,0,1,0
1704.59,142,5,1,0,2,0,1,0
806.92,169,10,0,0,2,0,1,0
806.74,19,9,1,0,2,0,1,0
591.52,348,6,2,0,2,0,1,0
2205.2,357,6,2,0,2,0,1,0
2562.67,113,5,1,0,2,0,1,0
1028.21,177,5,1,0,3,0,1,0
281.47,194,2,1,0,4,0,1,0
1641.18,37,3,0,0,3,0,0,0
1672.4,21,3,1,0,2,0,1,0
882.96,3,10,3,0,2,0,1,0
7095.61,439,6,3,1,0,0,1,0
229.54,76,5,1,0,6,0,0,0
119.43,16,3,0,1,1,1,0,1
528.04,112,2,1,0,3,0,1,0
2231.49,14,5,0,0,2,0,1,0
381.52,16,5,1,0,2,0,1,0
411.18,120,5,2,1,2,0,1,0
2838.47,127,14,2,0,4,0,1,0
1741.58,156,6,1,0,3,0,1,0
1598.88,192,6,1,0,1,1,1,0
2395.7,198,10,2,0,2,0,0,0
716.81,102,9,0,0,1,0,1,0
750.71,185,3,0,0,0,1,1,0
2464.59,65,6,1,1,5,0,1,0
285.75,104,6,0,0,4,0,1,0
128.67,89,5,0,0,4,0,0,0
711.03,71,8,1,0,5,0,1,0
2781.86,49,5,0,0,1,0,1,0
1415.96,14,9,1,0,1,0,1,0
2584.51,126,7,0,0,1,0,0,0
146.01,138,5,1,0,2,0,1,0
1503.42,73,6,0,0,6,0,1,0
2108.78,670,0,0,1,3,0,0,0
284.06,146,2,1,0,3,0,1,0
2596.86,395,8,2,0,4,0,1,0
980.91,151,8,0,0,3,1,1,0
23655.16,37,7,1,0,1,1,1,0
124.31,661,6,3,0,0,0,1,0
4311.82,389,5,1,0,4,0,1,0
739.4,114,4,1,1,1,0,1,0
217.64,50,5,1,0,2,0,1,0
647.45,45,7,1,1,4,1,1,0
1447.34,295,7,0,1,2,0,1,0
3094.76,12,2,1,0,1,0,1,0
6136.22,182,7,1,0,1,0,0,0
4545.5,183,5,2,0,3,1,1,0
417.64,36,4,2,0,5,1,1,0
3395.36,219,8,1,0,4,1,1,0
1621.79,219,3,1,0,1,0,1,0
569.86,77,9,2,1,1,0,1,0
887.22,118,6,0,0,1,0,1,0
539.24,321,3,1,1,3,0,1,0
1138.07,133,11,1,0,1,0,0,0
528.66,173,8,0,0,1,0,1,0
392.29,95,5,0,0,2,0,1,0
1770.68,29,5,2,0,0,0,1,0
2056.44,1124,5,1,0,1,0,0,1
909.05,136,3,1,1,1,0,1,0
4305.51,73,4,0,0,4,0,1,0
845.2,225,3,0,0,3,1,1,0
810.15,174,6,0,1,4,0,1,0
2122.8,47,7,0,0,0,0,1,0
960.62,377,3,0,1,1,0,1,0
1193.68,13,6,0,0,2,0,1,0
88.2,167,6,0,0,0,0,1,0
1115.11,116,5,0,0,4,0,1,0
176.41,68,4,0,0,2,0,1,0
323.45,315,5,0,0,4,0,1,0
288.49,192,6,3,0,2,0,1,0
386.61,256,9,2,0,4,0,1,0
633.43,96,6,1,0,1,0,0,0
674.19,513,4,1,0,0,0,1,0
2130.85,76,3,2,0,1,0,1,0
1369.76,136,4,2,0,2,0,1,0
163.85,488,3,0,1,1,0,1,0
1191.89,15,5,0,1,6,1,1,0
1507.57,20,3,1,1,2,1,1,0
789.53,926,5,0,0,0,1,1,0
1031.86,639,2,3,0,0,0,1,0
1326.51,265,6,2,0,2,0,1,0
2355.72,119,6,1,1,2,0,1,0
227.04,126,6,3,0,3,1,1,0
858.93,53,4,1,0,2,0,1,0
4955.91,102,6,2,0,3,0,1,0
4521.78,101,2,0,1,2,0,1,0
2568.14,6,9,2,0,1,0,0,0
1875.86,108,4,1,1,4,1,1,0
5736.67,117,2,1,0,3,0,1,0
7464.01,197,8,3,0,3,0,1,0
963.83,130,5,0,1,3,1,1,0
415.95,356,6,0,0,0,0,1,0
836.9,82,5,1,0,3,0,0,0
24262.7,94,7,2,0,2,0,1,0
228.3,152,4,3,1,4,0,1,0
685.03,40,2,2,0,2,0,1,0
267.02,90,3,0,1,6,0,1,0
1242.35,208,5,0,0,3,0,1,0
329.41,95,4,2,0,0,1,1,0
983.63,426,4,0,1,1,0,1,1
156.01,171,4,2,0,3,0,1,0
2033.72,30,3,1,1,1,0,0,0
3723.22,120,10,0,0,3,1,1,0
746.99,260,7,0,0,5,0,1,0
958.02,185,4,0,0,3,0,1,0
931.31,389,3,0,0,3,0,1,0
1314.1,249,4,0,0,0,1,1,0
1055.56,11,5,1,0,1,0,1,0
2364.02,21,4,0,0,0,0,1,0
3763.25,188,5,0,1,0,1,1,0
485.86,49,8,2,1,2,0,0,1
804.86,159,5,3,0,1,0,0,0
2701.65,282,3,0,0,2,0,0,0
264.63,154,2,0,1,1,1,1,0
152.82,96,5,1,0,3,0,1,0
1375.15,187,0,2,0,1,0,1,0
1801.45,27,7,2,0,0,1,1,0
532.56,231,2,0,0,1,0,1,0
614.83,214,1,3,0,1,0,1,0
512.76,130,2,0,0,2,0,1,0
460.85,58,9,0,0,3,0,1,0
2194.03,287,6,4,0,3,0,0,0
336.8,128,5,1,0,1,0,1,0
840.9,10,6,3,0,3,0,1,0
443.48,451,2,2,0,1,0,1,0
255.88,262,4,1,0,2,0,0,0
2618.03,158,5,0,0,1,0,1,0
652.08,103,3,2,0,2,0,1,0
1324.04,578,6,2,0,2,0,1,0
242.72,268,4,1,0,2,0,1,0
522.21,137,6,1,0,2,1,1,0
2335.75,190,10,1,0,1,0,1,0
14578.04,59,8,0,0,1,0,1,0
151.99,39,4,2,0,0,0,0,0
896.85,57,10,2,0,2,1,1,0
1656.2,62,1,2,1,1,0,1,0
592.23,242,5,0,0,1,0,1,0
2564.51,27,1,2,0,1,0,1,0
460.94,270,6,1,0,1,1,1,0
1279.02,133,5,2,1,4,0,1,0
650.62,87,2,0,0,3,0,1,0
3712.39,64,5,0,0,0,1,1,0
557.6,129,2,0,0,5,0,1,0
771.34,68,2,0,0,6,0,1,0
2823.38,101,4,1,0,2,0,1,0
392.27,241,5,1,1,2,1,1,0
1174.68,177,4,1,0,1,0,1,0
177.23,248,5,4,0,6,0,1,0
369.47,224,5,0,0,2,1,0,0
1607.01,303,3,0,0,3,0,1,0
407.2,40,6,1,0,1,0,1,0
636.15,958,3,0,1,0,0,1,0
1795.59,116,8,0,0,2,0,1,0
614.5,228,2,0,1,0,0,1,0
2496.99,203,9,0,0,0,0,1,0
1360.58,150,5,1,1,3,0,1,0
1695.42,985,6,1,0,5,0,1,0
3793.2,44,5,3,1,1,0,0,1
1509.94,98,4,1,0,3,0,1,0
5109.45,24,4,0,0,4,0,1,0
2727.83,36,4,0,0,2,0,1,0
649.72,224,6,0,0,1,0,1,0
3996.4,1,4,3,0,3,0,1,0
1427.77,397,6,0,0,1,0,1,0
739.02,180,6,2,1,3,1,1,0
1448.65,104,5,0,0,3,0,1,0
3335.33,72,7,0,1,3,0,1,0
1728.56,24,3,1,1,2,0,1,0
6784.48,458,3,1,0,3,0,1,0
3250.39,224,6,1,0,2,0,1,0
1850.41,73,6,3,0,0,0,1,0
393.05,13,2,0,0,1,0,1,0
916.23,70,7,0,0,1,0,1,0
1178.11,36,7,0,0,0,0,1,0
2200.92,277,3,1,0,5,0,1,0
2074.2,228,3,2,1,1,0,1,0
1299.25,124,4,0,0,2,0,1,0
1236.88,390,6,1,0,0,0,1,0
2253.99,35,3,1,0,2,0,1,0
464.71,108,3,0,0,1,1,1,0
5976.05,223,6,1,0,1,0,1,0
141.58,12,5,2,0,1,0,1,0
4700.43,83,4,0,0,4,0,1,0
1048.18,152,3,2,0,2,0,1,0
2988.66,82,7,0,1,2,0,1,0
1577.88,117,8,0,0,0,0,1,0
1550.04,168,2,1,1,2,0,1,0
1908.85,82,6,0,0,0,1,1,0
2462.8,20,7,0,0,3,0,1,0
789.32,27,6,2,0,4,0,0,0
3086.52,134,8,1,0,3,0,1,0
370.75,34,4,0,0,1,0,1,0
1090.8,397,8,1,0,4,0,0,0
2529.99,323,8,0,1,3,0,1,0
2966.14,77,4,1,1,6,0,1,0
1738.52,320,7,2,0,2,0,1,0
739.97,137,6,1,0,2,1,1,0
2688.42,31,2,1,1,2,0,1,0
561.51,171,1,1,0,4,0,1,0
6319.59,204,0,0,0,2,0,1,0
1007.6,15,8,1,0,1,0,1,0
235.19,67,8,2,0,1,0,1,0
332.06,1,5,0,1,3,0,1,1
1145.55,68,4,1,0,3,0,1,0
1261.21,73,6,3,0,3,0,1,0
7860.9,179,5,1,0,2,0,1,0
388.19,39,3,0,0,4,0,1,0
1140.77,5,5,0,1,2,0,1,0
380.15,68,4,0,0,2,0,1,0
670.05,314,3,1,0,2,0,1,0
5907.46,91,3,1,0,3,0,1,0
352.01,96,5,1,0,2,0,1,0
1972.47,113,5,0,0,0,0,1,0
1624.42,250,4,1,0,0,0,1,0
1070.44,117,4,0,1,4,1,1,0
1843.53,17,8,4,0,1,0,1,0
343.77,41,3,1,0,2,0,1,0
5746.36,37,5,3,0,5,0,1,0
7516.42,127,7,4,1,0,0,1,1
1149.53,5,4,0,0,1,1,1,0
12370.95,60,8,2,0,2,1,1,0
735.81,168,2,0,0,0,0,1,0
1636.69,78,5,1,0,1,0,1,0
4591.16,221,5,2,1,2,0,1,0
692.98,89,2,0,1,4,1,0,1
275.46,697,3,0,0,0,0,1,0
218.83,605,6,1,0,2,1,1,0
8611.27,289,4,0,0,0,0,1,0
646.11,555,4,0,0,1,1,1,0
910.75,41,6,2,1,5,0,1,0
360.41,250,4,0,0,5,1,1,0
2830.87,69,11,0,1,2,0,1,0
501.92,232,5,1,0,1,0,1,0
670.98,84,6,0,0,1,1,0,0
1479.59,61,4,1,0,1,0,1,0
378.4,574,4,0,0,3,0,1,0
917.28,42,6,0,1,1,1,1,0
4456.9,255,7,1,0,2,0,1,0
1682.87,202,6,1,0,1,0,1,0
1249.55,65,1,1,0,1,0,1,0
1359.49,110,3,0,0,3,0,1,0
743.13,27,3,2,0,1,0,0,0
8071.97,457,5,0,0,0,0,1,0
486.79,620,2,1,0,1,0,0,0
1354.15,237,8,0,0,2,0,1,0
1230.32,340,9,2,0,2,0,0,0
3007.19,15,4,2,0,3,0,0,0
3304.94,87,8,0,1,4,0,0,1
1062.08,72,5,0,0,1,0,1,0
1466.55,149,7,1,0,1,0,0,0
1523.15,36,2,0,0,2,0,1,0
113.05,149,6,2,0,3,0,1,0
223.86,191,5,0,1,2,0,0,1
598.81,25,8,0,0,2,1,0,0
625.41,25,6,1,0,1,0,1,0
330.54,6,7,1,0,2,0,0,0
2320.6,257,6,4,0,3,0,1,0
1098.96,72,8,1,0,3,0,1,0
884.75,45,5,0,0,3,0,1,0
312.26,270,4,0,0,1,0,1,0
1048.86,27,5,0,0,1,0,1,0
79.31,100,5,0,0,1,0,1,0
931.73,245,6,0,0,4,1,1,0
1168.16,153,3,1,1,3,0,1,0
1396.77,145,7,2,0,0,0,1,0
229.5,30,3,0,0,3,1,0,0
1373.09,35,5,2,0,0,0,0,0
387.06,157,6,1,0,4,0,1,0
486.64,4,6,1,0,0,0,1,0
2248.3,366,5,1,0,4,1,1,0
8218.26,77,1,1,0,2,0,1,0
1154.43,97,7,0,0,1,0,1,0
484.4,53,4,0,0,3,0,1,0
1324.34,376,4,2,0,2,0,1,0
2804.64,185,3,2,0,4,0,1,0
2040.6,107,7,0,0,1,0,1,0
17036.49,158,3,0,1,2,0,1,0
536.28,86,9,0,0,2,0,1,0
1411.25,112,7,1,0,2,0,1,0
5161.17,79,8,2,0,1,0,1,0
4847.21,95,5,1,0,4,0,1,0
156.01,68,2,1,0,0,0,1,0
1092.96,14,7,1,0,5,1,1,0
4839.28,6,5,1,1,1,0,1,1
19744.75,34,5,3,0,0,0,1,0
2216.75,52,4,1,1,3,1,1,0
759.1,398,2,1,0,0,1,1,0
399.73,170,7,0,1,2,0,0,0
10084.38,571,2,0,0,1,0,1,0
2272.74,74,6,1,0,1,0,1,0
469.62,92,3,0,0,4,0,1,0
895.02,228,4,1,0,2,0,1,0
1495.46,155,6,0,0,2,0,1,0
1889.01,135,6,2,0,5,1,1,0
446.03,154,5,2,0,3,0,1,0
593.36,157,5,0,0,0,0,1,0
209.99,261,8,3,0,1,0,1,0
3101.88,198,7,1,0,3,0,1,0
779.29,567,8,1,0,2,0,1,0
1748.16,532,3,0,0,1,0,1,0
4547.16,98,7,0,0,0,0,1,0
1366.31,6,8,0,0,1,0,1,0
979.49,2,4,2,0,1,0,1,0
1331.31,23,6,0,0,2,0,1,0
1168.17,14,8,0,0,0,0,1,0
3812.97,84,2,1,0,2,0,1,0
1496.43,9,5,1,0,4,0,1,0
636.25,176,5,2,1,2,0,0,0
3127.06,37,7,1,0,1,1,1,0
3753.65,129,6,1,0,2,0,1,0
287.63,19,5,1,0,1,1,1,0
5078.56,316,8,0,0,3,0,1,0
1579.26,272,7,0,1,4,1,1,0
1455.74,87,6,1,0,3,0,1,0
3000.77,434,4,1,0,1,0,1,0
622.05,36,4,0,1,1,1,1,1
2847.41,302,2,2,0,1,0,1,0
752.37,142,7,2,0,3,1,1,0
250.9,71,4,0,0,3,0,1,0
404.33,15,6,0,0,0,0,1,0
1933.37,33,0,1,0,4,0,1,0
426.04,357,5,0,1,2,0,1,1
5486.67,168,8,1,0,8,1,1,1
3602.14,48,6,1,0,2,0,1,0
4160.7,123,4,2,0,2,0,1,0
1242.37,20,10,1,0,1,0,0,0
1419.22,18,8,0,0,2,1,1,0
332.38,429,7,0,1,1,0,1,0
2968.42,110,2,1,1,3,0,1,0
1603.32,80,5,1,1,3,0,1,0
1933.92,535,2,1,1,1,1,1,0
5933.16,91,3,0,0,0,1,1,0
598.27,73,1,1,0,2,0,1,1
966.67,57,2,0,0,2,0,1,0
1520.31,149,5,2,0,3,0,1,0
430.34,147,8,0,0,3,1,1,0
909.05,2,2,1,0,0,0,1,0
1795.34,191,11,1,0,2,1,1,0
792.01,279,8,0,0,1,1,0,0
4060.21,172,8,1,0,2,0,1,0
242.03,367,6,1,1,3,0,1,0
3370.35,58,3,2,0,2,0,1,0
2124.27,38,4,1,0,3,0,1,0
620.9,215,5,1,0,0,0,1,0
435.11,37,4,2,0,2,0,1,0
136.96,17,2,0,0,2,0,1,0
495.13,18,6,0,0,3,0,1,0
3124.96,263,5,1,0,1,0,1,0
1036.82,5,3,0,0,1,1,1,0
3508.63,61,4,1,0,1,0,1,0
590.0,24,6,0,1,0,0,0,0
2224.1,253,7,0,0,1,1,1,0
535.13,126,5,1,0,5,0,1,0
417.56,41,4,2,0,1,1,1,0
985.23,249,5,1,0,2,0,1,0
563.99,249,6,0,0,1,0,1,0
234.43,133,5,0,1,1,1,1,0
913.87,58,8,2,0,1,0,1,0
1219.79,158,6,3,0,1,0,1,0
3898.54,487,3,2,0,0,0,0,0
2798.41,9,3,0,0,3,1,1,0
3714.29,55,4,2,0,3,0,1,0
2253.77,60,4,1,0,0,0,1,0
1529.37,179,6,1,0,2,1,1,0
320.88,189,12,1,0,0,0,1,0
1273.94,41,4,1,0,3,0,1,0
1991.8,43,5,2,0,2,0,1,0
4709.98,474,2,2,0,1,0,1,0
2178.27,254,2,2,0,3,0,1,0
3790.99,489,5,0,1,2,0,0,1
390.72,318,12,0,0,0,1,1,0
791.22,92,2,0,0,2,0,1,0
1684.71,23,4,1,1,4,0,1,0
3501.52,178,3,3,0,0,0,1,0
948.4,78,3,1,0,2,0,1,0
1009.85,99,4,1,0,1,0,1,0
2180.13,99,7,0,0,3,0,1,0
355.71,496,2,2,0,4,1,1,0
5472.03,12,5,1,0,2,0,1,0
455.26,38,4,0,0,0,0,1,0
161.0,168,9,2,0,2,0,1,0
1107.73,387,4,1,0,2,1,1,1
5993.67,450,5,0,0,1,0,1,0
1971.31,147,3,2,0,2,0,1,0
2324.11,6,4,0,1,1,0,1,1
1142.97,81,4,0,0,2,0,1,0
941.64,452,5,2,0,3,0,1,0
233.95,124,6,0,0,1,0,1,0
114.5,233,4,0,0,1,1,1,0
1334.45,56,4,2,0,2,0,1,0
4074.69,4,4,0,0,3,0,1,0
1547.09,155,6,2,0,2,0,0,0
2045.91,324,1,0,0,2,0,1,0
5343.93,833,4,1,0,1,1,1,0
1523.5,337,9,1,1,3,0,1,0
970.05,145,1,0,1,1,0,0,1
483.7,168,3,0,0,3,1,1,0
8285.09,312,2,0,0,2,0,1,0
1856.68,3,5,0,1,1,0,1,0
426.84,545,4,2,0,2,0,1,0
339.96,136,6,3,0,1,0,1,0
3839.37,546,6,1,1,1,0,1,0
388.6,260,10,0,1,1,0,1,0
7001.18,29,8,0,0,0,0,1,0
69.65,32,7,1,0,0,0,1,0
4548.69,78,3,3,0,1,0,1,0
1784.5,55,8,2,0,3,0,1,0
1234.71,104,3,1,0,1,0,1,0
920.15,166,7,0,0,2,0,0,0
7264.32,103,7,1,0,4,0,1,0
2223.99,10,3,1,0,0,0,1,0
444.43,668,4,1,0,1,0,1,0
196.58,99,6,2,0,1,0,0,0
1309.36,342,3,0,0,2,0,1,0
1095.46,13,3,2,0,1,0,1,0
239.88,298,7,1,1,1,1,1,0
1037.54,34,7,0,0,2,0,1,0
617.74,204,5,1,0,3,0,1,0
1106.87,195,6,1,0,2,0,0,0
2266.34,433,12,0,0,3,0,1,0
4878.58,69,4,3,0,3,0,1,0
2721.37,20,4,0,0,3,0,1,0
533.02,359,9,2,0,1,0,1,0
1585.91,72,6,0,0,1,1,1,0
1168.07,47,3,1,0,3,1,0,0
289.42,119,4,0,1,2,0,1,0
1633.1,28,7,1,1,1,0,1,0
7021.08,63,7,1,1,2,0,1,0
1132.78,87,5,0,0,4,1,1,0
222.7,58,2,2,1,2,0,1,0
1130.33,107,5,1,0,3,0,1,0
325.8,87,4,0,1,2,0,1,0
2600.88,268,4,0,1,3,0,1,0
1853.56,451,7,0,0,1,1,1,0
924.35,19,4,2,0,0,0,1,0
787.48,311,6,1,1,1,0,1,0
886.93,483,5,0,0,0,0,1,0
1105.74,208,1,2,0,1,0,0,0
506.62,1013,3,0,0,2,0,1,0
273.76,73,4,1,0,5,0,1,0
3424.46,319,4,0,0,0,0,1,0
745.91,201,1,0,0,3,0,0,0
1296.01,70,1,0,0,2,0,0,0
1458.67,219,4,1,1,3,0,1,0
1513.26,128,6,2,0,2,0,1,0
339.06,37,6,3,0,6,0,1,0
205.24,34,3,4,0,2,0,1,0
608.69,224,3,0,1,3,0,1,0
1628.98,224,5,0,1,3,0,1,0
529.56,136,9,1,0,3,0,1,0
768.99,125,1,1,0,1,0,1,0
9203.12,35,8,1,0,2,0,1,0
173.22,100,4,2,0,3,0,1,0
515.41,369,7,0,0,3,1,1,0
7307.12,347,6,2,0,0,1,1,0
1048.8,194,7,0,0,4,1,1,0
541.32,1068,1,0,0,4,0,0,0
3529.0,402,3,0,1,1,1,1,0
1158.9,28,7,0,1,3,0,1,0
774.09,91,3,0,1,4,0,1,0
1329.25,25,5,1,0,3,0,1,0
567.87,112,5,0,0,6,0,1,0
396.43,269,7,1,0,0,0,1,0
978.87,30,5,1,0,1,1,1,0
399.02,382,2,0,0,2,0,1,0
1108.42,151,6,3,0,3,0,1,0
1563.07,248,3,0,1,3,0,1,1
2573.6,8,5,0,1,2,0,1,0
3387.76,17,6,1,0,2,0,1,0
730.89,174,7,2,0,2,0,1,0
1806.98,327,6,3,0,4,0,1,0
1794.57,372,5,2,0,1,1,0,0
1522.06,209,6,0,0,1,0,1,0
678.95,40,4,0,0,2,1,1,0
392.26,39,2,0,0,3,0,1,0
1811.67,383,7,1,0,1,1,0,0
198.97,21,4,2,1,3,0,1,0
838.96,208,7,2,0,3,0,1,0
85.32,137,3,2,0,0,0,1,0
288.18,98,4,5,0,3,0,0,0
456.17,104,4,1,1,1,0,0,0
3283.69,522,9,1,1,3,0,0,0
2182.24,355,6,1,0,0,1,1,0
630.22,360,8,0,0,6,0,1,0
2274.17,93,3,1,0,2,0,0,0
2664.1,20,8,0,1,4,0,1,0
933.87,1104,4,0,1,4,0,1,0
274.68,28,4,2,0,1,0,1,0
890.77,130,3,0,1,2,0,1,0
994.37,55,6,3,0,0,0,1,0
319.75,128,1,1,1,2,0,1,0
1582.95,65,3,2,1,1,0,1,0
1450.72,408,8,1,0,1,0,1,0
1711.36,621,9,1,0,2,0,1,0
1449.43,94,5,2,0,2,0,1,0
2275.25,13,5,3,0,2,0,1,0
916.6,195,5,0,0,1,0,1,0
1341.82,85,5,0,0,1,0,1,0
736.76,767,7,0,0,2,1,1,0
611.25,16,7,0,0,1,1,1,0
4180.77,22,8,2,0,5,0,1,0
142.06,216,7,1,0,3,0,1,0
2635.32,255,5,1,0,3,0,1,0
589.61,114,4,0,0,0,0,1,0
517.99,58,5,0,0,0,0,1,0
1424.5,66,3,1,0,2,0,0,0
247.25,74,4,0,1,2,0,1,0
484.92,45,5,1,0,1,0,0,0
469.12,342,3,0,0,0,0,1,0
878.84,12,8,1,0,2,0,1,0
490.71,94,2,1,0,1,0,1,0
5437.74,247,6,0,0,2,0,1,0
6614.48,1,6,2,0,0,0,0,0
145.18,378,8,1,0,2,1,1,0
1889.98,220,7,3,0,1,0,1,0
2588.06,13,4,1,0,2,0,1,0
1887.46,405,7,0,0,3,0,1,0
567.87,120,6,0,0,2,0,1,0
859.12,190,7,1,1,0,0,1,0
518.91,384,4,1,0,3,1,1,0
720.35,383,2,0,0,3,0,1,0
327.02,94,3,0,0,4,0,1,0
977.71,48,5,0,1,0,0,1,0
244.01,53,0,2,1,3,0,1,0
897.73,261,3,2,0,0,0,1,0
314.64,477,4,1,0,1,0,1,0
1348.59,13,5,1,1,1,0,0,0
555.9,2,5,1,1,2,0,1,0
1466.42,311,7,0,0,1,0,1,0
3234.34,87,0,0,1,3,0,1,0
5374.64,58,8,0,0,1,0,1,0
87.53,37,4,4,0,0,0,1,0
476.18,76,4,0,0,4,1,1,0
809.9,640,5,1,0,3,0,0,0
1737.72,679,7,3,0,0,0,1,0
210.53,72,3,2,0,2,0,0,0
410.72,596,8,1,0,2,1,1,0
1249.32,64,7,3,0,4,0,1,0
1193.79,346,6,1,1,2,1,0,1
1599.78,42,7,0,0,3,0,1,0
1709.02,315,5,0,0,4,0,1,0
1538.55,78,5,0,0,3,0,1,0
1330.96,39,4,1,0,4,0,1,0
1159.49,491,4,0,1,2,0,1,0
2131.89,43,3,1,0,3,0,1,0
116.83,865,5,1,0,0,0,1,0
5137.56,20,3,2,0,4,0,1,0
120.97,1,6,1,1,2,0,1,1
372.72,368,5,2,0,0,0,1,0
874.14,159,3,0,0,2,0,1,0
2148.69,98,7,3,1,2,0,1,0
54.86,15,5,0,0,4,1,1,0
1066.22,153,1,2,0,2,0,1,0
2422.11,90,7,2,0,1,0,1,0
2964.66,118,6,0,0,0,0,1,0
546.03,179,4,2,0,2,1,1,0
811.73,183,4,0,0,0,0,1,0
592.2,582,6,2,0,3,0,1,0
740.5,191,6,0,0,4,1,1,0
390.79,74,9,3,0,5,0,1,0
450.68,71,5,1,0,1,1,1,0
1693.2,116,3,0,0,4,0,1,0
1250.9,54,3,0,0,1,0,1,0
1792.89,85,4,1,0,1,0,1,0
1358.33,332,2,0,1,2,0,1,0
2217.95,353,4,1,0,3,0,1,0
2639.15,177,6,0,1,2,0,1,0
192.15,157,7,2,0,5,0,1,0
466.7,100,5,3,0,6,0,1,0
870.11,181,7,0,0,0,0,1,0
1072.04,295,3,1,0,3,0,1,0
561.11,240,5,0,0,1,0,1,0
2729.91,6,3,1,0,2,1,1,0
7942.22,236,5,0,0,0,0,1,0
1321.02,229,2,1,1,0,0,1,0
1193.14,18,3,1,0,1,0,1,0
2564.34,29,6,2,0,2,1,1,1
169.72,279,8,1,0,2,0,0,0
1128.3,147,5,2,0,0,0,1,0
2919.12,310,7,1,0,3,0,1,0
576.43,36,8,1,0,1,0,1,0
321.64,5,7,3,0,3,0,0,1
910.68,31,6,0,0,2,0,1,0
1032.06,108,3,0,0,0,0,1,1
442.02,133,3,1,0,4,0,1,0
8920.98,350,7,3,0,3,0,1,0
679.46,226,6,1,0,2,0,1,0
345.97,836,7,1,0,2,0,1,0
998.62,14,12,0,0,2,0,1,0
2718.57,25,3,1,0,0,0,1,0
1115.9,15,7,2,0,1,0,0,0
1782.18,139,3,1,0,2,1,1,0
458.74,55,3,1,0,3,0,1,0
4854.63,207,8,2,0,1,0,1,0
1923.13,25,5,1,0,0,0,1,0
3126.6,19,9,2,0,2,0,1,0
1579.97,110,8,1,0,1,0,1,0
2502.1,84,5,0,0,1,0,1,0
458.04,318,2,0,0,2,0,0,0
670.88,327,5,0,0,4,0,1,0
4215.32,22,2,1,0,6,0,0,0
5217.33,301,4,0,0,0,0,1,0
348.25,149,5,0,0,1,0,1,0
1407.73,126,3,1,1,3,0,0,1
712.7,17,5,0,0,4,0,1,0
546.19,242,3,2,0,0,1,0,0
1458.03,11,2,0,0,2,0,1,0
3432.22,58,7,1,0,3,0,1,0
1722.72,18,3,0,0,0,0,1,0
796.71,136,3,2,0,2,0,0,0
1835.11,186,7,0,0,2,0,1,0
765.11,398,6,1,0,2,1,1,0
1655.92,238,5,2,1,1,0,1,0
4431.38,584,3,0,0,2,0,1,0
137.39,257,4,1,0,2,0,1,0
2433.91,63,5,1,0,0,1,1,0
235.32,142,4,3,1,2,1,1,1
3745.56,110,7,0,0,2,0,1,0
579.97,150,6,1,0,5,0,1,0
324.51,152,6,1,1,1,1,1,0
2197.93,217,5,1,0,1,0,0,0
1578.4,15,3,2,1,2,0,1,0
403.76,247,3,0,0,4,0,0,0
313.25,27,12,1,0,4,1,1,0
909.16,4,6,0,0,0,0,1,0
328.95,131,6,0,1,0,0,1,0
379.38,156,3,0,0,5,0,1,0
1231.05,6,5,0,0,5,0,0,0
417.43,130,3,0,0,1,0,1,0
1679.98,137,6,0,0,3,0,0,0
4866.56,9,7,1,0,1,0,1,0
945.25,223,3,0,0,5,1,1,0
1249.07,42,8,1,0,2,0,1,0
8251.06,284,4,0,0,1,0,1,0
334.42,67,4,1,0,3,0,1,0
3609.18,116,6,2,0,1,0,0,0
3199.84,400,6,0,1,4,1,1,0
2576.84,295,7,2,0,3,1,1,0
3990.8,274,4,0,0,2,0,1,0
1451.82,31,2,0,0,3,0,1,0
612.21,8,6,1,0,1,0,1,0
3276.64,167,7,2,1,2,0,0,0
3404.46,95,2,1,0,3,0,1,0
3312.02,431,4,1,0,1,0,1,0
1146.54,77,8,1,0,1,0,1,0
535.82,95,7,0,0,2,0,1,0
1327.91,134,3,1,0,3,0,1,0
2813.63,286,6,2,0,1,0,0,0
3054.44,56,4,0,1,1,0,1,0
713.6,511,7,1,0,2,0,1,0
1503.23,139,4,1,0,0,0,1,0
296.26,330,0,0,1,1,0,1,0
2936.43,134,8,0,0,1,0,1,0
501.04,266,8,0,0,3,0,1,0
2404.88,9,9,1,0,5,0,1,0
347.48,288,5,1,1,2,0,1,0
3076.09,133,5,1,0,1,0,1,0
1512.98,107,5,0,0,0,0,1,0
502.02,21,2,1,0,3,0,1,0
2189.34,243,6,2,0,2,0,1,0
607.67,25,4,0,0,1,0,1,0
2320.54,38,5,1,0,0,0,1,0
833.71,24,7,1,0,2,0,1,0
196.16,1,5,0,0,2,0,0,1
410.59,195,7,2,0,1,0,1,0
713.07,56,3,2,0,2,0,1,0
4307.83,29,3,1,0,6,0,1,0
2700.37,69,4,0,0,3,0,1,0
5562.83,124,2,2,0,1,1,1,0
5730.94,125,6,0,0,5,0,1,0
642.42,82,4,0,0,2,0,1,0
908.24,122,4,1,0,3,0,0,0
726.85,100,3,3,0,0,0,1,0
560.31,311,5,3,1,5,0,1,0
173.9,5,7,1,1,0,0,1,0
1080.58,364,7,2,0,0,1,1,0
303.21,50,4,2,0,1,0,1,0
1059.79,230,3,2,0,0,0,1,0
9097.64,93,5,3,0,2,0,1,0
658.95,62,2,1,0,2,0,1,0
1332.45,171,5,0,1,2,0,1,0
2715.27,263,1,2,0,3,0,1,0
1451.41,107,4,0,0,1,0,1,0
1469.22,113,9,1,0,7,1,1,0
763.26,10,6,1,0,0,0,1,0
869.68,463,5,3,0,2,1,1,0
419.89,337,4,4,0,2,0,1,0
2555.61,91,3,1,0,0,0,1,0
192.19,260,4,2,0,3,0,1,0
2896.01,67,10,1,1,0,0,1,0
269.43,235,3,1,1,1,0,1,0
2871.55,130,4,0,0,2,0,1,0
769.84,111,6,2,1,2,0,1,0
319.94,10,4,0,0,1,0,0,0
1957.26,605,7,1,0,4,0,1,0
2776.0,326,3,3,0,3,1,1,0
707.63,283,7,2,0,1,0,1,0
2254.34,65,5,1,0,4,0,1,0
111.6,61,3,0,0,0,0,1,0
292.77,153,4,3,0,3,1,1,0
3993.44,337,3,1,1,5,0,1,0
876.85,490,2,3,1,2,0,1,0
170.34,56,4,2,1,2,0,1,0
545.19,168,10,0,0,3,0,1,0
435.55,231,5,0,1,2,0,1,0
928.93,46,4,0,0,1,0,1,0
756.91,94,7,1,1,3,1,1,1
1311.51,37,6,0,0,2,0,1,0
1023.04,216,5,2,0,2,0,1,0
4271.58,358,4,2,0,4,0,1,0
1676.64,377,5,0,0,1,0,1,0
1733.11,199,5,1,1,5,0,1,0
3516.27,76,7,3,0,4,0,1,0
743.4,194,2,1,0,5,0,0,0
310.48,359,7,2,1,4,1,0,1
3666.42,176,7,4,0,1,0,1,0
1256.19,95,9,1,0,3,0,1,0
1260.61,454,5,0,1,1,1,1,0
582.12,324,2,2,1,1,1,1,0
591.79,385,4,1,0,1,0,1,0
2557.34,420,5,1,0,3,0,1,0
2935.57,90,4,3,0,5,0,1,0
2401.44,353,4,4,1,1,0,0,0
2423.48,152,6,1,0,2,0,1,0
1937.26,7,2,1,0,6,0,1,0
1250.78,181,4,0,0,0,0,1,0
920.23,114,4,2,0,0,0,1,0
3678.73,57,4,1,0,5,1,1,0
754.67,633,5,1,1,0,0,1,0
1587.6,10,9,0,0,4,0,1,0
490.78,524,8,0,0,1,0,1,0
567.19,31,7,1,0,3,0,1,0
865.97,85,4,2,0,2,0,1,0
490.81,97,8,0,0,1,0,0,0
2435.36,236,9,0,0,2,0,1,0
284.85,43,12,1,0,3,0,1,0
1211.03,769,1,0,0,4,0,1,0
1252.01,248,3,2,0,0,0,1,0
179.33,280,8,0,1,0,0,1,0
705.55,20,5,1,0,2,0,1,0
1416.15,116,7,1,0,4,0,1,0
1683.66,524,2,3,0,2,0,1,0
893.99,56,7,1,0,1,0,1,0
2157.89,28,4,0,0,1,0,0,0
983.07,119,6,2,0,2,0,1,0
1111.71,479,6,0,1,0,0,1,0
1410.44,120,4,0,0,4,0,1,0
2771.1,93,3,2,0,2,0,0,0
557.96,189,3,0,1,1,0,1,0
673.96,497,5,0,0,1,0,1,0
561.78,9,6,0,0,0,1,1,0
786.66,29,4,1,0,2,1,1,0
4565.28,25,9,3,0,0,0,1,0
1944.43,16,3,2,0,4,0,1,0
353.86,64,1,2,0,0,0,1,0
601.58,46,6,2,0,3,1,1,1
1592.03,143,6,0,0,1,0,1,0
442.97,71,2,0,1,2,0,1,1
530.95,93,6,2,0,3,0,1,0
4208.91,512,0,0,0,1,1,1,0
593.85,30,5,1,0,1,0,1,0
2848.84,88,5,1,0,1,1,1,1
3848.06,53,4,0,0,1,0,0,0
526.65,143,5,2,0,1,0,1,0
450.36,239,7,0,0,1,0,1,0
832.03,305,1,1,0,0,0,0,0
369.21,130,6,0,1,1,0,1,0
1237.73,347,6,1,0,2,0,1,0
892.79,276,5,0,0,3,0,1,0
1572.75,30,2,2,0,2,0,1,0
4433.49,50,4,1,0,4,0,1,0
2483.65,200,9,1,1,0,0,1,0
1788.69,662,9,0,0,0,1,1,0
153.54,84,5,0,0,2,0,1,0
1708.51,47,8,1,0,2,0,1,0
6140.29,366,5,2,0,0,0,1,0
54.03,40,5,1,0,0,0,1,0
2185.02,215,2,0,0,5,0,1,0
935.09,6,5,0,0,2,1,1,0
468.81,3,7,0,0,1,0,1,0
2443.36,108,2,0,0,0,0,1,0
6061.46,192,8,1,0,2,1,1,0
2380.89,27,3,0,1,3,0,1,0
756.58,259,7,4,0,0,0,1,0
426.89,24,7,2,0,2,1,1,0
1267.28,137,1,2,0,4,0,1,0
2625.87,66,3,0,0,1,1,1,0
744.67,251,4,3,0,3,0,1,0
820.26,293,10,1,0,2,0,1,0
18434.89,12,5,0,0,1,0,1,0
3224.88,38,9,1,1,0,0,1,0
3463.82,401,6,1,0,2,0,1,0
254.61,96,0,1,0,0,0,1,1
540.67,116,3,1,0,3,0,1,0
1181.67,33,4,0,0,2,0,0,0
402.97,949,4,2,0,4,0,1,0
5433.82,461,7,0,0,4,0,1,0
4493.16,1,6,0,0,1,0,1,0
643.2,144,3,0,0,1,0,1,0
6528.41,370,3,1,0,3,0,1,0
1091.98,101,3,0,0,3,0,1,0
14608.95,103,5,1,0,2,0,1,0
1267.35,85,4,2,0,4,0,1,0
1951.19,5,2,1,0,1,0,1,0
4446.64,281,6,1,0,3,0,1,0
3934.87,109,7,2,0,1,0,1,0
1827.55,136,6,0,0,4,0,1,0
952.28,53,6,2,0,1,1,1,0
1833.78,275,4,1,0,3,0,1,0
484.84,284,9,2,0,4,0,1,0
1276.83,144,7,0,1,0,0,1,0
361.66,422,4,0,0,3,0,0,0
184.77,22,6,1,1,0,0,1,0
1153.35,278,4,0,1,1,0,1,0
3874.91,147,9,1,0,1,0,1,0
2767.79,47,2,2,0,2,0,1,0
1010.39,25,6,1,0,3,0,1,0
6291.72,64,7,2,0,1,0,1,0
620.76,349,2,2,0,1,0,1,0
161.12,278,3,1,0,0,0,1,0
123.7,186,6,2,0,2,1,1,0
336.57,17,2,0,0,3,0,1,0
2481.52,557,2,0,0,3,1,1,0
581.26,65,3,0,1,2,0,1,0
1738.81,168,8,0,0,5,0,1,0
5688.96,292,5,3,0,3,0,1,0
365.0,25,2,2,0,5,0,1,0
1769.58,190,3,2,1,0,0,0,0
1879.88,5,5,0,1,3,0,1,0
463.71,19,4,1,0,1,0,1,0
4248.03,231,8,0,0,4,1,1,0
822.45,30,8,4,0,2,1,1,0
747.14,105,2,0,1,3,0,1,0
9059.9,51,9,0,0,3,0,1,0
1849.68,98,6,2,1,4,0,1,0
2766.37,14,2,1,0,3,1,1,0
4250.93,253,2,0,0,1,0,1,0
572.22,14,1,0,0,1,1,1,0
3826.94,327,2,1,1,5,0,1,0
663.88,195,3,0,0,1,0,0,0
636.11,96,6,0,1,3,0,1,0
835.47,362,3,1,0,1,0,1,0
588.71,37,8,0,0,0,1,1,0
2495.28,55,5,0,0,2,0,1,0
1432.55,26,5,1,0,6,1,0,1
671.0,86,5,0,1,2,0,1,1
2152.76,778,4,1,0,1,0,1,0
832.82,31,3,2,0,1,0,0,0
789.92,319,6,0,0,2,0,1,0
1151.34,189,4,1,0,2,0,1,0
1743.17,2,4,0,0,2,0,1,0
1619.46,521,4,4,0,2,0,1,0
762.61,637,6,1,0,1,1,1,0
2558.33,466,5,1,0,4,1,1,0
877.96,125,7,1,0,3,0,1,0
569.65,44,8,2,0,1,0,1,0
252.64,89,2,1,0,1,1,1,0
2931.23,171,4,1,0,2,0,1,0
1110.31,85,7,0,0,2,0,1,0
1354.07,221,2,1,1,1,0,1,1
3120.67,285,5,1,0,2,0,1,0
680.34,42,4,0,1,5,0,1,0
277.44,93,9,2,1,2,0,1,0
1175.89,569,3,0,0,2,1,0,0
1492.13,51,2,3,0,2,0,1,0
843.16,76,7,2,1,1,0,1,0
4787.38,6,8,0,0,1,1,1,0
91.27,72,8,2,0,3,0,1,0
3361.21,83,6,0,0,0,0,0,1
2419.11,18,4,0,0,1,0,0,0
1731.55,1,3,1,0,2,0,1,0
39.02,154,8,3,0,2,0,0,0
3959.56,64,9,1,1,2,0,1,0
392.9,3,3,2,1,0,0,1,0
660.05,353,6,2,0,2,0,1,0
924.64,158,9,2,0,1,0,1,0
1648.17,33,6,2,0,2,0,1,0
2078.55,360,7,1,0,1,0,1,0
2678.04,52,2,0,1,1,0,1,0
2479.6,46,6,1,0,1,0,1,0
1412.23,405,5,1,0,1,0,0,0
1662.24,35,6,1,0,1,0,1,0
368.43,380,5,1,0,1,0,1,0
517.48,292,3,2,0,3,0,1,0
2685.07,66,6,0,0,2,0,1,0
2533.13,6,2,1,0,0,0,1,0
2261.54,15,4,0,0,4,0,1,0
655.62,20,2,1,1,2,0,1,0
2725.73,398,4,0,0,1,0,1,0
343.35,93,3,0,0,2,0,1,0
3220.72,5,2,2,0,3,0,1,0
844.82,146,4,0,0,3,0,1,0
5908.64,41,4,3,0,1,0,1,0
239.5,48,1,1,0,4,0,1,0
6395.85,31,8,2,0,1,0,1,0
763.98,258,5,2,0,2,0,1,0
750.34,1,2,1,0,0,0,1,0
1332.54,104,4,1,0,1,1,1,0
546.16,16,10,1,1,2,0,1,0
1020.12,144,4,0,0,1,0,1,0
524.46,76,10,2,0,4,0,1,0
543.99,5,1,0,0,5,0,1,1
1784.49,111,4,3,0,6,0,1,0
445.16,152,3,2,0,0,1,1,0
508.67,51,4,1,0,1,1,1,0
277.89,261,7,0,0,3,0,1,0
662.53,83,3,1,0,0,0,1,0
4070.83,249,3,0,0,1,0,1,0
470.63,155,4,0,0,1,0,1,0
527.61,366,10,1,0,3,0,1,0
1331.31,142,2,1,0,2,1,1,0
756.88,36,4,2,0,2,0,1,0
10179.74,311,3,0,1,3,0,1,0
932.13,275,2,0,1,1,0,1,0
1533.36,645,10,2,1,2,1,1,0
2817.96,17,7,0,0,3,0,1,0
2764.4,161,3,2,1,3,1,1,0
1384.77,121,4,1,0,2,0,1,0
933.44,200,3,2,0,4,0,1,0
8300.15,705,4,1,0,3,0,1,0
992.51,136,4,1,1,2,0,1,0
705.08,208,11,0,0,1,0,1,0
574.87,76,5,0,0,3,0,0,0
195.04,63,4,2,0,3,0,1,0
2493.93,73,6,3,1,1,0,1,0
104.79,7,2,0,0,4,1,1,0
1090.38,60,5,0,0,1,0,1,0
893.49,34,7,1,0,4,0,0,0
10300.68,110,3,1,0,0,0,1,0
175.62,111,6,1,1,0,0,1,0
445.37,260,3,0,0,0,0,1,0
957.1,125,3,1,0,2,0,1,0
900.07,111,5,0,0,1,1,1,0
632.99,47,4,2,1,3,0,1,0
1011.32,344,4,1,1,2,0,0,0
311.2,17,5,1,0,6,0,1,0
1567.43,726,8,2,0,1,0,1,0
107.61,116,5,1,0,0,0,1,0
1068.73,37,5,0,0,2,0,1,0
601.63,78,3,2,0,3,0,1,0
3029.91,2,5,0,0,3,0,1,0
6344.29,32,1,0,0,0,0,1,0
787.57,73,3,0,1,2,0,1,0
4406.01,145,4,1,1,3,0,1,0
799.42,24,3,2,0,2,0,1,0
417.33,202,7,3,0,4,0,1,0
6284.89,334,7,1,0,2,0,1,0
1846.0,152,4,0,0,0,0,1,0
1101.51,63,10,0,1,3,0,1,0
2180.21,23,6,0,0,3,0,1,0
1442.62,2,6,2,1,1,0,1,1
1023.29,236,6,0,0,1,0,1,0
291.07,178,7,1,0,3,0,1,0
836.7,116,6,0,0,1,0,1,0
2045.21,19,2,0,0,1,0,1,0
969.93,41,6,1,0,3,0,1,0
2703.56,303,4,2,0,2,0,1,0
1609.46,117,5,0,0,3,0,1,0
455.71,592,6,0,1,0,0,0,0
293.19,1887,4,1,0,3,1,1,1
937.13,290,7,1,0,2,0,1,0
649.22,53,6,1,0,0,0,1,0
1535.06,47,7,0,0,1,1,1,0
534.78,52,7,0,1,1,0,1,0
592.65,778,6,0,0,3,0,1,0
3143.43,73,3,2,0,2,0,1,0
1271.82,220,7,1,0,3,0,1,0
543.09,575,7,1,1,2,0,1,0
1116.15,308,7,1,0,3,0,1,0
4354.27,163,10,0,0,2,0,1,0
1471.13,33,4,0,0,1,0,1,0
1984.16,34,4,2,0,1,0,1,0
516.86,122,3,0,0,0,0,1,0
3060.76,546,5,0,0,1,0,1,0
11137.83,422,5,0,0,2,1,1,0
496.97,32,4,2,0,2,0,1,0
336.33,61,5,0,0,1,0,1,0
1307.07,159,4,0,1,2,0,1,0
2632.02,116,1,0,0,3,0,1,0
1000.86,22,7,0,0,1,0,1,0
382.52,82,4,1,0,1,0,0,0
983.79,557,6,0,0,4,1,0,0
1994.39,544,9,0,0,4,0,1,0
729.94,147,6,1,0,3,0,1,0
2012.75,181,4,2,1,5,0,1,0
3514.7,45,7,1,0,2,0,1,0
1394.42,243,8,1,0,5,1,1,0
1066.41,9,4,1,0,1,0,1,0
2513.28,44,3,0,0,1,0,1,0
465.87,1,6,0,0,2,0,1,0
422.12,87,5,1,1,1,0,1,0
840.02,341,3,1,0,0,1,1,0
670.56,728,6,3,0,2,1,1,0
491.11,198,3,1,1,0,0,1,0
6839.49,245,5,1,0,4,0,1,0
9623.79,54,4,3,0,2,0,0,0
769.93,132,9,1,0,1,0,1,0
1201.97,240,3,0,0,0,0,1,0
908.83,123,1,1,1,1,1,1,1
3319.27,16,3,1,0,0,1,1,0
4046.65,243,7,2,0,1,0,1,0
185.44,44,7,1,0,2,0,1,0
1765.19,18,5,2,0,1,1,1,0
296.84,117,6,1,0,3,0,1,0
6363.11,13,5,0,1,0,0,0,0
1703.17,178,4,0,0,3,0,1,0
481.38,184,4,1,1,0,0,1,0
861.5,53,6,2,0,0,0,1,0
821.41,601,7,1,0,3,0,1,0
1854.02,313,5,1,0,3,0,1,0
3108.55,20,4,2,0,4,0,1,0
347.86,248,9,2,0,2,0,0,0
6896.4,78,6,0,0,2,0,1,0
5462.65,249,10,1,0,3,1,1,0
457.0,290,6,0,0,2,0,1,0
1179.45,29,10,1,0,6,1,1,0
6068.15,195,7,1,0,1,0,1,0
3762.8,357,2,1,1,5,0,1,0
783.1,70,6,0,0,0,1,1,0
2475.85,15,2,1,1,0,0,1,0
21964.84,4,2,2,0,1,0,1,0
1218.24,20,7,0,1,6,0,0,0
582.51,1,5,2,0,3,0,1,0
1302.99,71,6,2,1,4,0,1,0
1403.26,64,8,3,0,0,0,1,0
649.02,21,5,1,0,3,0,1,0
1705.52,189,4,3,0,5,0,1,0
312.81,867,3,0,0,3,0,1,0
563.67,416,4,0,0,2,0,1,0
2340.79,52,7,2,0,1,0,1,0
189.64,264,8,2,0,2,0,1,0
2705.84,497,9,0,0,4,0,1,0
146.65,426,3,1,1,5,1,1,0
194.16,388,9,1,0,1,0,1,0
665.82,277,8,0,0,1,0,1,0
1460.98,62,6,2,0,1,0,1,0
4126.82,15,7,1,0,3,0,1,0
1161.68,120,4,0,0,0,0,1,0
857.01,10,4,0,1,4,0,1,0
1957.81,1167,5,0,0,4,0,1,0
459.02,79,8,0,0,3,0,1,0
1260.69,572,6,1,0,2,1,1,1
330.48,267,6,0,0,2,0,1,0
1191.05,95,5,2,0,0,0,1,0
963.11,22,7,1,0,4,1,1,0
490.65,48,5,1,0,1,0,1,0
1293.41,201,7,0,0,4,0,1,0
1285.05,318,0,2,0,4,0,1,0
3552.67,699,9,0,0,2,0,1,0
220.16,25,4,0,1,1,0,1,0
1016.33,30,3,2,1,3,0,1,0
512.72,7,2,0,0,1,0,1,0
2616.94,54,3,0,0,4,0,1,0
2330.67,309,4,1,0,1,0,1,0
1822.35,39,2,2,0,1,0,1,0
542.49,142,4,0,0,3,0,1,0
2658.38,106,5,2,0,2,0,1,0
237.43,70,3,0,1,3,0,1,0
193.39,173,3,0,0,1,0,0,0
306.17,125,8,2,0,2,0,1,0
1060.53,73,1,0,0,3,0,1,0
2154.18,210,6,0,0,2,0,1,0
55.92,59,2,1,0,1,1,1,0
4116.44,185,4,0,0,1,0,1,0
1250.27,567,6,1,0,0,1,1,0
228.66,234,5,0,0,4,0,0,0
1213.12,97,8,1,0,2,1,1,0
3269.94,247,5,1,1,2,0,1,0
1997.08,298,3,1,0,2,0,0,0
3291.42,70,5,1,1,1,0,1,0
279.71,219,3,1,1,0,0,1,0
724.87,102,2,0,0,0,0,1,0
434.98,307,4,0,1,4,0,1,0
6109.38,63,8,2,1,1,0,1,0
2078.42,499,7,1,0,3,0,1,0
18901.75,153,5,1,0,2,0,1,0
687.04,78,6,1,0,4,0,1,0
531.3,97,7,1,0,4,0,1,0
950.68,76,11,1,0,3,0,1,0
4351.85,28,6,2,1,1,0,1,0
760.43,12,3,1,0,3,0,1,0
1241.95,69,9,0,0,0,0,1,0
1207.96,110,7,1,1,3,0,1,0
1140.81,80,2,0,0,2,0,1,0
571.12,2,4,0,0,1,1,0,0
955.95,155,3,1,0,2,0,1,0
915.89,28,6,1,0,1,0,1,0
1088.37,42,2,0,0,1,0,1,0
2817.25,23,11,1,0,1,0,0,0
6378.12,132,9,1,1,2,0,1,0
473.22,17,11,1,0,1,1,1,0
741.0,53,5,0,1,2,1,1,0
480.58,108,9,3,0,3,0,1,0
1322.27,33,5,1,0,0,1,1,0
640.12,106,4,2,0,1,0,1,0
1393.81,75,10,1,0,4,0,1,0
3306.44,354,6,2,0,2,0,1,0
87.72,285,4,1,0,3,0,1,0
1793.24,889,7,1,1,2,0,1,0
692.16,135,4,0,0,0,0,1,0
1737.88,154,9,0,0,2,0,1,0
447.43,527,6,3,1,1,0,1,0
3627.36,91,5,1,0,0,0,1,0
2733.34,146,8,0,0,6,0,1,0
1935.95,85,1,1,0,2,0,1,0
2424.12,142,2,0,0,2,1,1,0
520.29,15,5,2,0,1,0,1,0
590.15,275,4,2,1,1,0,1,0
2327.24,759,5,1,0,3,0,1,0
508.91,12,6,0,0,2,0,1,0
4654.71,290,6,0,1,0,0,1,0
793.46,49,2,0,0,5,0,1,0
1811.47,39,10,1,1,2,0,1,0
8948.57,212,4,3,0,3,0,1,0
541.19,8,5,0,0,0,0,1,0
1174.69,111,3,1,0,3,0,1,0
3146.93,1,7,1,0,5,0,1,0
2839.2,145,7,1,0,0,0,1,0
790.12,111,2,5,1,5,1,1,1
654.11,444,3,1,0,4,0,1,0
868.58,229,5,0,0,2,0,1,0
4665.07,24,3,1,0,6,0,1,0
829.56,78,5,0,0,1,0,0,0
1185.73,482,8,0,0,5,1,1,0
715.67,232,3,0,0,1,1,0,0
2220.64,162,4,2,0,1,0,1,0
1281.16,147,4,1,1,2,0,1,0
402.05,91,5,1,0,3,0,1,0
416.2,158,2,2,1,3,0,1,1
148.62,265,1,0,0,2,0,1,0
477.55,24,7,0,0,0,0,1,0
2425.87,630,4,1,0,2,1,1,0
4120.63,49,5,2,0,1,0,1,0
2176.69,106,3,0,0,1,0,1,0
1909.57,4,5,1,0,1,0,1,0
966.3,143,2,1,0,5,0,1,1
2380.14,86,3,0,0,3,0,1,0
1460.13,51,3,0,0,1,0,1,0
6663.83,762,15,3,0,2,0,1,0
993.82,100,2,1,0,1,0,1,0
4200.71,96,6,0,0,3,0,1,0
2628.36,111,4,2,0,1,0,1,0
2288.02,22,2,1,0,3,0,1,0
146.72,89,4,0,0,1,0,1,0
2777.18,73,4,0,0,0,0,1,0
965.35,112,6,2,1,3,0,1,0
703.5,349,2,4,0,4,0,1,0
248.91,38,5,4,0,1,1,1,1
1090.52,168,5,0,1,2,0,1,0
1134.05,6,3,1,0,1,0,1,0
297.97,68,8,1,1,1,0,1,0
251.32,115,5,1,0,0,0,1,0
1784.01,13,6,0,0,1,0,1,0
2622.03,141,10,1,0,1,1,1,0
1326.48,66,3,1,0,4,1,1,0
3466.27,888,4,0,0,2,0,1,0
1005.88,179,5,2,0,4,0,1,0
1038.62,50,5,1,0,3,1,1,0
438.33,19,4,0,0,1,0,0,0
230.39,7,4,0,0,1,0,0,0
7006.98,17,7,1,1,1,0,1,0
3399.21,205,6,0,0,1,0,0,0
272.46,347,7,1,0,0,0,1,0
1281.46,30,4,3,0,0,0,1,0
992.23,92,4,2,0,1,0,1,0
833.81,78,5,1,0,5,0,1,0
728.5,186,7,1,0,5,0,0,0
1605.63,36,3,0,0,3,0,0,0
2485.37,551,9,3,0,2,0,1,0
1639.9,234,5,0,1,2,0,1,0
972.12,558,10,0,0,1,0,1,0
937.08,58,0,0,0,1,0,1,0
2798.43,159,2,0,0,1,1,1,0
1743.14,237,8,0,0,1,0,1,0
1179.32,223,8,3,0,2,0,1,0
1057.96,3,8,0,1,2,0,1,0
1548.85,1146,3,0,1,0,0,1,0
686.53,473,2,0,1,4,0,0,1
2493.74,22,5,2,0,1,0,1,0
373.96,141,2,1,1,2,0,1,0
726.72,67,3,2,0,6,0,1,0
2020.51,379,6,1,1,2,1,1,1
353.23,215,5,1,1,2,0,1,0
227.46,45,3,4,0,2,0,1,0
1168.03,6,2,0,0,2,0,1,0
201.05,62,3,2,0,3,1,1,0
299.23,6,4,0,0,3,0,1,0
2336.93,27,2,0,0,1,0,1,0
893.56,181,12,1,0,3,0,1,0
3965.9,246,4,4,0,1,0,1,0
328.71,113,7,0,1,2,0,0,0
998.29,165,4,1,0,0,0,1,0
1635.3,30,8,0,0,5,0,1,0
340.18,68,2,2,1,2,0,1,0
3077.16,224,3,1,0,2,0,1,0
1827.45,81,5,0,0,0,0,1,0
219.36,77,7,1,0,1,0,0,0
1056.02,38,4,0,1,2,0,1,0
1613.17,162,7,1,0,2,0,1,0
607.86,298,6,2,0,2,0,1,0
249.67,114,4,1,1,3,0,1,0
1448.75,22,6,3,0,3,0,1,0
10009.03,328,4,1,1,4,0,0,0
744.73,13,3,1,0,0,1,1,0
5267.13,114,6,0,0,2,0,1,0
516.83,54,4,1,1,3,1,1,1
1360.42,495,7,0,0,3,0,1,0
2372.08,240,4,2,1,2,0,1,0
1087.45,150,4,2,0,1,0,1,0
814.25,198,2,2,0,1,0,1,0
2266.81,136,6,0,1,1,0,1,0
7269.59,28,6,4,0,1,0,1,0
1481.17,222,5,2,0,3,0,1,0
654.54,122,6,2,0,2,0,1,0
907.1,181,5,0,1,2,0,1,0
13625.63,8,2,1,0,1,0,1,0
1255.02,27,3,1,1,0,0,1,0
605.22,160,2,4,0,5,1,1,0
348.95,110,5,0,0,4,0,0,0
176.64,46,3,0,0,1,1,1,0
1577.48,49,5,1,1,1,0,1,0
2110.42,179,5,0,0,0,0,0,0
737.53,10,2,2,0,2,0,1,0
1080.34,102,0,0,0,2,0,1,0
340.2,133,2,2,0,2,0,0,0
1252.54,66,8,1,0,2,0,1,0
1774.89,309,9,0,0,1,0,1,0
642.16,10,3,1,0,1,0,1,0
5945.87,361,2,1,1,1,0,1,0
474.8,231,3,1,0,3,0,1,0
1456.04,106,6,0,0,2,0,1,0
2561.42,464,4,1,0,6,0,1,0
1015.07,218,3,2,0,2,0,1,0
908.25,481,5,4,1,1,0,0,0
262.73,115,3,1,0,3,0,1,0
4261.35,108,5,3,0,2,0,1,0
925.29,136,1,0,0,1,0,1,0
1876.88,12,6,1,0,4,0,1,0
2148.92,430,3,0,0,3,0,1,0
585.05,198,10,1,0,0,0,1,0
900.07,173,4,0,0,0,0,1,0
4165.04,469,5,1,0,1,0,0,0
358.81,910,4,2,0,1,0,1,0
9208.83,32,2,1,0,4,0,1,0
520.68,248,5,2,0,3,0,1,0
337.13,156,2,0,1,1,0,0,0
1251.76,111,6,0,0,0,0,1,0
9980.1,683,7,4,0,1,0,1,0
162.23,341,5,0,1,2,0,1,0
952.4,214,4,0,0,3,0,1,0
1765.63,86,10,2,0,1,0,1,0
1134.16,197,3,0,0,1,0,1,0
1606.67,136,7,2,0,1,0,1,0
534.84,51,3,0,0,1,0,1,0
602.01,107,1,2,0,3,0,0,0
945.37,42,5,0,0,4,1,0,0
354.29,124,9,0,0,2,0,1,0
1048.71,229,2,0,0,1,0,1,0
743.42,6,4,0,0,2,0,1,0
685.37,260,5,2,0,4,0,1,0
1510.97,3,6,2,0,4,0,1,0
177.57,131,3,0,0,3,0,1,0
872.11,153,7,0,0,1,0,1,0
11129.49,257,5,1,1,2,0,1,0
370.14,257,6,1,1,1,1,1,0
3965.95,97,2,2,0,3,0,1,0
1158.24,12,5,2,0,2,0,1,0
600.07,212,5,1,0,1,0,1,0
292.76,128,6,2,0,3,1,1,0
1261.03,72,5,0,0,1,0,0,0
4690.98,48,2,1,0,1,0,1,0
743.07,22,3,0,0,4,0,1,0
1011.35,62,1,0,0,1,1,0,0
3012.03,110,7,1,0,1,0,1,0
1542.05,116,5,1,0,2,0,1,0
227.63,157,7,0,0,3,0,1,0
1210.62,81,3,0,0,1,0,0,0
4975.27,454,5,2,1,0,0,1,0
1056.86,123,7,1,0,2,0,1,0
70.7,99,7,2,0,1,0,1,0
1616.82,8,4,0,0,2,0,1,0
899.23,164,8,1,1,2,0,1,0
176.07,166,6,0,1,1,1,1,0
204.55,157,5,2,0,1,0,1,0
2907.67,393,6,2,0,2,0,1,0
527.22,259,4,0,0,4,1,1,0
442.53,363,3,0,0,1,0,1,0
1058.24,11,12,2,0,0,0,1,0
575.82,68,8,2,0,3,0,1,0
1212.03,69,6,0,0,2,0,1,0
895.41,192,5,1,0,1,0,1,0
330.3,107,8,2,0,0,0,1,0
657.74,270,7,3,1,2,0,0,1
1707.44,87,5,2,0,2,0,0,0
1143.58,45,4,0,0,2,1,1,0
1010.36,61,6,2,0,4,0,1,0
7611.26,36,7,0,0,3,0,1,0
2277.96,39,1,1,0,1,0,1,0
2572.01,43,2,1,0,1,0,1,0
928.93,2,8,1,0,0,0,1,0
1366.69,226,1,1,0,1,0,1,0
712.59,91,4,1,1,4,0,1,0
2386.42,4,10,1,0,1,0,1,0
982.01,83,5,1,1,5,0,1,0
1369.74,424,7,0,0,3,0,1,0
1287.7,128,2,1,1,0,0,1,0
1076.89,778,7,0,0,1,0,1,0
20706.19,139,4,0,0,2,0,0,0
563.06,592,2,3,1,1,0,1,0
557.96,40,3,0,0,2,0,0,0
2195.35,61,6,0,0,5,0,1,0
604.76,216,6,1,0,0,0,1,0
819.42,779,7,1,0,1,0,1,0
370.03,314,4,1,0,1,0,1,0
1792.84,145,13,0,0,2,0,1,0
1815.76,16,6,0,1,0,1,1,1
800.16,81,5,0,0,3,0,1,0
2241.31,16,7,1,0,2,0,1,0
171.04,67,3,0,0,5,0,1,0
540.85,53,2,1,0,1,0,1,0
925.21,88,3,0,0,3,0,1,0
339.58,326,2,3,0,3,0,1,0
190.81,29,5,1,0,4,0,1,0
806.02,65,3,0,0,3,0,1,0
2195.18,54,2,0,0,1,0,1,0
3952.52,63,5,4,0,1,0,1,0
634.42,80,4,4,0,1,0,1,0
2282.93,50,6,0,0,1,0,1,0
2072.56,514,7,1,0,2,0,1,0
3709.34,98,4,5,1,1,0,1,0
772.64,21,7,1,0,2,0,1,0
181.54,113,9,0,1,2,0,0,1
1176.37,36,1,0,0,3,0,1,0
397.9,43,2,0,0,0,0,1,0
531.92,60,2,1,0,2,0,1,0
811.42,23,8,0,1,2,0,1,0
781.39,229,2,2,0,5,0,1,0
1263.4,282,6,0,0,2,0,0,0
2215.33,90,4,1,1,2,0,1,0
759.2,210,7,0,0,0,0,1,0
1628.96,88,8,1,0,2,0,1,0
1113.0,32,4,1,0,3,0,1,0
2794.74,91,6,2,0,5,0,1,0
908.15,146,4,0,0,3,0,1,0
1013.41,7,6,0,0,2,0,0,0
754.16,191,0,1,0,0,0,1,0
932.39,244,5,0,0,0,0,1,0
500.95,353,5,1,0,2,0,1,0
453.68,19,7,1,0,1,0,1,0
2382.17,1,6,2,1,1,0,1,1
371.22,13,8,3,0,0,0,1,0
797.02,464,5,0,0,2,1,1,0
3027.05,261,4,0,0,1,0,1,0
770.7,324,5,0,0,3,0,1,0
2511.76,130,4,0,0,4,0,1,0
607.26,134,7,0,0,2,0,0,0
383.31,63,3,2,0,1,0,1,0
222.55,332,4,0,0,3,0,1,0
4075.4,318,8,1,0,3,1,1,1
351.82,89,4,1,0,1,0,1,0
2315.05,71,6,3,0,1,0,1,0
403.45,241,3,0,0,3,1,1,0
4094.43,4,5,2,0,1,0,1,0
9964.49,353,7,1,0,3,0,1,0
203.05,106,4,3,0,0,0,1,0
370.64,104,4,1,0,0,0,1,0
2375.9,199,7,0,0,2,0,1,0
1831.78,186,9,1,0,3,0,1,0
2384.92,55,4,1,0,2,0,1,0
617.85,516,7,2,0,3,0,1,0
8002.7,772,9,0,1,1,0,1,0
1234.04,134,8,2,0,4,0,1,0
324.74,148,7,2,0,2,1,1,0
851.37,145,3,2,0,5,0,1,0
329.12,119,4,1,0,3,0,1,0
5382.68,522,4,0,0,2,1,1,0
566.61,50,1,0,0,1,1,1,0
1794.5,20,3,2,0,3,0,1,0
684.94,477,4,0,0,2,0,1,0
592.66,43,6,1,0,4,0,1,0
162.35,248,7,0,0,2,1,0,0
1994.55,41,8,1,1,3,0,1,0
4020.58,580,3,0,0,2,0,1,0
438.8,281,4,1,1,1,0,1,0
233.87,451,4,3,0,3,0,1,0
2448.71,542,4,2,0,3,0,1,0
211.4,15,6,2,0,2,0,1,0
3712.77,102,5,2,1,0,0,1,0
443.9,187,3,1,1,1,0,1,0
363.84,291,1,0,1,2,0,1,0
1405.94,49,6,2,0,1,0,1,0
388.33,442,3,0,0,2,0,1,0
540.71,44,6,1,0,1,0,0,0
1562.41,362,4,0,0,2,0,1,0
96.63,129,8,0,0,0,0,1,0
5667.02,130,7,2,1,0,0,1,0
1145.55,84,10,1,0,2,0,1,0
300.98,19,4,0,0,3,0,1,0
396.53,76,6,1,0,3,1,1,0
2956.16,100,5,0,1,4,0,0,0
2000.3,117,5,0,0,1,0,1,0
4388.67,241,4,1,0,1,0,1,0
554.05,78,0,1,0,4,0,1,0
1475.25,93,5,0,0,2,0,1,0
1680.03,425,7,0,0,3,0,1,0
2197.92,251,3,0,0,2,0,1,0
3385.58,4,6,1,0,1,0,1,0
535.25,300,5,1,0,2,0,1,0
978.31,827,5,1,1,1,0,1,0
595.77,505,3,0,0,2,0,1,0
1040.43,325,4,0,0,1,0,1,0
2204.89,178,5,0,0,1,0,1,0
209.76,58,6,2,0,1,0,1,0
3325.49,191,7,1,0,5,1,1,0
351.01,214,7,0,0,3,0,1,0
806.44,59,11,2,0,1,0,1,0
3804.51,53,6,1,0,2,0,1,0
1522.35,91,3,0,1,0,0,1,0
1539.99,184,2,1,0,3,0,1,0
336.76,62,4,1,0,3,0,1,0
386.03,146,5,2,1,2,1,1,0
2810.89,413,4,0,0,1,0,1,0
608.41,62,1,1,1,1,1,1,0
668.53,608,4,1,0,0,0,1,0
2875.41,115,4,1,0,2,0,1,0
383.79,19,7,2,0,0,1,0,0
1435.45,10,3,0,0,2,0,0,0
1144.71,74,7,1,0,3,0,1,0
1093.69,53,7,0,0,2,0,0,0
652.99,334,9,0,0,1,0,1,0
614.09,240,7,0,0,0,0,1,0
373.02,388,7,1,1,2,0,1,0
1776.97,160,6,1,0,1,0,1,0
562.2,102,5,0,1,0,0,0,0
2889.23,56,3,1,1,2,0,1,0
876.07,157,3,1,0,5,0,1,0
380.52,173,7,1,1,2,0,1,0
864.53,89,7,0,0,3,0,1,0
727.16,496,4,0,0,2,0,0,0
3008.22,183,5,0,0,3,0,1,0
758.24,327,3,1,0,1,0,1,0
831.96,174,2,1,0,1,0,1,0
4498.71,68,6,0,0,2,0,1,0
1823.05,240,4,1,0,2,0,1,0
5783.16,47,9,2,0,2,0,1,0
3862.4,163,5,1,0,1,0,1,0
451.62,92,5,1,0,0,0,1,0
2951.15,29,5,1,0,0,0,1,0
5040.72,95,3,1,0,2,0,1,0
5078.71,66,3,0,0,0,0,1,0
2945.68,21,4,1,0,2,0,1,0
2885.7,312,7,0,0,2,1,0,0
810.25,124,7,1,0,3,1,0,0
474.67,76,5,2,0,2,0,1,0
771.07,126,3,1,0,4,0,1,0
207.52,252,11,1,0,2,0,1,0
4199.81,3,4,1,0,0,0,1,0
826.09,142,3,1,0,4,0,1,0
3989.14,117,8,1,0,2,0,1,0
320.06,402,3,1,0,1,1,1,0
3237.72,146,3,0,1,1,1,1,0
668.56,26,3,3,0,7,0,1,0
303.58,88,5,4,0,1,0,1,0
5580.97,174,6,2,0,1,0,0,0
3318.64,8,0,0,1,1,0,1,0
1355.32,388,4,0,0,0,0,1,0
1134.49,12,5,1,0,2,0,1,0
1701.92,5,6,0,0,3,0,1,0
1332.26,1,6,1,1,1,0,1,0
496.57,207,8,0,0,3,0,1,0
726.29,109,8,1,0,2,0,1,0
7790.95,19,5,0,1,2,0,1,0
15869.54,349,5,1,0,2,0,1,0
5232.63,40,7,0,0,3,0,1,0
1769.1,71,8,1,1,0,0,1,0
782.31,35,6,2,0,1,0,1,0
493.64,470,1,1,0,2,0,1,0
527.27,255,4,2,0,1,0,1,0
630.64,231,3,0,1,0,0,1,0
9425.41,8,4,1,0,1,1,1,0
6676.05,133,3,2,0,2,0,1,0
2312.95,154,4,1,0,2,1,1,0
419.64,86,5,0,0,0,0,1,0
2678.62,69,6,1,1,0,0,1,0
863.84,343,10,1,0,2,0,1,0
127.36,4,2,0,0,1,0,1,0
1461.33,176,5,0,1,0,0,1,0
472.52,90,1,4,0,4,0,0,1
488.8,197,5,2,0,4,0,1,0
853.71,39,8,0,0,3,0,0,0
666.26,49,1,0,1,2,0,1,0
1059.7,159,4,1,0,3,0,1,0
1009.96,703,6,1,0,3,0,0,0
168.04,661,1,0,0,1,0,1,0
5015.45,51,7,2,0,4,0,1,0
410.19,19,2,2,0,0,0,1,0
423.1,160,6,0,0,5,0,1,0
789.54,98,4,0,1,4,0,0,1
984.04,258,3,1,0,0,0,1,0
4717.24,135,7,1,0,4,0,1,0
1435.72,128,9,0,0,3,0,1,0
1932.3,187,5,0,0,4,0,1,0
1443.08,24,5,1,0,2,0,1,0
1382.24,203,1,0,0,0,0,1,0
1494.77,120,3,0,1,2,0,1,0
158.74,308,5,1,0,0,0,1,0
854.13,26,4,1,0,3,0,1,0
3506.11,64,6,0,0,4,0,1,0
56518.94,540,3,1,0,0,1,1,0
328.88,144,6,1,0,4,0,1,0
1674.18,476,1,0,0,3,0,1,0
619.53,210,6,3,1,0,0,1,1
8498.56,469,10,1,1,3,0,1,0
283.22,68,4,0,0,0,0,1,0
2048.66,17,6,1,0,2,0,1,0
268.48,291,3,2,0,3,0,0,0
797.46,293,4,0,1,1,0,1,0
1059.64,173,8,2,0,2,0,0,0
3196.12,155,4,0,0,3,0,1,0
373.47,443,5,2,0,1,1,1,0
2128.95,34,5,0,0,0,0,1,0
1117.42,172,3,2,0,3,0,1,0
1440.57,9,4,3,0,3,1,1,0
2859.3,27,9,1,0,3,0,1,0
304.13,103,5,1,0,0,0,1,0
2466.6,309,8,2,0,2,0,1,0
620.85,237,6,0,0,2,0,1,0
3280.9,657,6,0,1,0,0,1,0
1532.35,8,7,1,0,2,1,1,0
889.33,86,2,0,0,6,1,1,0
607.88,31,2,1,0,2,0,1,0
2498.12,6,0,1,0,2,0,1,0
3869.78,55,5,2,1,1,0,1,0
643.65,50,2,1,0,2,1,1,0
353.19,98,2,0,0,1,0,1,0
2195.6,27,3,0,0,2,0,1,0
257.62,120,8,0,0,3,0,1,0
297.22,454,2,1,1,1,1,1,0
378.91,248,2,3,0,0,0,1,0
723.82,332,4,0,0,2,0,1,0
288.2,294,4,0,0,2,0,0,0
157.78,88,10,0,1,3,0,1,0
352.33,222,5,3,1,2,1,1,0
2084.9,252,3,2,1,0,0,1,0
307.49,41,5,0,0,2,0,1,0
780.34,354,4,3,1,4,1,1,1
7682.49,110,2,1,0,3,0,1,0
1044.01,2,3,1,0,2,0,1,0
1544.62,185,3,2,0,2,0,1,0
425.8,203,3,0,0,0,0,1,0
9542.16,144,6,0,0,4,0,1,0
638.23,42,5,1,1,1,0,1,0
872.96,118,5,1,0,0,0,1,0
4093.1,91,4,0,0,2,0,1,0
914.4,661,7,1,0,0,0,1,0
1150.43,313,3,2,0,2,0,1,0
827.42,258,3,0,0,1,0,1,0
833.11,35,8,1,1,1,0,1,0
1588.43,72,4,1,0,1,1,1,0
1906.35,85,5,1,0,4,1,1,0
576.37,122,6,0,0,3,0,1,0
509.75,5,6,0,0,1,1,0,0
596.37,161,6,1,1,0,0,1,0
270.09,79,4,1,0,2,0,1,0
223.54,148,4,0,0,5,0,1,0
1476.11,1,4,0,1,3,0,1,0
2803.42,69,4,1,0,3,0,1,0
2620.3,263,5,1,0,3,0,1,0
101.29,125,5,0,1,4,0,1,0
858.28,279,1,1,0,1,0,1,0
364.27,216,10,2,0,1,0,1,0
1266.15,347,8,0,0,2,0,1,0
722.11,1,6,2,0,3,0,1,0
1982.1,54,7,0,0,0,0,1,0
1075.83,143,6,0,0,0,0,0,0
164.68,509,5,1,0,2,0,1,0
416.93,204,3,0,1,4,1,1,0
1103.0,109,5,2,0,1,0,1,0
1200.04,25,8,0,0,4,0,1,0
268.9,122,4,1,0,2,1,1,0
235.93,104,7,2,1,4,0,1,0
1160.08,271,5,0,1,4,0,1,0
269.44,95,8,2,0,1,0,1,0
206.72,69,5,0,0,1,0,1,0
702.65,16,7,2,0,1,1,1,0
672.87,8,2,1,0,2,1,1,0
455.59,104,7,2,0,2,0,1,0
542.54,76,8,0,0,3,0,1,0
1111.91,145,5,0,1,3,0,0,0
533.7,224,7,2,0,0,0,1,0
1176.97,7,5,3,0,1,0,1,0
749.59,123,9,0,0,3,0,1,0
1296.79,356,2,2,0,3,0,1,0
2639.13,109,4,1,0,3,0,1,0
2538.29,132,3,1,0,1,0,1,0
3976.71,120,5,4,0,1,0,1,0
2535.5,88,6,0,0,2,0,1,0
1392.08,21,8,1,0,1,1,1,0
710.93,24,7,1,0,4,0,1,0
744.15,35,7,2,0,3,0,1,0
455.88,283,7,1,0,2,0,0,0
1101.61,57,3,1,0,3,0,1,0
2202.59,532,4,0,0,1,0,1,0
530.77,299,5,0,0,5,0,1,0
1056.57,207,5,1,0,1,0,1,0
557.04,229,9,1,0,3,0,1,0
1352.02,8,9,1,1,2,0,0,0
633.09,151,3,1,0,3,0,1,0
523.48,509,12,4,1,0,0,1,1
555.59,7,10,1,0,3,0,1,0
1814.07,61,5,1,0,3,1,1,0
995.51,9,2,1,0,3,0,1,0
714.5,151,6,1,0,4,1,1,0
1424.26,22,7,3,0,3,0,0,0
724.5,117,5,0,0,1,1,1,0
3383.0,229,5,5,0,2,0,1,0
414.11,32,2,1,0,1,0,1,0
909.62,253,10,1,0,3,0,1,0
269.14,11,1,0,0,4,0,1,0
775.2,29,3,1,0,0,0,1,0
204.46,59,4,1,1,3,0,1,0
2313.04,286,3,2,0,2,1,1,0
2360.21,341,2,1,1,5,0,1,1
2402.27,44,4,0,0,4,0,0,0
1128.76,18,5,0,0,1,0,1,0
454.92,339,4,1,1,1,1,1,0
492.58,188,6,0,1,6,1,1,0
5065.32,30,5,1,0,2,0,1,0
4608.59,146,6,0,0,3,1,1,0
1239.61,370,5,2,0,3,0,1,0
654.82,12,3,1,0,1,0,1,0
4309.7,15,2,3,0,2,0,1,0
547.57,57,4,1,1,2,0,1,0
1378.64,190,6,0,0,1,0,1,0
4238.47,35,4,1,0,2,0,1,0
475.16,305,4,0,1,0,1,1,0
2512.98,249,9,0,0,2,0,0,0
1845.6,148,5,0,0,2,0,1,0
1054.14,22,6,0,1,1,0,1,0
406.09,799,4,1,0,0,0,1,0
531.42,121,3,1,0,1,0,1,0
1464.77,108,5,1,0,3,0,1,0
264.19,975,7,0,1,7,0,1,0
1249.81,358,6,2,1,0,0,1,0
1883.81,109,11,2,0,1,0,1,0
2937.22,97,5,1,0,1,0,1,0
270.87,18,3,2,0,0,1,1,0
4089.78,469,6,0,0,5,0,1,0
5975.14,334,8,0,0,0,0,1,0
1652.68,66,5,1,0,2,0,1,0
388.37,251,10,0,0,2,1,1,0
789.89,258,5,0,0,3,0,0,0
1045.66,46,7,2,0,2,0,1,0
1437.22,171,3,0,1,3,0,1,0
1121.01,52,6,0,0,5,0,1,0
1452.68,280,8,1,0,3,1,1,0
1001.5,30,2,1,0,0,0,1,0
1429.54,198,5,0,1,3,1,1,0
691.92,71,7,0,0,0,0,1,0
781.97,6,5,2,1,4,0,1,1
616.45,23,9,2,1,4,0,1,0
7459.62,191,8,2,0,4,0,0,0
4740.51,49,8,1,0,3,0,1,0
1910.83,179,7,3,0,1,0,1,0
4127.01,96,5,1,1,2,1,1,0
2436.85,212,3,1,0,4,0,1,0
1314.58,122,7,2,0,2,0,0,0
243.33,66,7,2,0,2,0,1,0
843.73,28,7,3,0,0,0,0,1
784.43,75,5,4,0,5,0,1,0
353.16,181,6,1,0,5,0,1,0
248.1,242,5,1,0,1,0,1,0
1794.93,31,3,0,1,1,0,1,0
1517.02,196,5,1,0,3,1,1,0
341.25,35,5,0,1,2,0,1,0
520.15,45,6,1,0,0,1,1,0
3502.46,136,3,1,0,0,0,1,0
455.91,61,7,0,0,1,0,1,0
1300.88,195,7,1,0,0,0,1,0
907.07,561,8,3,0,2,0,0,1
1819.58,29,7,1,1,1,0,1,0
465.86,152,2,1,0,4,0,1,0
1200.01,462,0,2,0,2,0,1,0
1298.19,34,3,1,0,1,1,1,0
1380.47,82,9,1,0,1,0,1,0
1186.87,23,6,1,0,0,0,1,0
1547.83,184,1,0,0,0,0,1,0
9816.01,199,2,0,0,4,0,1,0
14204.27,196,2,3,0,2,0,1,0
578.7,140,5,2,0,1,0,0,0
107.96,246,2,0,0,1,0,1,0
1989.21,6,3,2,0,0,0,1,0
1321.14,568,4,1,0,2,0,1,0
3168.59,45,8,0,0,2,0,1,0
1458.09,23,6,0,0,3,0,1,0
1162.82,509,3,1,0,1,0,1,0
3391.09,319,10,0,1,2,0,1,0
3900.19,260,2,1,0,2,1,1,0
274.09,19,2,0,0,8,1,1,0
484.63,296,3,1,0,1,0,1,0
986.74,169,5,2,0,3,0,1,0
1210.08,236,5,0,0,1,0,1,0
874.82,687,4,0,0,1,0,1,0
1692.92,38,3,1,0,1,0,1,0
2969.37,126,2,0,0,2,0,1,0
6140.8,251,4,1,0,0,0,1,0
1956.5,102,6,2,0,2,0,1,0
467.62,10,4,2,0,2,0,1,0
946.36,21,6,3,0,8,1,1,1
1017.04,165,2,4,0,1,0,1,0
1834.71,60,6,1,0,3,0,1,0
1616.74,26,6,0,0,2,0,1,0
8521.92,74,4,0,1,1,0,1,0
691.24,40,4,1,0,0,1,1,0
1611.23,4,7,0,0,2,0,1,0
11553.13,29,4,2,0,0,0,1,0
610.81,386,5,1,0,0,0,0,0
1267.94,2,4,1,1,2,0,1,0
426.29,267,4,3,0,1,0,1,0
1190.45,252,6,4,0,1,0,1,0
502.59,149,6,0,0,4,1,1,0
3123.79,42,4,0,0,2,0,1,0
1270.69,378,4,2,0,2,0,1,0
430.35,116,7,2,0,2,0,1,0
2541.65,34,6,0,1,3,0,1,0
1312.47,100,5,1,0,2,0,1,0
2843.58,39,7,0,0,2,0,1,0
348.05,84,4,1,0,2,0,1,0
1585.77,123,8,2,0,2,0,1,0
2376.4,80,6,1,0,0,1,1,0
718.11,192,2,5,0,1,0,1,0
311.37,494,6,1,0,0,0,1,0
1051.94,77,4,2,1,2,1,1,0
3744.77,79,4,1,0,2,0,1,1
3381.01,241,7,0,0,2,0,1,0
714.49,136,6,0,0,0,0,0,0
303.97,100,5,2,0,1,0,1,0
712.53,302,4,0,0,2,0,0,0
686.44,399,4,0,0,0,0,0,0
1713.76,160,3,2,1,2,0,1,0
987.32,36,5,0,1,3,0,1,0
516.32,113,5,0,0,2,0,0,0
3308.54,126,4,1,0,3,0,1,0
1261.97,101,3,1,1,2,0,0,0
1694.96,54,7,0,0,2,0,1,0
195.39,115,4,0,1,2,0,1,0
97.1,106,6,1,0,0,0,0,0
260.46,42,5,1,0,1,0,0,0
678.21,420,8,1,0,1,0,1,0
1951.5,389,2,1,0,6,0,1,0
105.4,256,8,0,0,3,0,1,0
5392.97,92,4,1,0,2,0,1,0
1300.58,83,6,2,1,0,0,1,0
4273.96,226,3,0,0,2,1,1,0
452.16,168,5,1,0,0,0,1,0
1815.03,165,10,3,0,2,0,1,0
1194.16,23,5,0,1,3,0,1,0
2484.15,173,5,3,1,3,0,1,0
868.01,417,3,2,0,2,0,1,0
1760.26,16,3,1,0,2,0,1,0
3301.71,74,11,1,0,1,0,1,0
571.82,128,9,1,0,4,0,1,0
1397.23,208,4,0,0,1,1,1,0
166.02,16,6,0,0,0,0,1,0
2213.88,371,4,0,0,1,0,1,0
7743.91,7,6,0,0,2,1,1,0
315.94,350,10,0,1,1,1,1,0
1000.86,5,5,2,0,1,0,1,0
2645.15,30,3,2,0,0,0,1,0
1131.63,289,5,0,0,2,0,1,0
1293.49,354,5,2,0,2,0,1,0
741.74,725,9,0,0,1,0,1,0
714.69,22,8,0,0,1,0,1,0
1005.57,134,6,0,0,2,0,1,0
1143.3,14,8,0,1,0,1,1,0
336.49,30,7,0,0,3,0,1,0
1026.57,34,1,2,1,3,0,1,0
5263.41,11,7,1,0,1,0,1,0
721.16,402,7,2,0,4,0,1,0
318.22,24,6,3,0,0,0,1,0
942.55,178,10,3,0,2,0,1,0
536.67,176,4,0,0,2,0,1,0
287.63,39,3,3,0,3,0,1,0
1260.38,1160,6,0,0,1,0,1,0
539.0,76,3,1,0,1,0,0,0
587.15,423,6,0,0,3,0,1,0
1278.48,533,6,0,0,0,1,1,0
236.71,535,1,0,0,2,1,1,0
192.18,251,9,1,0,2,0,1,0
2144.95,52,5,1,0,1,0,1,0
159.04,23,4,1,1,0,0,1,0
412.95,151,4,0,0,3,0,1,0
181.3,80,3,1,0,2,0,1,0
674.43,320,2,1,0,0,1,1,0
1682.54,245,3,1,0,1,0,1,0
1227.01,58,5,2,0,5,0,1,0
11990.54,3,9,1,0,0,0,1,0
3251.64,48,2,0,0,0,0,1,0
432.18,150,2,3,0,4,0,0,0
331.27,14,1,0,1,3,0,1,0
16427.1,193,5,2,0,5,0,0,0
3173.44,200,7,0,0,0,0,1,0
1977.07,33,7,0,0,2,0,1,0
1181.87,163,6,2,0,0,1,1,0
1441.62,168,3,1,0,5,0,1,0
249.12,117,6,0,1,2,0,0,0
1283.11,551,6,2,1,0,0,1,0
1177.6,20,5,2,0,0,1,1,0
444.02,93,6,1,1,3,0,1,0
640.0,386,6,1,0,1,1,1,0
4989.93,87,3,0,0,1,0,1,0
967.61,99,6,0,1,1,0,1,0
8700.81,198,3,0,0,2,0,1,0
192.35,197,3,0,0,3,0,1,0
650.58,4,4,1,0,1,0,1,0
233.39,109,1,1,0,6,0,1,0
327.2,73,6,3,0,1,0,1,0
479.04,177,6,1,0,1,0,1,0
1503.14,146,6,1,0,2,1,0,0
1432.0,189,4,0,0,5,0,1,0
555.97,190,5,2,0,0,0,1,0
118.18,52,4,0,1,4,0,0,0
4806.35,50,3,0,1,2,1,1,0
824.05,83,3,1,0,0,1,1,0
359.14,49,2,0,0,2,0,1,0
1443.65,206,5,2,0,1,1,1,0
1345.4,166,7,0,1,2,0,1,0
794.19,43,6,0,0,2,0,1,0
1272.24,387,7,1,0,5,0,1,0
345.49,111,3,2,0,1,0,1,0
2344.7,24,4,1,0,2,1,1,1
404.69,43,1,2,0,4,0,1,0
598.5,139,5,0,0,2,0,1,0
2098.13,74,9,0,1,2,0,1,0
3655.39,342,4,0,1,1,0,1,0
5354.94,122,4,3,1,1,0,1,0
3152.02,444,5,0,0,2,0,1,0
793.08,19,5,1,1,5,1,0,0
234.85,198,6,1,1,2,0,1,0
4469.61,390,4,0,0,2,0,1,0
4318.64,62,10,1,0,3,0,1,0
560.05,26,6,4,0,1,0,1,0
2755.04,109,4,2,0,5,1,1,0
786.68,585,4,0,0,1,0,1,0
4921.05,180,4,0,0,1,0,1,0
655.33,185,3,1,1,4,0,1,0
7931.93,200,5,0,0,1,0,1,0
2406.96,7,10,1,0,3,0,1,0
6617.98,106,3,1,0,2,0,1,0
689.66,14,4,2,0,1,0,1,0
1644.23,68,4,0,1,1,1,1,1
416.01,310,4,0,0,2,1,0,0
2550.36,192,4,1,0,1,0,0,0
2694.7,975,4,2,0,1,0,1,0
12052.46,34,6,1,0,0,0,1,0
1775.86,91,7,3,0,0,0,1,0
2262.2,298,7,0,0,3,0,1,0
684.83,43,5,2,0,1,0,1,0
1884.43,30,5,2,0,2,0,0,0
750.03,100,3,1,0,2,0,1,0
1231.34,87,3,0,0,2,0,1,0
1305.73,706,6,1,0,3,0,1,0
771.01,109,8,0,0,2,0,1,0
1167.88,355,4,0,0,2,0,1,0
753.48,394,4,0,0,1,1,1,0
750.15,30,6,3,0,3,0,1,0
3218.48,226,4,1,0,0,0,0,0
1306.9,58,12,1,1,4,0,1,0
1551.64,17,2,0,0,4,0,1,0
255.37,373,1,1,1,2,0,1,0
1674.82,62,5,0,0,5,0,1,0
1863.89,76,6,0,0,0,0,1,0
736.32,70,8,0,1,1,0,1,0
8822.23,40,2,2,0,3,0,1,0
111.14,102,2,0,1,0,0,1,0
2402.75,100,11,1,0,1,1,1,0
2236.81,94,5,0,0,1,0,1,0
1884.81,446,4,0,1,2,0,1,0
1307.95,74,4,1,0,2,0,1,0
1902.03,5,3,2,0,1,0,1,0
2612.79,35,6,2,0,0,0,1,0
530.66,230,5,3,0,2,0,1,0
1479.11,160,5,0,0,1,0,1,0
912.95,545,5,0,0,2,0,1,0
367.32,213,6,1,0,3,0,1,0
2246.59,38,4,0,0,3,0,1,0
623.68,23,4,0,0,2,0,1,0
245.22,132,2,2,0,1,0,1,1
639.63,196,5,1,0,4,0,1,0
493.29,32,6,2,0,1,0,1,0
3067.07,165,5,1,0,4,1,1,0
1278.18,360,3,1,0,2,0,1,0
4369.41,234,1,0,0,3,0,1,0
563.09,196,1,1,1,2,0,1,0
2628.5,280,6,0,0,2,0,1,0
18762.64,19,3,0,0,2,1,0,0
1565.61,41,8,0,0,2,0,1,0
2595.8,6,5,1,0,0,0,1,0
2194.08,28,2,3,1,1,0,1,0
264.52,439,4,0,1,1,0,1,0
1970.06,45,6,2,0,1,0,1,0
1489.89,195,5,2,0,1,1,1,0
845.77,211,5,1,0,4,0,1,0
453.03,186,6,0,0,2,0,1,0
2195.1,145,4,0,0,1,1,1,0
414.72,119,7,1,0,0,0,1,0
9261.73,98,5,2,0,3,1,1,0
1229.26,447,7,1,0,4,0,1,0
322.69,1,5,0,0,6,0,0,0
655.9,9,5,0,0,1,0,1,0
830.37,122,3,2,0,4,0,1,0
12238.92,72,6,1,0,2,0,1,1
452.78,94,6,1,0,4,0,1,0
976.31,1105,5,1,0,2,0,1,0
640.45,268,3,0,0,4,0,1,0
1806.7,377,4,1,0,2,0,1,0
650.74,82,3,1,0,1,0,1,0
351.06,49,0,1,0,4,0,1,0
902.08,262,3,0,0,3,1,1,0
812.9,296,1,0,0,2,1,0,0
606.53,143,3,1,0,3,0,1,0
639.82,407,6,1,0,2,0,1,0
3585.65,615,5,1,1,2,1,1,0
796.53,114,4,1,0,0,0,1,0
352.79,45,7,3,0,3,1,1,0
690.82,131,4,0,0,2,0,1,0
1157.87,820,5,0,1,2,0,1,0
288.22,62,7,2,0,2,0,1,0
5574.61,173,4,1,0,1,0,1,0
2611.24,213,5,2,0,2,0,1,0
4583.29,43,3,0,1,2,0,1,0
1623.16,159,10,2,1,4,1,1,1
135.14,67,4,4,0,1,0,1,0
5091.53,346,4,0,0,1,0,1,0
462.4,225,9,1,0,3,0,1,0
501.61,315,2,0,0,1,0,1,0
1282.19,40,5,0,0,2,1,1,0
4351.3,6,2,1,0,3,0,1,0
3144.11,342,10,0,0,0,0,1,0
2714.28,88,4,2,0,1,0,1,0
802.85,35,5,0,0,3,0,1,0
790.28,17,3,2,0,3,0,1,0
1549.9,130,5,1,0,2,0,1,0
962.88,29,7,1,0,3,0,1,0
2668.62,150,8,1,0,3,0,1,0
2515.23,233,4,1,0,1,0,1,0
1980.97,137,11,0,0,1,0,1,0
87.71,421,2,1,1,3,0,1,0
1246.37,30,1,0,0,2,0,1,0
983.53,122,3,1,0,1,0,1,0
1297.28,32,6,0,0,1,0,1,0
515.78,375,6,1,0,2,1,1,0
291.55,484,4,0,0,1,0,1,0
1742.61,91,5,2,0,0,0,1,0
767.93,65,1,1,0,3,0,1,0
1948.26,58,5,0,1,3,0,1,0
560.64,353,3,2,1,2,0,1,0
4518.39,206,5,0,1,0,0,1,0
2984.13,382,3,2,0,2,0,1,0
1475.61,22,8,2,0,1,0,1,0
886.0,116,5,0,0,2,0,1,0
2571.92,202,3,1,1,3,0,1,0
1623.84,409,8,2,1,1,0,0,0
1392.12,86,2,0,1,1,0,1,0
3111.52,67,3,1,1,2,0,1,0
4566.65,439,6,1,0,1,0,0,0
313.43,8,2,2,0,2,0,1,0
383.61,117,3,1,0,3,0,1,0
502.57,110,5,0,1,1,0,1,0
244.1,28,2,1,0,2,0,0,0
1029.94,90,10,1,0,1,0,1,0
1998.43,230,4,2,0,2,0,1,0
1073.39,82,8,0,0,4,0,1,0
642.83,66,6,1,0,3,1,1,0
3382.8,274,8,1,0,2,0,1,0
1262.13,807,2,3,0,8,0,1,0
1545.31,272,5,1,1,2,0,1,0
3478.08,337,3,1,0,1,0,1,0
969.48,504,6,0,0,1,0,1,0
8605.99,291,9,1,0,2,0,1,0
700.77,707,5,4,1,0,0,1,0
8086.48,247,6,1,0,5,0,1,0
413.75,194,5,2,1,3,0,1,0
1839.93,212,4,1,0,1,1,1,0
576.78,414,5,0,1,3,0,1,0
3359.56,206,9,2,0,0,0,1,0
679.78,257,4,1,0,2,0,1,0
1466.85,43,6,0,0,4,0,1,0
572.18,438,6,1,0,5,0,1,0
2799.58,106,3,1,0,3,0,1,0
569.21,31,3,0,1,2,0,1,0
5904.17,289,7,2,0,2,1,1,0
405.05,79,4,0,0,1,0,1,0
285.54,36,7,3,1,2,0,1,0
2839.98,53,6,1,0,2,0,1,0
606.9,6,10,2,0,2,0,1,0
1088.73,17,3,0,0,0,0,1,0
794.54,161,6,1,0,0,0,1,0
295.12,362,6,0,0,1,0,1,0
1015.37,107,4,1,0,2,0,0,0
3885.15,177,1,2,0,5,0,0,0
2990.32,298,8,0,0,0,0,1,0
1382.7,79,4,2,0,2,0,1,0
3335.13,191,7,1,1,4,0,1,0
380.12,77,3,1,0,2,0,1,0
791.99,185,3,1,0,0,0,1,0
1629.14,44,4,0,0,0,0,1,0
962.55,685,6,0,0,3,0,1,0
856.78,14,6,0,0,2,0,1,0
330.09,126,7,1,1,2,1,1,0
136.82,60,4,4,0,4,0,1,0
2484.6,165,6,0,0,2,0,0,0
1398.59,100,7,1,0,1,0,1,0
2702.68,65,2,2,0,1,0,1,0
708.23,51,5,1,0,0,0,1,0
537.66,36,7,1,0,3,0,0,0
1103.84,274,4,0,0,0,0,1,0
2576.53,45,9,0,1,2,0,1,0
870.05,267,2,1,1,1,1,1,1
2444.96,119,2,0,1,2,0,1,0
400.89,13,4,0,0,1,0,1,0
933.14,32,5,2,0,2,0,1,0
1022.38,402,5,0,0,2,0,1,0
3738.31,166,5,0,0,0,0,1,0
1349.69,36,3,0,0,1,0,1,0
6285.98,218,3,0,0,0,0,1,0
284.95,311,4,1,0,2,0,1,0
1248.78,72,6,1,1,3,0,1,0
1312.12,146,3,2,0,4,0,1,0
2038.75,62,4,1,0,1,1,1,0
486.21,15,5,2,0,3,0,1,0
5910.27,91,4,1,1,0,0,1,0
1110.94,250,5,1,0,2,1,1,0
369.79,110,4,0,0,6,0,1,0
1079.2,93,3,1,0,2,0,1,0
801.78,82,2,0,0,1,0,1,0
17733.93,110,6,0,0,2,0,1,0
3133.62,68,3,2,0,1,0,1,0
1152.47,170,10,0,0,1,1,1,0
980.52,11,6,0,0,1,0,1,0
2838.57,296,6,1,0,1,0,1,0
2977.57,34,3,0,0,3,0,1,0
59.65,180,5,0,0,4,0,1,0
2085.98,107,8,1,0,2,0,1,0
1127.74,267,5,2,0,2,0,1,0
295.56,314,3,1,0,3,0,1,1
2644.44,41,6,1,0,4,0,1,0
10364.98,203,0,1,0,1,0,0,0
1913.7,37,5,0,0,0,0,1,0
3295.88,23,2,3,1,1,0,1,1
6661.63,479,4,1,1,2,0,0,0
478.06,32,6,1,1,2,0,1,0
171.13,46,5,1,0,3,0,1,0
2115.12,25,4,1,1,3,0,1,1
856.1,114,4,0,0,0,0,1,0
277.5,453,2,4,0,2,0,1,0
1014.17,55,1,0,1,0,0,1,0
2270.03,140,6,2,1,1,0,1,0
944.85,95,9,0,0,4,1,1,0
499.28,73,7,1,0,2,0,1,0
876.99,152,5,2,0,1,0,1,0
1075.48,147,4,0,0,2,0,1,0
159.26,80,3,1,0,5,0,1,0
950.73,342,5,1,0,4,0,1,0
285.9,9,4,2,0,4,0,0,0
2119.69,16,7,0,0,4,0,1,0
230.2,843,6,1,1,0,0,1,0
3019.03,247,7,2,1,4,1,1,0
728.39,293,4,1,0,0,0,1,0
637.16,166,2,0,0,2,1,1,0
1472.11,98,5,0,1,2,0,1,0
461.26,178,4,1,1,0,0,1,1
1449.17,17,6,0,0,4,1,1,0
527.36,255,4,2,0,5,0,1,0
628.46,140,2,0,1,3,0,1,0
1644.77,565,6,2,0,2,0,1,0
351.22,182,5,0,0,1,1,1,0
309.72,29,5,0,0,5,0,1,0
1405.61,116,2,1,0,4,0,1,0
1067.53,10,6,0,0,2,0,1,0
1298.15,246,6,3,1,0,0,1,0
1521.78,125,5,3,0,3,1,1,1
1161.39,83,9,1,0,3,0,1,0
2014.43,622,3,2,0,0,0,1,0
1208.86,508,2,0,0,2,1,1,0
147.33,549,3,2,0,3,0,1,0
190.97,44,5,0,0,0,0,1,0
7539.79,234,5,3,0,1,0,1,0
1096.71,523,7,1,0,1,0,1,0
2836.26,152,6,0,0,1,0,1,0
776.11,43,9,1,0,3,0,1,0
1034.82,306,2,4,0,3,0,0,0
696.9,381,6,0,0,1,1,1,0
12912.19,218,2,2,0,1,0,1,0
1412.68,62,5,0,0,2,0,1,0
642.36,38,5,1,0,5,0,1,0
210.28,176,6,0,0,2,0,0,0
7893.01,118,2,2,0,2,0,1,0
931.43,198,7,1,0,2,0,1,0
2308.21,21,5,0,0,1,0,1,0
2581.17,26,6,0,0,3,0,1,0
690.33,81,4,1,1,1,0,1,0
2148.34,53,4,2,0,1,0,0,0
599.36,173,8,0,1,0,0,1,0
407.31,82,3,2,0,2,0,1,0
3513.84,207,4,2,0,1,1,1,0
936.18,263,7,0,0,1,1,1,0
1841.83,37,4,2,1,1,0,1,0
1653.95,454,7,1,0,0,0,1,0
2075.45,278,6,0,0,1,0,1,0
231.24,177,3,2,0,3,0,1,0
610.76,431,7,1,0,2,0,1,0
792.76,55,3,1,0,2,0,1,0
477.48,98,2,1,0,2,0,1,0
1684.13,16,7,1,0,1,0,1,0
3593.54,109,4,1,0,3,0,1,0
4209.86,127,5,1,0,2,0,1,0
781.17,172,2,0,1,0,0,1,0
1468.45,11,3,1,0,3,0,1,0
1712.39,5,5,0,1,1,0,0,1
2041.12,98,4,0,0,1,0,1,0
455.71,37,8,0,0,0,0,1,0
6772.19,255,5,1,0,2,1,1,0
2769.77,198,6,0,0,5,0,1,0
2843.1,70,7,1,0,1,1,1,0
3653.57,8,8,1,1,2,0,1,0
1870.83,36,3,1,0,3,0,1,0
392.56,211,6,0,0,1,0,1,0
954.35,831,9,0,0,1,0,1,0
210.39,71,3,2,0,3,0,1,0
1660.83,291,4,3,1,1,0,1,0
925.92,363,8,0,0,0,0,1,0
1053.08,8,4,1,0,0,0,1,0
3655.55,446,4,1,0,1,0,1,0
694.37,112,3,2,1,3,0,1,0
852.25,599,3,0,0,2,0,1,0
1121.0,139,3,0,0,1,1,1,0
174.17,48,2,1,0,1,0,1,0
840.45,661,2,1,0,3,0,1,0
91.3,50,7,0,0,0,0,1,0
610.62,385,7,1,0,6,0,1,0
2579.08,34,4,1,0,5,0,1,0
1715.17,202,13,1,0,1,1,1,0
604.97,95,5,0,0,2,0,0,0
1142.3,643,6,3,0,2,0,1,0
374.28,36,8,1,0,0,0,1,0
1094.07,94,7,2,0,2,0,1,0
20543.92,183,4,1,0,3,0,1,0
6945.17,683,3,0,0,1,0,1,0
1155.89,65,6,1,1,1,0,1,1
1287.1,91,4,3,1,1,0,1,1
411.76,111,7,3,0,3,0,1,0
491.87,52,5,0,0,2,0,1,0
1575.27,306,7,2,0,2,0,1,0
648.79,17,3,2,0,2,1,1,0
2708.5,219,3,1,0,1,0,1,0
5269.47,137,10,1,0,2,0,1,0
1529.38,49,3,1,0,5,0,1,0
1214.07,122,5,3,0,3,0,1,0
204.22,318,3,0,1,3,0,1,0
2316.03,106,3,0,0,1,0,1,0
349.44,23,4,2,0,1,0,1,0
721.98,7,7,0,1,4,0,1,0
2862.86,270,4,0,1,1,1,0,0
3071.0,72,4,1,0,0,1,1,0
687.8,481,3,1,0,1,0,1,0
728.57,172,4,1,0,1,0,1,0
544.94,103,6,0,0,1,0,1,0
331.01,149,5,1,0,2,0,1,0
581.26,109,7,0,0,2,1,1,0
218.52,425,4,0,0,0,0,1,0
2171.26,110,6,1,1,4,0,1,0
1627.05,19,3,1,0,3,0,1,0
1920.86,163,4,2,0,3,0,1,0
422.25,175,3,1,0,1,0,1,0
331.93,260,2,0,0,1,0,1,0
1156.92,487,8,2,0,4,0,1,0
1169.23,105,7,0,0,1,0,1,0
946.46,78,3,0,0,1,0,1,0
820.99,121,11,0,0,1,0,1,0
6067.95,414,7,1,0,2,0,1,0
1679.12,704,5,2,0,1,0,1,0
7868.94,638,5,1,0,0,1,1,0
3900.91,46,8,3,0,3,1,1,0
6022.58,123,3,3,0,0,0,1,0
374.48,54,4,3,0,3,0,1,0
1984.6,82,3,3,0,3,1,1,0
712.11,5,3,0,0,4,0,1,0
207.81,31,2,0,0,1,0,1,0
4895.16,91,4,0,0,5,0,0,0
817.55,81,3,0,0,3,0,1,0
381.8,58,3,1,1,3,0,1,0
724.47,47,3,1,0,2,0,1,0
494.61,248,6,0,0,4,0,1,0
548.01,62,7,0,0,1,0,1,0
878.66,220,4,1,0,1,0,1,0
6190.77,82,6,0,0,4,0,1,0
563.23,291,6,0,0,3,0,1,0
5763.33,32,5,0,1,2,0,1,0
2562.75,30,8,0,0,0,0,1,0
1629.9,204,1,0,0,0,0,0,0
2317.21,443,6,4,0,2,0,1,0
1111.71,27,4,1,0,2,0,0,1
3968.13,13,6,3,1,2,1,1,1
1933.29,491,1,0,1,1,0,0,0
207.54,22,4,1,1,1,0,1,0
1474.76,51,7,1,0,3,0,1,0
2401.8,477,2,0,0,0,0,1,0
821.39,292,2,0,0,1,0,1,0
1244.21,75,6,2,0,3,1,1,0
594.16,556,2,2,1,3,0,1,0
276.55,151,4,1,0,1,0,1,0
232.67,13,3,1,0,5,0,1,0
235.79,218,5,1,1,3,0,1,0
2141.04,138,5,3,0,1,0,1,0
90.9,153,9,0,0,2,0,1,0
563.14,924,8,2,0,4,0,0,0
509.97,29,7,0,0,2,0,1,0
827.03,192,5,2,0,1,1,1,0
171.33,110,6,1,0,1,0,1,0
1642.36,57,5,0,1,1,0,1,0
307.0,212,6,4,0,1,0,1,0
3402.98,198,4,1,0,2,0,1,0
588.89,349,2,0,0,5,0,1,0
996.64,379,7,0,0,4,0,1,0
1100.78,148,9,1,0,2,0,1,0
1400.02,70,7,1,0,1,0,1,0
1137.98,135,6,0,0,2,0,1,0
715.43,80,2,3,1,2,0,1,1
1545.42,58,2,2,0,4,0,1,0
1747.86,144,7,2,0,2,0,1,0
510.23,193,3,1,0,0,0,1,0
1679.7,160,6,0,0,5,0,1,0
3610.93,555,7,1,0,3,0,1,0
2221.4,63,1,3,0,4,0,1,0
2786.04,83,4,1,0,3,0,1,0
1302.34,198,6,2,0,0,0,0,0
430.03,165,9,1,0,0,0,1,0
488.02,1,3,0,0,2,0,1,0
1510.03,67,4,4,1,2,1,1,1
2815.13,52,3,0,0,1,0,1,0
17781.47,329,6,2,0,1,0,0,0
2927.26,362,5,1,0,7,0,1,0
340.21,60,12,1,0,4,0,1,0
509.14,19,3,0,0,0,0,1,0
10705.55,41,7,0,0,0,0,1,0
885.02,34,3,1,0,5,0,1,0
1150.0,48,8,0,1,6,0,1,0
419.72,48,2,1,0,0,0,1,0
5245.38,117,6,4,0,1,1,1,0
1808.64,69,4,2,1,1,0,1,0
505.42,147,8,1,1,2,1,1,0
405.93,75,4,1,0,1,0,1,0
1491.0,303,2,2,1,0,0,1,0
1146.2,542,3,2,0,3,0,1,0
2520.24,93,3,1,0,2,0,1,0
1894.99,9,5,1,0,2,0,1,0
841.78,49,5,0,1,3,1,1,0
636.64,19,4,1,0,0,0,1,0
934.54,76,5,0,0,1,0,1,0
632.27,186,4,2,0,1,0,1,0
962.76,131,8,2,0,1,0,1,0
1114.81,50,4,6,0,2,0,1,0
446.78,262,10,3,1,1,0,1,0
2060.45,25,3,2,0,0,0,0,0
757.16,46,6,2,0,3,0,1,0
472.54,202,3,0,0,2,0,1,0
771.54,39,9,0,1,3,0,1,0
1397.25,204,2,0,0,5,1,1,0
1191.58,678,4,1,0,0,0,1,0
1672.57,320,6,2,0,0,0,1,0
2692.83,31,3,0,1,1,0,1,0
4043.8,132,1,0,0,1,0,1,0
1458.97,98,5,1,0,1,0,1,0
376.38,861,2,0,0,1,0,1,0
837.89,600,5,0,0,0,1,1,0
401.69,24,7,0,0,3,0,1,0
5984.06,430,5,0,1,5,0,1,0
8001.63,38,7,2,0,1,0,1,0
2101.3,69,2,0,0,0,0,1,0
2587.53,78,3,1,0,5,0,1,0
1409.43,60,6,0,0,2,0,1,0
1581.38,345,9,0,0,2,0,1,0
221.97,72,4,0,1,2,1,1,1
1018.48,305,5,0,0,0,0,1,0
454.34,932,9,4,1,3,0,1,0
1452.96,330,3,1,0,0,0,1,0
1033.17,76,11,2,0,3,0,1,0
7683.43,223,5,0,0,1,0,1,0
2742.51,137,11,2,0,2,0,1,0
1457.55,277,13,2,0,3,1,1,0
839.71,29,7,2,0,4,1,1,0
5860.68,182,4,1,0,3,0,1,0
1064.27,267,5,0,0,2,0,1,0
1527.94,257,8,1,0,1,1,1,0
1143.96,596,4,1,1,2,0,1,0
732.05,10,6,0,0,2,0,1,0
1137.41,76,1,2,0,1,0,1,0
154.17,116,8,0,0,2,0,1,0
233.29,66,4,0,1,1,0,0,0
1555.62,66,4,0,0,1,1,0,1
5261.65,34,3,0,0,1,0,1,0
1553.43,301,3,1,0,1,0,1,0
533.59,429,4,0,1,3,1,1,0
259.08,15,6,0,0,5,0,1,0
2403.13,30,6,1,0,4,0,1,0
621.92,46,7,1,0,3,0,1,0
2086.48,128,5,3,0,2,0,0,0
1619.49,281,2,1,0,3,0,1,0
1769.23,13,5,2,1,4,0,1,0
1134.11,182,5,0,0,0,0,1,0
1609.44,29,8,0,0,2,1,1,0
973.16,640,7,1,0,1,0,1,0
580.97,412,9,1,0,1,0,1,0
418.43,537,2,0,0,2,0,1,0
100.99,20,5,1,1,0,1,1,0
914.97,120,8,0,0,0,0,1,0
5010.94,32,4,0,0,3,1,1,0
2275.78,165,4,1,0,0,0,1,0
1377.06,47,5,3,1,1,1,1,0
526.37,265,6,0,0,2,0,1,0
2973.04,185,5,1,0,2,0,0,0
973.3,152,6,1,1,4,0,1,0
5297.2,313,5,0,0,2,0,0,0
411.13,124,5,2,0,2,0,1,0
518.03,56,7,1,0,0,0,1,0
470.0,174,9,0,0,2,0,1,0
249.11,566,7,0,0,3,0,1,0
429.64,165,3,1,0,1,0,1,0
1215.87,178,5,1,0,0,0,1,0
537.97,491,7,1,0,1,1,1,0
23.19,130,10,0,0,3,0,1,0
3210.79,1010,6,2,0,3,0,1,0
203.55,31,9,1,0,1,0,1,0
1976.79,138,3,0,0,1,1,0,0
1131.4,43,8,1,0,0,0,1,0
9112.23,108,4,1,1,3,0,1,0
2971.9,33,7,0,0,4,0,1,0
662.09,45,0,2,0,1,0,1,0
543.45,42,5,1,1,3,0,1,0
4928.19,69,4,0,0,0,1,1,0
250.67,26,2,2,0,1,0,1,0
1327.27,298,6,1,0,3,0,1,0
961.87,44,1,0,1,2,1,1,1
778.04,96,4,0,0,3,1,1,0
1561.67,2,1,2,0,3,1,1,1
1325.52,19,8,0,1,2,0,1,0
1732.64,407,7,1,0,1,0,0,0
1260.14,326,6,1,0,3,0,1,0
1665.17,330,5,1,0,0,0,1,0
1203.95,95,10,2,1,3,0,1,0
567.12,27,5,2,0,2,0,1,0
1101.03,20,3,2,1,0,0,1,0
536.79,167,4,2,0,2,0,1,0
502.51,317,5,1,0,1,0,0,0
783.56,414,5,0,0,0,0,1,0
973.19,61,6,3,0,1,0,1,0
1135.95,69,2,1,0,3,0,1,0
2741.82,19,7,2,1,3,1,1,0
666.16,268,8,0,0,2,0,1,0
1335.22,58,3,1,0,1,0,1,0
1234.01,118,5,1,0,4,0,1,0
596.67,475,6,0,0,2,0,1,0
1180.56,251,4,3,1,5,0,1,0
2989.08,9,4,2,0,1,0,1,0
1321.48,1,5,0,0,4,0,1,0
1375.52,278,5,2,1,1,0,1,1
541.68,144,6,2,0,1,0,1,0
7854.63,229,6,1,0,2,1,1,0
573.43,30,4,0,1,3,0,1,1
206.9,370,9,2,0,1,1,1,0
2592.0,267,6,0,0,3,0,1,0
977.68,398,7,2,0,1,1,0,0
809.94,75,2,0,1,1,0,1,0
635.52,58,5,0,0,2,0,1,0
7127.49,29,6,0,0,2,0,1,0
1563.36,478,4,0,0,3,0,0,0
1900.27,35,2,0,0,0,0,1,0
1290.28,22,6,1,0,2,1,1,0
1436.62,38,4,0,0,4,0,0,0
4440.95,265,3,0,0,4,0,1,0
853.33,396,5,1,0,2,0,1,0
255.46,299,6,3,0,1,0,1,0
2612.48,149,6,1,0,2,0,1,0
1802.09,917,6,2,1,1,0,1,0
1221.68,12,10,0,0,3,0,1,0
1755.93,363,6,0,1,1,0,1,0
756.92,100,7,4,1,1,0,1,1
1119.56,109,4,2,0,3,0,1,0
961.31,24,5,0,0,2,0,1,0
606.99,6,2,0,0,2,0,1,0
3601.74,68,5,2,0,1,1,1,0
267.13,34,2,0,0,2,1,1,0
11624.64,118,4,3,0,0,0,1,0
2636.91,28,10,0,0,2,0,1,0
185.31,26,5,1,0,1,0,1,0
876.41,377,4,2,1,3,0,1,0
926.54,457,3,0,0,1,0,1,0
1622.76,599,6,0,0,2,1,1,0
407.74,205,7,1,0,3,0,1,0
1132.32,265,4,1,1,0,0,1,0
971.54,325,5,1,0,4,0,1,0
524.47,193,10,0,0,2,0,1,0
456.34,72,9,2,0,4,0,1,0
2748.48,30,7,0,0,4,0,1,0
201.02,48,6,1,1,3,0,1,0
1768.49,330,8,2,0,3,0,0,0
2434.53,214,4,1,0,2,0,1,0
881.34,109,5,1,0,2,0,1,0
1155.6,5,3,1,1,3,0,1,0
3510.43,55,4,5,0,1,0,1,0
541.94,234,3,1,0,5,0,1,0
600.85,129,7,2,0,5,0,1,0
668.15,102,3,4,1,3,0,0,0
3516.87,67,6,1,0,2,0,1,0
3992.98,168,4,0,0,1,0,1,0
271.54,610,6,1,0,0,0,0,0
2999.62,416,6,1,0,4,0,1,0
2487.19,5,9,0,0,5,0,1,0
5185.36,118,2,2,0,0,0,1,0
1611.8,71,6,3,0,0,0,1,0
1049.15,128,7,0,0,0,0,1,0
3446.85,167,4,1,0,6,0,1,0
2205.93,40,5,4,0,2,0,1,0
10351.62,273,5,0,0,4,0,1,0
2860.37,116,2,0,0,0,0,1,0
1278.63,869,8,0,0,1,1,1,0
338.96,4,3,0,0,4,1,0,0
613.44,37,7,2,0,1,0,1,0
260.88,210,4,1,0,4,1,1,0
884.43,213,4,2,0,2,0,1,0
2768.52,157,1,2,0,2,0,1,0
1092.61,643,5,1,0,3,0,1,0
3046.43,96,4,1,0,2,0,1,0
1536.98,97,8,2,1,2,0,1,0
732.83,434,2,2,0,0,1,1,0
1197.06,139,4,1,1,3,0,1,0
1758.29,78,8,1,0,4,0,1,0
1260.45,228,4,1,0,1,1,1,0
1274.98,174,5,1,1,2,0,1,0
508.24,65,5,1,1,3,0,1,0
711.25,63,8,2,1,4,0,0,1
10492.97,90,6,0,0,2,0,1,0
3746.08,13,2,1,1,3,0,1,0
251.18,514,6,1,0,2,1,1,0
102.83,36,2,1,0,1,1,1,0
1183.45,38,5,1,0,3,0,1,0
2679.73,187,2,1,0,1,0,1,0
652.01,231,2,1,0,0,0,1,0
3046.23,240,6,1,0,2,0,1,0
1164.04,84,4,2,0,3,0,1,0
931.63,371,2,0,0,2,0,1,0
2335.81,141,5,0,0,2,0,1,0
644.27,103,4,2,0,3,0,1,0
823.28,299,5,1,0,1,0,1,0
2143.44,50,4,0,0,3,1,1,0
1062.74,354,2,0,1,2,0,1,0
7396.6,139,7,2,0,0,1,1,0
2194.75,414,4,1,0,3,0,0,0
2056.61,40,6,2,1,3,0,0,0
1043.67,494,8,1,0,0,0,1,0
2630.04,209,7,0,1,1,0,1,0
794.25,173,6,0,0,1,1,1,0
1454.44,98,7,0,0,1,1,1,0
438.65,563,5,0,1,1,0,1,0
3100.88,105,4,1,1,4,0,1,0
1466.46,124,5,1,0,1,0,1,0
7962.62,273,2,1,0,3,0,1,0
11995.64,60,5,3,0,1,0,1,0
2352.7,62,5,2,0,2,1,1,0
1174.3,268,3,3,0,3,0,1,0
425.79,24,6,2,0,1,0,1,0
2710.12,311,6,2,0,1,1,1,0
1353.28,176,7,2,1,3,0,1,0
1878.14,139,7,0,0,2,0,1,0
6184.41,46,2,3,1,1,0,1,0
480.86,277,6,0,0,1,0,0,0
435.15,294,4,0,0,2,0,1,0
865.73,118,1,1,1,1,1,1,0
2492.9,88,10,0,0,1,1,1,0
1910.02,50,4,0,0,3,0,1,0
447.78,252,5,1,0,3,1,1,0
2336.84,183,10,1,0,2,0,1,0
329.9,41,4,1,1,1,0,1,0
474.5,284,8,1,0,3,0,1,0
977.05,384,6,2,0,4,0,1,0
630.54,10,5,2,1,1,0,1,0
2670.07,266,5,3,0,1,1,1,1
1460.27,344,5,0,0,0,0,1,0
6409.66,858,8,1,0,3,0,1,0
856.47,48,6,1,0,1,0,1,0
970.49,83,1,2,0,4,1,1,0
3678.95,609,5,1,0,2,0,1,0
1001.32,17,6,1,0,4,0,1,0
4885.39,133,5,0,0,0,0,1,0
1883.39,127,4,2,0,4,0,1,0
104.29,167,9,1,0,3,0,1,0
3560.19,72,7,0,0,4,0,1,0
2731.83,468,3,1,0,2,0,1,0
2839.36,56,2,0,0,2,0,1,0
162.23,188,9,1,0,1,0,1,0
565.1,123,5,1,0,3,1,1,0
608.68,55,6,0,0,1,0,1,0
472.9,37,2,2,0,2,0,1,0
6259.92,564,5,0,1,1,0,0,0
1083.8,148,4,0,0,0,0,1,0
1057.26,166,8,2,0,5,0,0,0
1904.56,274,8,2,0,3,0,1,0
1937.79,15,5,0,1,4,0,1,0
39.06,225,5,3,1,5,1,0,1
574.58,32,7,1,0,4,0,1,0
266.99,242,6,0,1,1,0,0,0
1636.49,27,3,1,1,1,0,1,0
821.48,321,3,2,0,2,0,1,0
1113.64,205,3,1,0,3,0,1,0
137.21,87,1,1,0,1,0,1,0
804.44,80,8,0,0,3,1,1,0
3344.69,29,4,1,0,3,0,1,0
4489.29,421,6,0,0,2,1,1,0
2250.4,22,5,2,0,0,0,1,0
288.45,114,1,1,1,2,0,0,1
3863.78,48,1,2,0,2,0,1,0
2261.99,1009,3,0,0,0,0,1,0
975.36,158,5,2,0,0,0,1,0
144.74,29,3,0,0,3,0,1,0
2845.79,198,5,0,0,5,0,1,0
606.58,860,8,1,1,0,0,1,0
1550.24,167,5,1,0,1,1,1,0
1174.26,110,4,0,0,4,1,1,0
5107.14,62,6,0,1,3,0,0,0
967.42,17,4,0,0,4,0,1,0
1080.18,46,4,1,0,3,0,1,0
5316.74,145,4,0,0,3,0,1,0
567.8,252,2,1,0,0,0,1,0
2475.81,378,5,0,0,1,1,1,0
899.09,284,2,2,0,4,0,1,0
402.4,24,4,0,0,4,0,1,0
1097.91,267,5,0,0,1,0,1,0
2190.11,156,4,1,0,0,0,0,0
4245.9,113,3,3,0,2,0,0,0
4791.96,153,5,0,0,1,0,0,0
816.67,1,6,0,0,2,0,1,0
408.61,12,7,0,0,1,0,0,0
797.32,134,1,2,1,3,0,0,0
336.46,34,1,2,0,3,0,0,0
882.37,141,6,1,0,1,1,1,0
779.25,78,5,2,0,2,1,1,0
2269.9,428,3,1,0,2,0,1,0
120.79,538,4,0,0,0,0,1,0
526.57,702,6,1,1,1,0,1,0
530.85,412,8,1,0,1,0,1,0
3594.38,766,8,0,0,3,0,1,0
360.02,220,2,1,0,2,1,1,0
1375.62,581,4,1,0,3,0,1,0
964.75,184,5,1,0,2,1,1,0
3112.07,298,5,2,0,3,0,0,0
1989.88,25,4,1,1,2,0,1,0
1237.99,206,2,1,0,3,0,1,0
629.76,481,5,0,1,4,1,1,0
172.03,139,6,0,0,3,0,1,0
1404.01,37,2,0,0,3,0,1,0
1864.02,134,4,0,0,2,0,1,0
227.04,220,2,0,0,1,0,1,0
319.36,264,7,1,1,1,0,1,0
1411.39,133,7,2,0,0,0,1,0
1539.39,44,4,1,1,3,1,1,1
407.22,470,5,0,0,4,0,1,0
617.66,267,10,1,0,1,0,1,0
174.78,56,6,0,1,2,0,1,0
4347.1,300,3,2,1,0,0,1,0
298.9,76,7,0,0,2,0,1,0
1886.09,67,8,1,0,3,0,1,0
1058.96,357,5,1,0,3,1,1,0
3982.22,371,6,1,0,3,0,1,0
496.58,91,8,1,0,2,0,1,0
1165.9,1,8,2,0,1,0,1,0
200.65,37,3,2,0,2,0,1,0
157.82,432,6,1,1,4,0,1,0
1990.88,412,5,1,1,2,1,1,0
184.01,108,6,0,1,2,0,1,0
872.87,65,7,1,0,5,0,1,0
3014.82,64,5,0,0,4,0,1,0
2313.89,409,6,2,0,1,0,1,0
564.2,70,1,3,0,3,0,1,0
223.97,128,6,0,0,3,0,1,0
1825.29,236,5,0,0,3,0,1,0
4197.55,42,2,0,0,3,1,1,0
565.53,52,4,2,0,4,0,1,0
491.12,79,7,1,0,2,0,0,0
648.78,191,7,0,0,1,0,1,0
1942.26,306,5,1,0,2,0,1,0
3746.28,142,7,0,0,3,0,1,0
317.47,25,2,1,0,2,1,1,0
245.11,106,5,1,0,1,0,1,0
11384.37,24,3,1,0,3,0,1,0
918.44,16,1,0,1,0,0,1,1
1412.18,160,8,2,0,3,1,1,0
548.98,563,8,0,1,1,0,1,0
1789.98,327,4,1,0,1,0,1,0
2864.25,268,7,0,0,4,1,0,1
1480.0,233,2,1,0,3,0,1,0
6253.26,409,3,0,1,3,0,1,0
790.97,251,7,0,0,3,0,1,0
843.13,177,7,1,0,1,0,1,0
1382.16,81,9,2,0,2,0,1,0
1745.79,19,7,0,1,1,0,1,0
1377.39,111,6,0,0,3,0,1,0
303.56,465,3,0,0,3,0,1,0
1498.94,157,10,1,0,4,1,1,0
754.33,36,6,0,1,0,0,1,0
613.4,188,6,0,0,1,0,1,0
1132.84,112,6,0,0,2,0,0,0
419.25,482,8,1,0,1,0,1,0
352.34,31,4,1,0,3,0,1,0
80.2,224,1,0,0,0,0,1,0
6293.28,206,8,2,0,0,0,1,0
1911.67,739,7,1,1,2,0,1,0
975.78,149,6,2,0,2,0,1,0
562.72,369,4,2,1,0,0,1,0
61.8,4,5,2,0,3,1,0,0
529.26,23,1,0,1,1,1,1,0
2243.67,76,2,1,0,1,1,1,0
2813.47,173,8,2,0,1,0,1,0
2084.52,107,13,3,1,1,0,1,0
1284.84,40,3,1,0,1,0,1,0
4039.49,160,3,1,1,7,0,1,0
789.55,150,2,1,0,2,0,1,0
3246.03,133,5,0,0,2,0,0,0
746.52,17,8,2,0,3,1,1,0
454.35,471,9,1,1,4,0,1,1
401.13,161,4,2,0,2,0,0,0
378.23,55,4,1,1,0,1,0,1
2119.78,209,10,2,0,3,0,1,0
521.78,68,7,0,1,2,1,1,0
390.32,126,3,1,0,0,0,1,0
2238.89,75,2,0,0,4,0,1,0
1522.29,382,3,1,0,2,0,1,0
2871.51,920,3,1,0,3,0,0,0
1830.97,31,8,1,0,2,0,1,0
516.4,4,6,1,0,4,1,1,0
1183.35,44,6,1,0,2,0,1,0
1242.81,160,6,2,0,2,1,1,0
437.4,34,8,0,0,3,0,1,0
363.35,300,3,0,1,0,1,1,0
555.17,94,4,0,0,0,0,0,0
8405.0,169,2,3,1,0,0,1,0
725.79,109,4,1,0,1,0,1,0
3762.6,420,5,2,0,5,0,1,0
686.32,6,8,0,0,2,1,1,0
2667.34,235,6,0,0,1,0,1,0
2704.01,190,3,5,0,3,1,1,0
2842.93,188,3,1,0,2,1,1,0
1616.19,96,5,2,0,4,0,1,0
4347.54,2,4,0,0,1,0,1,0
1600.95,210,6,1,0,0,0,1,0
6084.68,318,5,0,1,2,0,1,0
217.04,16,5,0,0,0,0,1,0
